source_record_id,source_pointer,source_dimensions_json,edition_dimension_caption,edition_dimension_components_json,dimension_comparison_status,dimension_source_locator,source_form,edition_form_caption,edition_counting_unit_json,quantity_collation_status,certified_object_identity,source_metadata_license,source_attribution
HT 15,/documents/77,"[5.1,6.9,0.9]","5,10 × 6,90 × 0,90 cm","[{""literal"":""5,10"",""scalar"":""5.10"",""bracketed"":false,""fragment_expression"":false},{""literal"":""6,90"",""scalar"":""6.90"",""bracketed"":false,""fragment_expression"":false},{""literal"":""0,90"",""scalar"":""0.90"",""bracketed"":false,""fragment_expression"":false}]",NUMERIC_COMPONENTS_MATCH_SOURCE_ORDER,"GORILA 1, printed p. 30, viewer 66: Target entry dimension caption (https://cefael.efa.gr/detail.php?site_id=1&actionID=page&serie_id=EtCret&volume_number=21&issue_number=1&sp=66)",Tablet,,null,PRINTED_AMOUNT_COMPONENTS_COLLATED,false,CC BY-NC-SA 4.0,"Ester Salgarella and Simon Castellan, SigLA, via Ryan Pavlicek/pyaegean sigla-corpus-v4"
HT 17,/documents/91,"[4.6,5.6,0.7]","4,60 × 5,60 × 0,70 cm","[{""literal"":""4,60"",""scalar"":""4.60"",""bracketed"":false,""fragment_expression"":false},{""literal"":""5,60"",""scalar"":""5.60"",""bracketed"":false,""fragment_expression"":false},{""literal"":""0,70"",""scalar"":""0.70"",""bracketed"":false,""fragment_expression"":false}]",NUMERIC_COMPONENTS_MATCH_SOURCE_ORDER,"GORILA 1, printed p. 34, viewer 70: Target entry dimension caption (https://cefael.efa.gr/detail.php?site_id=1&actionID=page&serie_id=EtCret&volume_number=21&issue_number=1&sp=70)",Tablet,,null,PRINTED_AMOUNT_COMPONENTS_COLLATED,false,CC BY-NC-SA 4.0,"Ester Salgarella and Simon Castellan, SigLA, via Ryan Pavlicek/pyaegean sigla-corpus-v4"
HT 34,/documents/116,"[5.0,7.6,0.9]","5,00 × 7,60 × 0,90 cm","[{""literal"":""5,00"",""scalar"":""5.00"",""bracketed"":false,""fragment_expression"":false},{""literal"":""7,60"",""scalar"":""7.60"",""bracketed"":false,""fragment_expression"":false},{""literal"":""0,90"",""scalar"":""0.90"",""bracketed"":false,""fragment_expression"":false}]",NUMERIC_COMPONENTS_MATCH_SOURCE_ORDER,"GORILA 1, printed p. 64, viewer 100: Target entry dimension caption (https://cefael.efa.gr/detail.php?site_id=1&actionID=page&serie_id=EtCret&volume_number=21&issue_number=1&sp=100)",Tablet,,null,PRINTED_AMOUNT_COMPONENTS_COLLATED,false,CC BY-NC-SA 4.0,"Ester Salgarella and Simon Castellan, SigLA, via Ryan Pavlicek/pyaegean sigla-corpus-v4"
HT 49a,/documents/136,"[5.5,9.2,0.7]","5,50 × [3,00]+[6,20] × 0,70 cm","[{""literal"":""5,50"",""scalar"":""5.50"",""bracketed"":false,""fragment_expression"":false},{""literal"":""[3,00]+[6,20]"",""scalar"":null,""bracketed"":true,""fragment_expression"":true},{""literal"":""0,70"",""scalar"":""0.70"",""bracketed"":false,""fragment_expression"":false}]",SOURCE_SCALAR_VS_EDITION_FRAGMENT_EXPRESSION_UNRESOLVED,"GORILA 1, printed p. 92, viewer 128: Target entry dimension caption (https://cefael.efa.gr/detail.php?site_id=1&actionID=page&serie_id=EtCret&volume_number=21&issue_number=1&sp=128)",Tablet,,null,PRINTED_AMOUNT_COMPONENTS_COLLATED,false,CC BY-NC-SA 4.0,"Ester Salgarella and Simon Castellan, SigLA, via Ryan Pavlicek/pyaegean sigla-corpus-v4"
KH 74,/documents/466,"[3.6,3.6,1.2]","[3,60] × [3,60] × 1,20 cm","[{""literal"":""[3,60]"",""scalar"":""3.60"",""bracketed"":true,""fragment_expression"":false},{""literal"":""[3,60]"",""scalar"":""3.60"",""bracketed"":true,""fragment_expression"":false},{""literal"":""1,20"",""scalar"":""1.20"",""bracketed"":false,""fragment_expression"":false}]",NUMERIC_COMPONENTS_MATCH_BRACKETS_RETAINED,"GORILA 3, printed p. 92, viewer 116: Upper entry caption (https://cefael.efa.gr/detail.php?site_id=1&actionID=page&serie_id=EtCret&volume_number=21&issue_number=3&sp=116)",Tablet,,null,NO_NORMALIZED_AMOUNT_IN_CONSULTED_TARGET_PRESENTATION,false,CC BY-NC-SA 4.0,"Ester Salgarella and Simon Castellan, SigLA, via Ryan Pavlicek/pyaegean sigla-corpus-v4"
KH 8,/documents/475,"[7.7,6.8,1.3]","[7,70] × [6,80] × 1,30 cm","[{""literal"":""[7,70]"",""scalar"":""7.70"",""bracketed"":true,""fragment_expression"":false},{""literal"":""[6,80]"",""scalar"":""6.80"",""bracketed"":true,""fragment_expression"":false},{""literal"":""1,30"",""scalar"":""1.30"",""bracketed"":false,""fragment_expression"":false}]",NUMERIC_COMPONENTS_MATCH_BRACKETS_RETAINED,"GORILA 3, printed p. 32, viewer 56: Dimension caption (https://cefael.efa.gr/detail.php?site_id=1&actionID=page&serie_id=EtCret&volume_number=21&issue_number=3&sp=56)",Tablet,,null,PRINTED_AMOUNT_COMPONENTS_COLLATED,false,CC BY-NC-SA 4.0,"Ester Salgarella and Simon Castellan, SigLA, via Ryan Pavlicek/pyaegean sigla-corpus-v4"
MA 10b,/documents/651,"[8.5,2.5,2.8]","[8,50] × 2,50 × 2,80 cm","[{""literal"":""[8,50]"",""scalar"":""8.50"",""bracketed"":true,""fragment_expression"":false},{""literal"":""2,50"",""scalar"":""2.50"",""bracketed"":false,""fragment_expression"":false},{""literal"":""2,80"",""scalar"":""2.80"",""bracketed"":false,""fragment_expression"":false}]",NUMERIC_COMPONENTS_MATCH_BRACKETS_RETAINED,"GORILA 5, printed p. 51, viewer 103: Bottom parent-object caption (https://cefael.efa.gr/detail.php?site_id=1&actionID=page&serie_id=EtCret&volume_number=21&issue_number=5&sp=103)",Tablet,Barre à quatre faces,"{""entry_unit"":""face b"",""parent_edition_heading"":""MA 10"",""caption_form"":""four-faced bar"",""published_face_labels"":[""a"",""b"",""c"",""d""],""physical_identity_certified"":false}",FACSIMILE_NUMERALS_NOT_NORMALIZED_OR_ADJUDICATED,false,CC BY-NC-SA 4.0,"Ester Salgarella and Simon Castellan, SigLA, via Ryan Pavlicek/pyaegean sigla-corpus-v4"
KN Zc 6,/documents/644,null,,null,NO_PRIMARY_DIMENSION_CAPTION_COLLATED,,Cup,,null,NO_NORMALIZED_AMOUNT_IN_CONSULTED_TARGET_PRESENTATION,false,CC BY-NC-SA 4.0,"Ester Salgarella and Simon Castellan, SigLA, via Ryan Pavlicek/pyaegean sigla-corpus-v4"
ARKH 2,/documents/2,"[4.9,7.5,0.7]","4,90 × 7,50 × 0,70 cm","[{""literal"":""4,90"",""scalar"":""4.90"",""bracketed"":false,""fragment_expression"":false},{""literal"":""7,50"",""scalar"":""7.50"",""bracketed"":false,""fragment_expression"":false},{""literal"":""0,70"",""scalar"":""0.70"",""bracketed"":false,""fragment_expression"":false}]",NUMERIC_COMPONENTS_MATCH_SOURCE_ORDER,"GORILA 3, printed p. 6, viewer 30: Target entry dimension caption (https://cefael.efa.gr/detail.php?site_id=1&actionID=page&serie_id=EtCret&volume_number=21&issue_number=3&sp=30)",Tablet,,null,PRINTED_AMOUNT_COMPONENTS_COLLATED,false,CC BY-NC-SA 4.0,"Ester Salgarella and Simon Castellan, SigLA, via Ryan Pavlicek/pyaegean sigla-corpus-v4"
KN Zb 40,/documents/642,null,,null,NO_PRIMARY_DIMENSION_CAPTION_COLLATED,,Pithoid jar,,null,FACSIMILE_NUMERALS_NOT_NORMALIZED_OR_ADJUDICATED,false,CC BY-NC-SA 4.0,"Ester Salgarella and Simon Castellan, SigLA, via Ryan Pavlicek/pyaegean sigla-corpus-v4"
