left,right,observed,null_mean,null_sd,z,empirical_p_upper,bh_q,confident_only_count
AB081,AB002,37,6.416,2.2616,13.523,0.001996,0.008982,37
AB031,AB076,18,1.976,1.2615,12.7022,0.001996,0.008982,18
A310,AB028,5,0.214,0.4607,10.3895,0.001996,0.008982,5
A306,AB069,5,0.246,0.4706,10.1015,0.001996,0.008982,5
AB016,A310,4,0.18,0.3894,9.811,0.001996,0.008982,4
AB056,AB055,8,0.658,0.7727,9.502,0.001996,0.008982,8
A707,A704,26,6.178,2.1067,9.4089,0.001996,0.008982,26
AB081,AB056,13,1.734,1.3142,8.5722,0.001996,0.008982,13
AB059,AB006,16,3.23,1.6214,7.8757,0.001996,0.008982,16
AB067,AB002,17,3.436,1.743,7.7822,0.001996,0.008982,17
AB041,AB118,6,0.57,0.7079,7.6707,0.001996,0.008982,6
AB008,AB051,16,3.576,1.6493,7.5328,0.001996,0.008982,17
AB017,AB009,6,0.616,0.7325,7.3503,0.001996,0.008982,6
AB007,AB006,13,2.482,1.4511,7.2483,0.001996,0.008982,13
AB056,AB030,6,0.626,0.7551,7.1173,0.001996,0.008982,6
AB076,AB120,8,0.972,1.0135,6.9343,0.001996,0.008982,8
AB046,AB007,4,0.292,0.5355,6.9247,0.001996,0.008982,4
AB016,AB016,4,0.304,0.5618,6.5792,0.001996,0.008982,4
A325,AB017,4,0.37,0.5702,6.3665,0.001996,0.008982,4
AB073,AB055,7,1.056,0.9596,6.1941,0.001996,0.008982,7
AB021,AB118,4,0.39,0.5915,6.1029,0.001996,0.008982,4
AB001,AB027,12,2.674,1.5543,6.0003,0.001996,0.008982,12
AB027,AB017,9,1.784,1.2399,5.8198,0.001996,0.008982,9
AB120,AB302,6,1.072,0.9049,5.446,0.001996,0.008982,6
AB055,AB080,7,1.254,1.0552,5.4453,0.001996,0.008982,7
AB003,AB057,10,2.466,1.4046,5.3639,0.001996,0.008982,10
AB076,A303,5,0.764,0.7927,5.3441,0.001996,0.008982,5
AB026,AB080,9,1.91,1.3319,5.3233,0.001996,0.008982,9
AB016,AB118,5,0.782,0.8065,5.2299,0.001996,0.008982,5
AB039,AB059,7,1.384,1.1138,5.0422,0.001996,0.008982,7
AB031,AB026,7,1.352,1.1279,5.0077,0.001996,0.008982,7
AB030,AB131,7,1.42,1.1609,4.8068,0.001996,0.008982,7
AB008,AB009,7,1.544,1.1524,4.7344,0.001996,0.008982,7
AB037,AB001,6,1.208,1.0415,4.601,0.001996,0.008982,6
AB073,AB006,10,3.188,1.5128,4.5028,0.001996,0.008982,10
AB077,AB026,7,1.956,1.1252,4.4828,0.001996,0.008982,7
AB081,AB030,9,2.346,1.4988,4.4397,0.001996,0.008982,9
A303,A707,6,1.45,1.0749,4.2328,0.001996,0.008982,6
AB069,AB024,5,1.042,0.9697,4.0819,0.001996,0.008982,5
AB081,AB003,12,4.57,1.842,4.0336,0.001996,0.008982,12
AB073,AB001,7,1.882,1.2822,3.9915,0.001996,0.008982,7
A306,A303,4,0.856,0.8217,3.826,0.001996,0.008982,4
AB008,AB053,8,2.746,1.4743,3.5638,0.001996,0.008982,8
A309,AB053,5,1.574,0.9739,3.5177,0.001996,0.008982,0
AB010,AB045,4,0.472,0.6732,5.2405,0.003992,0.014637,4
AB001,AB013,4,0.58,0.7346,4.6558,0.003992,0.014637,4
AB030,AB058,4,0.638,0.7609,4.4185,0.003992,0.014637,4
A704,A705,5,1.096,0.9853,3.9623,0.003992,0.014637,5
AB067,AB060,7,2.048,1.2624,3.9226,0.003992,0.014637,7
AB051,AB027,6,1.628,1.1737,3.7249,0.003992,0.014637,6
AB031,AB024,4,0.846,0.8616,3.6608,0.003992,0.014637,4
AB030,A703,5,1.35,1.0097,3.6149,0.003992,0.014637,5
AB008,AB041,7,2.174,1.3681,3.5275,0.003992,0.014637,7
A703,A703,7,2.602,1.3129,3.3499,0.003992,0.014637,7
AB078,AB076,4,0.52,0.7167,4.8559,0.005988,0.019437,4
AB021,AB053,4,0.838,0.8098,3.9047,0.005988,0.019437,4
A303,AB030,8,2.652,1.3736,3.8933,0.005988,0.019437,8
AB065,AB081,6,1.692,1.1769,3.6604,0.005988,0.019437,6
AB004,AB131,4,0.85,0.8919,3.5318,0.005988,0.019437,4
AB009,AB057,5,1.342,1.0359,3.5313,0.005988,0.019437,5
AB006,AB010,7,2.454,1.4324,3.1736,0.005988,0.019437,7
A618,A622,4,0.942,0.8892,3.4391,0.007984,0.022911,2
AB120,A304,6,1.784,1.2318,3.4226,0.007984,0.022911,6
AB057,AB027,6,1.81,1.2466,3.3613,0.007984,0.022911,6
AB031,AB060,7,2.24,1.4486,3.286,0.007984,0.022911,7
AB006,AB041,6,1.922,1.2822,3.1806,0.007984,0.022911,6
AB003,AB060,6,1.974,1.3089,3.0758,0.007984,0.022911,6
AB080,AB077,6,1.966,1.3224,3.0504,0.007984,0.022911,6
AB002,A707,7,2.656,1.4865,2.9223,0.007984,0.022911,7
AB004,AB120,5,1.182,1.0064,3.7937,0.00998,0.026703,5
AB007,AB045,4,0.824,0.895,3.5486,0.00998,0.026703,4
AB008,AB060,8,3.044,1.6143,3.07,0.00998,0.026703,8
AB026,AB081,8,3.07,1.6153,3.0521,0.00998,0.026703,8
AB058,AB067,6,2.116,1.2925,3.005,0.00998,0.026703,5
AB021,AB069,5,1.552,1.1503,2.9974,0.011976,0.030796,5
AB045,AB008,4,1.136,0.9927,2.885,0.011976,0.030796,4
AB059,AB028,8,3.47,1.6617,2.7262,0.011976,0.030796,8
AB080,AB007,7,2.576,1.4072,3.1438,0.013972,0.034154,7
AB006,AB069,5,1.472,1.1598,3.0418,0.013972,0.034154,5
A304,A707,4,1.196,0.9453,2.9663,0.013972,0.034154,4
AB037,A707,4,1.256,1.0151,2.7031,0.013972,0.034154,4
AB053,AB006,5,1.64,1.1977,2.8055,0.015968,0.038557,5
AB031,AB080,6,1.93,1.2981,3.1353,0.017964,0.041359,6
A626,AB030,4,1.322,0.9789,2.7356,0.017964,0.041359,4
AB027,AB059,8,3.624,1.6464,2.6579,0.017964,0.041359,8
AB003,AB059,7,3.144,1.5948,2.4179,0.017964,0.041359,7
AB079,AB030,4,1.16,1.0092,2.8142,0.01996,0.045426,4
AB058,AB080,4,1.176,1.0085,2.8003,0.021956,0.047773,4
AB031,AB002,5,1.84,1.2403,2.5477,0.021956,0.047773,5
AB077,AB003,7,2.864,1.629,2.539,0.021956,0.047773,7
AB080,AB027,6,2.386,1.43,2.5272,0.021956,0.047773,6
AB081,AB079,4,1.098,1.018,2.8506,0.023952,0.049401,4
AB027,AB007,6,2.118,1.4325,2.7099,0.023952,0.049401,6
AB004,AB069,4,1.26,1.0375,2.641,0.023952,0.049401,4
AB065,A309,4,1.498,0.9767,2.5616,0.023952,0.049401,0
AB030,AB059,6,2.424,1.4326,2.4962,0.023952,0.049401,6
AB003,AB009,5,1.812,1.1969,2.6635,0.025948,0.051377,5
AB131,A707,5,1.804,1.2023,2.6582,0.025948,0.051377,5
AB007,AB060,6,2.334,1.4263,2.5702,0.025948,0.051377,6
AB028,AB009,5,1.878,1.2646,2.4688,0.025948,0.051377,5
AB028,AB055,4,1.074,1.0298,2.8413,0.027944,0.052197,4
AB057,AB031,5,1.736,1.2109,2.6955,0.027944,0.052197,5
AB120,A707,5,1.812,1.1869,2.6861,0.027944,0.052197,5
AB060,AB008,7,3.044,1.5969,2.4773,0.027944,0.052197,7
A704,AB067,4,1.436,1.0516,2.4381,0.027944,0.052197,4
AB028,AB076,8,4.338,1.5439,2.3719,0.027944,0.052197,8
A707,AB003,5,1.88,1.2608,2.4746,0.02994,0.055403,5
AB077,AB081,7,3.242,1.6222,2.3166,0.031936,0.05855,7
AB053,AB004,4,1.15,1.0313,2.7636,0.033932,0.061078,4
AB041,AB001,5,2.076,1.2483,2.3424,0.033932,0.061078,5
AB131,AB008,4,1.338,1.0638,2.5023,0.035928,0.064088,4
AB081,AB009,4,1.3,1.1162,2.4188,0.037924,0.067044,4
AB030,AB073,4,1.234,1.0804,2.5602,0.03992,0.068732,4
AB007,AB001,4,1.392,1.0781,2.419,0.03992,0.068732,4
AB060,AB024,4,1.512,1.0667,2.3324,0.03992,0.068732,4
AB028,AB051,4,1.394,1.1022,2.3644,0.041916,0.071547,4
AB024,AB073,4,1.594,1.0757,2.2367,0.043912,0.074313,4
AB003,AB001,6,2.842,1.501,2.1039,0.0499,0.083731,6
AB001,AB067,5,2.112,1.4027,2.0589,0.053892,0.089669,5
AB041,AB067,4,1.618,1.1118,2.1425,0.055888,0.091453,4
AB080,AB004,5,2.354,1.2871,2.0557,0.055888,0.091453,5
AB027,AB081,7,3.702,1.7138,1.9244,0.057884,0.093943,6
AB056,AB006,4,1.552,1.203,2.0349,0.061876,0.099606,4
AB067,AB027,6,2.768,1.6205,1.9944,0.063872,0.10199,6
AB008,AB026,5,2.036,1.4095,2.1029,0.065868,0.104335,5
AB051,AB030,4,1.596,1.1835,2.0312,0.067864,0.106644,4
AB031,AB053,4,1.578,1.1866,2.0412,0.071856,0.112028,4
AB067,AB053,5,2.244,1.4452,1.9071,0.073852,0.11424,6
AB041,AB004,4,1.624,1.1741,2.0236,0.077844,0.117658,4
AB028,AB037,5,2.336,1.4667,1.8164,0.077844,0.117658,5
AB030,AB004,4,1.782,1.2274,1.8071,0.077844,0.117658,4
AB027,AB041,4,1.666,1.2143,1.9221,0.07984,0.11976,4
AB003,AB053,4,1.614,1.2414,1.9221,0.083832,0.12205,4
AB024,AB008,4,1.75,1.2015,1.8727,0.083832,0.12205,4
AB001,AB028,5,2.46,1.4382,1.7661,0.083832,0.12205,5
AB080,AB037,5,2.546,1.4408,1.7032,0.083832,0.12205,5
AB053,AB001,5,2.472,1.3861,1.8238,0.085828,0.124044,4
A704,AB081,4,1.778,1.2299,1.8066,0.08982,0.128873,4
AB001,AB002,4,1.812,1.284,1.704,0.097804,0.139318,4
AB007,AB067,5,2.39,1.4567,1.7918,0.103792,0.146792,5
AB026,AB057,4,1.84,1.2257,1.7622,0.105788,0.147508,4
AB024,AB081,4,1.798,1.3028,1.6903,0.105788,0.147508,4
AB057,AB081,4,1.896,1.2904,1.6305,0.107784,0.14924,4
AB006,AB003,4,1.902,1.2714,1.6502,0.111776,0.152633,4
AB031,AB031,4,1.922,1.2775,1.6267,0.111776,0.152633,4
AB053,AB057,4,1.942,1.266,1.6257,0.113772,0.153245,4
AB077,AB028,5,2.758,1.4599,1.5357,0.113772,0.153245,5
AB080,AB053,4,1.97,1.3119,1.5474,0.11976,0.16022,4
AB041,AB057,5,2.784,1.4756,1.5018,0.127745,0.169754,5
AB006,AB037,5,2.668,1.5039,1.5506,0.131737,0.172741,5
AB001,AB060,4,2.07,1.3073,1.4763,0.131737,0.172741,4
AB001,AB077,6,3.862,1.4652,1.4591,0.133733,0.174204,6
AB001,AB041,4,2.008,1.3341,1.4931,0.139721,0.180815,4
AB008,AB077,5,2.896,1.4578,1.4433,0.143713,0.184773,5
AB037,AB057,5,2.878,1.5163,1.3995,0.147705,0.188681,5
AB081,AB027,6,3.86,1.6262,1.316,0.149701,0.188905,5
AB081,AB073,5,2.802,1.5358,1.4311,0.151697,0.188905,5
AB060,AB027,4,2.114,1.3642,1.3825,0.151697,0.188905,4
AB008,AB003,5,2.844,1.6099,1.3392,0.151697,0.188905,5
AB067,AB001,4,2.134,1.3957,1.3369,0.153693,0.190195,4
AB041,AB069,4,2.19,1.2625,1.4337,0.155689,0.190286,4
AB067,AB031,4,2.042,1.3972,1.4013,0.155689,0.190286,4
A707,AB030,5,3.038,1.5558,1.2611,0.165669,0.201242,5
AB037,AB037,5,3.186,1.4965,1.2122,0.179641,0.216883,5
AB031,AB027,4,2.46,1.3537,1.1377,0.201597,0.241916,4
AB080,AB028,4,2.41,1.4331,1.1094,0.203593,0.24284,4
AB028,AB057,4,2.38,1.4845,1.0913,0.209581,0.248485,4
AB030,AB077,4,2.414,1.3441,1.18,0.211577,0.249358,4
AB001,AB053,4,2.39,1.4608,1.1021,0.213573,0.250221,4
AB004,AB059,4,2.392,1.4678,1.0955,0.215569,0.251074,4
AB006,AB001,4,2.464,1.448,1.0608,0.225549,0.261162,4
AB008,AB059,6,4.086,1.9023,1.0062,0.227545,0.261941,6
AB026,AB007,4,2.474,1.4287,1.0681,0.235529,0.269565,4
AB001,AB059,4,2.538,1.6052,0.9108,0.259481,0.293077,4
AB001,AB081,6,4.328,1.9699,0.8488,0.259481,0.293077,6
AB027,AB008,5,3.39,1.7407,0.9249,0.261477,0.293077,5
AB028,AB077,4,2.67,1.4591,0.9115,0.263473,0.293077,4
AB041,AB077,6,4.51,1.6905,0.8814,0.263473,0.293077,6
AB080,AB059,5,3.586,1.6765,0.8434,0.275449,0.304687,5
AB008,AB073,5,3.704,1.6262,0.797,0.279441,0.307385,5
AB028,AB006,4,2.754,1.419,0.8781,0.281437,0.30787,4
AB059,AB059,4,2.712,1.4917,0.8635,0.291417,0.317036,4
AB059,AB027,5,3.566,1.7949,0.7989,0.299401,0.322182,5
AB007,AB007,5,3.798,1.5117,0.7951,0.299401,0.322182,4
AB059,AB060,4,2.694,1.518,0.8603,0.315369,0.33753,4
AB037,AB081,4,2.908,1.523,0.717,0.329341,0.350589,4
AB008,AB001,4,2.936,1.5824,0.6724,0.333333,0.352941,4
AB077,AB006,4,3.018,1.5677,0.6264,0.369261,0.388903,4
AB067,AB008,4,3.102,1.5059,0.5963,0.37525,0.393119,3
AB028,AB081,4,3.142,1.6291,0.5267,0.379242,0.39521,4
AB008,AB080,4,3.14,1.6014,0.537,0.389222,0.403486,4
AB059,AB077,4,3.294,1.6636,0.4244,0.40519,0.417852,4
AB008,AB057,4,3.296,1.615,0.4359,0.441118,0.452546,4
AB028,AB059,4,3.486,1.6858,0.3049,0.457086,0.46651,4
AB008,AB027,4,3.614,1.7564,0.2198,0.508982,0.516813,3
AB008,AB006,4,4.144,1.8252,-0.0789,0.618762,0.621903,3
AB006,AB008,4,4.28,1.884,-0.1486,0.618762,0.621903,4
AB077,AB077,4,4.486,1.7117,-0.2839,0.718563,0.718563,4
