sign_id,weighted_out,weighted_in,out_degree,in_degree,total_weight
AB081,140,134,37,63,274
AB008,132,88,43,47,220
AB059,103,101,43,40,204
A707,93,109,42,58,202
AB030,93,102,51,47,195
AB006,95,99,49,34,194
AB001,100,91,38,43,191
AB028,101,84,45,41,185
AB067,94,91,41,51,185
AB027,87,92,43,36,179
AB077,88,88,41,43,176
AB031,90,85,37,48,175
AB003,89,86,39,43,175
AB080,84,84,39,45,168
AB041,89,76,44,39,165
AB007,82,83,41,43,165
AB057,85,80,47,35,165
AB060,78,77,43,32,155
AB004,80,74,45,38,154
AB002,69,85,43,21,154
AB037,74,75,32,39,149
AB053,70,73,36,28,143
AB026,67,65,39,32,132
AB051,65,66,43,31,131
AB073,61,69,29,41,130
A704,52,68,33,30,120
AB069,55,57,37,29,112
AB120,50,52,27,30,102
AB131,43,49,31,30,92
AB009,42,48,30,24,90
AB024,42,43,25,23,85
AB055,42,40,27,21,82
AB058,43,39,23,28,82
AB010,42,38,26,22,80
A303,38,39,21,25,77
AB056,38,39,21,24,77
AB076,32,42,18,14,74
AB039,34,36,25,27,70
AB065,33,32,22,23,65
AB017,32,32,23,14,64
AB021,33,30,16,21,63
AB078,32,31,19,22,63
AB016,31,26,15,21,57
AB045,27,28,19,16,55
AB100,25,27,18,22,52
AB079,25,25,18,18,50
AB118,22,23,18,11,45
A703,20,23,11,12,43
A304,20,23,15,15,43
AB122,20,23,15,20,43
AB038,19,23,17,17,42
A610,20,21,13,14,41
A702,19,20,16,16,39
A708,16,22,12,19,38
A622,19,19,16,11,38
AB054,21,17,16,15,38
AB050,20,18,17,14,38
AB040,19,19,13,17,38
AB013,19,18,17,13,37
A618,18,18,11,16,36
A306,16,17,9,16,33
A574,14,18,12,14,32
A305,16,15,16,14,31
A706,16,15,15,14,31
A709,15,15,15,12,30
A705,14,16,10,12,30
A624,15,15,14,12,30
A301,14,15,12,13,29
AB005,14,14,11,12,28
A701,14,14,13,13,28
AB023,13,14,11,11,27
A626,15,12,11,10,27
AB066,13,13,11,10,26
AB302,11,15,8,9,26
A308,12,12,10,7,24
AB070,11,11,11,11,22
A608,10,12,7,10,22
A309,11,11,7,7,22
AB061,10,11,9,11,21
AB188,12,7,10,7,19
AB044,9,10,8,9,19
A310,9,9,5,5,18
A550,8,9,7,9,17
AB034,9,7,7,5,16
A510,7,8,6,7,15
A312,7,8,6,8,15
AB022,7,8,7,8,15
AB047,8,6,6,6,14
A615,7,7,5,7,14
AB029,7,7,7,5,14
A516,8,6,7,6,14
AB123,7,7,7,5,14
AB086,6,7,6,6,13
AB046,8,5,5,4,13
A508,6,6,5,5,12
A579,5,6,5,6,11
AB011,6,5,5,5,11
A651,3,7,2,7,10
A629,6,4,6,4,10
A612,5,5,4,5,10
A578,4,5,3,5,9
A323,4,4,4,3,8
A571,4,4,2,4,8
A307,5,3,5,3,8
AB049,4,4,4,2,8
A318,4,4,3,4,8
A613,4,4,3,4,8
A319,3,5,2,4,8
A402,4,4,4,4,8
A325,4,4,1,2,8
A314,4,3,4,3,7
A568,4,3,4,3,7
A517,3,4,3,4,7
A316,4,3,4,3,7
A317,4,3,4,3,7
A512,3,3,3,2,6
A711,3,3,3,2,6
A509,3,3,2,3,6
A321,3,3,3,3,6
AB180,2,4,2,4,6
A638,3,3,3,3,6
A561,3,3,3,3,6
A614,4,2,4,2,6
A584,3,3,2,2,6
A529,4,2,4,2,6
A653,3,3,3,3,6
A324,3,3,1,3,6
A326,3,2,3,2,5
A658,3,2,2,2,5
A621,2,3,2,3,5
A587,2,3,2,3,5
A320,3,2,3,2,5
A582,2,3,1,3,5
AB085,3,2,3,2,5
A327,3,2,3,2,5
A559,2,2,2,2,4
A580,2,2,2,2,4
A513,2,2,2,2,4
AB074,2,2,2,2,4
A597,2,2,1,2,4
A545,2,2,2,2,4
A526,2,2,2,2,4
A652,1,3,1,3,4
AB164,2,2,1,1,4
A611,2,2,1,2,4
A569,2,2,2,2,4
A552,2,2,2,2,4
AB087,2,2,2,2,4
A523,2,2,2,2,4
A602,2,2,2,2,4
AB082,3,1,2,1,4
A335,1,3,1,3,4
A570,2,2,2,2,4
A594,1,2,1,2,3
A339,1,2,1,2,3
A352,2,1,2,1,3
A329,1,2,1,2,3
A331,1,2,1,2,3
A609,1,2,1,1,3
A599,1,2,1,2,3
A598,1,1,1,1,2
A514,1,1,1,1,2
A518,1,1,1,1,2
A717,1,1,1,1,2
A617,1,1,1,1,2
A593,1,1,1,1,2
A345,1,1,1,1,2
AB048,1,1,1,1,2
A592,1,1,1,1,2
A563,1,1,1,1,2
A601,1,1,1,1,2
A547,1,1,1,1,2
A549,1,1,1,1,2
A632,1,1,1,1,2
A576,1,1,1,1,2
A336,1,1,1,1,2
A322,1,1,1,1,2
A333,2,0,1,0,2
A650,1,1,1,1,2
A315,1,1,1,1,2
A583,1,1,1,1,2
A358,1,1,1,1,2
A591,1,1,1,1,2
A363,1,1,1,1,2
A506,1,1,1,1,2
A564,1,1,1,1,2
A567,1,1,1,1,2
AB171,1,1,1,1,2
A507,1,1,1,1,2
A565,1,1,1,1,2
A586,1,1,1,1,2
A647,1,1,1,1,2
A354,1,1,1,1,2
A539,1,1,1,1,2
A531,1,1,1,1,2
A557,1,1,1,1,2
A620,1,1,1,1,2
A558,1,1,1,1,2
A542,1,1,1,1,2
A538,1,1,1,1,2
A540,1,1,1,1,2
A346,1,1,1,1,2
A543,1,1,1,1,2
A349,1,1,1,1,2
A361,1,1,1,1,2
A410,1,1,1,1,2
A649,2,0,2,0,2
A347,1,1,1,1,2
A502,1,1,1,1,2
A654,1,1,1,1,2
A596,1,1,1,1,2
A1001,1,1,1,1,2
A364,1,1,1,1,2
A555,1,1,1,1,2
A646,1,1,1,1,2
A718,1,1,1,1,2
A657,1,1,1,1,2
A535,1,1,1,1,2
A628,1,1,1,1,2
AB072,1,1,1,1,2
A589,1,1,1,1,2
A623,1,1,1,1,2
A590,1,1,1,1,2
A1000,1,1,1,1,2
A616,1,1,1,1,2
A515,1,1,1,1,2
A656,2,0,2,0,2
A416,1,1,1,1,2
A554,1,1,1,1,2
A503,1,1,1,1,2
A525,1,1,1,1,2
A328,2,0,2,0,2
A548,2,0,2,0,2
A343,1,1,1,1,2
A546,1,1,1,1,2
A572,1,1,1,1,2
A505,1,1,1,1,2
A340,1,1,1,1,2
A334,1,1,1,1,2
A655,1,1,1,1,2
A511,1,1,1,1,2
A342,1,1,1,1,2
A634,1,1,1,1,2
A633,1,1,1,1,2
A659,0,2,0,1,2
A639,1,1,1,1,2
A344,1,1,1,1,2
A684,1,1,1,1,2
A619,1,1,1,1,2
AB020,1,1,1,1,2
A524,1,1,1,1,2
A534,0,2,0,2,2
A577,1,1,1,1,2
A603,1,1,1,1,2
A530,1,1,1,1,2
A350,1,1,1,1,2
A521,1,1,1,1,2
A362,1,1,1,1,2
A415,1,1,1,1,2
A406,1,1,1,1,2
A660,1,1,1,1,2
A604,1,1,1,1,2
A532,1,1,1,1,2
A648,1,1,1,1,2
A710,0,1,0,1,1
A504,0,1,0,1,1
A355,1,0,1,0,1
A519,0,1,0,1,1
A412,1,0,1,0,1
A635,1,0,1,0,1
A332,0,1,0,1,1
A353,0,1,0,1,1
A533,0,1,0,1,1
A536,0,1,0,1,1
A551,1,0,1,0,1
A417,1,0,1,0,1
A575,1,0,1,0,1
A541,0,1,0,1,1
A527,0,1,0,1,1
N800,1,0,1,0,1
AB130,0,1,0,1,1
A562,1,0,1,0,1
A642,0,1,0,1,1
A661,0,1,0,1,1
A627,0,1,0,1,1
A662,1,0,1,0,1
A643,0,1,0,1,1
A713,0,1,0,1,1
A641,1,0,1,0,1
A573,0,1,0,1,1
A600,0,1,0,1,1
A605,0,1,0,1,1
A560,0,1,0,1,1
A644,1,0,1,0,1
A636,0,1,0,1,1
A556,1,0,1,0,1
A418,0,1,0,1,1
A537,0,1,0,1,1
A403,1,0,1,0,1
A357,1,0,1,0,1
A585,1,0,1,0,1
