n,motif,observed,null_mean,null_sd,z,p,q,confident_count,documents,sites,site_list
4,AB067 AB027 AB059 AB006,4,0.003333,0.057639,69.33996,0.003322,0.003406,4,4,1,HT
3,A324 AB007 AB060,3,0.003333,0.057639,51.990512,0.003322,0.003406,3,3,1,HT
4,AB001 AB027 AB081 AB002,3,0.003333,0.057639,51.990512,0.003322,0.003406,3,3,1,HT
4,AB051 AB027 AB017 AB009,3,0.003333,0.057639,51.990512,0.003322,0.003406,3,3,1,ZA
4,AB028 AB055 AB080 AB027,3,0.003333,0.057639,51.990512,0.003322,0.003406,3,3,1,ZA
3,AB081 AB056 AB055,8,0.04,0.195959,40.620705,0.003322,0.003406,8,7,2,HT;PH
3,AB016 A310 AB028,4,0.01,0.099499,40.101009,0.003322,0.003406,4,4,1,HT
3,AB059 AB028 AB123,3,0.006667,0.081377,36.783513,0.003322,0.003406,3,3,1,HT
4,AB031 AB076 AB120 AB302,3,0.006667,0.081377,36.783513,0.003322,0.003406,3,3,1,HT
4,AB055 AB080 AB027 AB041,3,0.006667,0.081377,36.783513,0.003322,0.003406,3,3,1,ZA
4,AB030 A703 A703 AB131,2,0.003333,0.057639,34.641064,0.003322,0.003406,2,2,1,HT
4,A703 A703 AB131 A707,2,0.003333,0.057639,34.641064,0.003322,0.003406,2,2,1,HT
4,AB120 AB302 AB030 AB131,2,0.003333,0.057639,34.641064,0.003322,0.003406,2,2,1,HT
4,AB302 AB030 AB131 AB023,2,0.003333,0.057639,34.641064,0.003322,0.003406,2,2,1,HT
4,AB003 AB060 AB024 AB008,2,0.003333,0.057639,34.641064,0.003322,0.003406,2,2,1,HT
4,AB010 AB073 AB006 AB041,2,0.003333,0.057639,34.641064,0.003322,0.003406,2,2,1,HT
4,AB081 AB056 AB055 AB003,2,0.003333,0.057639,34.641064,0.003322,0.003406,2,2,1,HT
4,AB011 AB005 AB081 AB002,2,0.003333,0.057639,34.641064,0.003322,0.003406,2,2,1,HT
4,A704 AB067 AB002 A711,2,0.003333,0.057639,34.641064,0.003322,0.003406,2,1,1,HT
4,AB028 AB016 AB118 AB120,2,0.003333,0.057639,34.641064,0.003322,0.003406,2,2,1,HT
4,AB120 A622 A608 A304,2,0.003333,0.057639,34.641064,0.003322,0.003406,2,1,1,HT
4,AB060 AB164 AB037 AB004,2,0.003333,0.057639,34.641064,0.003322,0.003406,2,2,1,HT
4,AB004 AB131 AB031 AB002,2,0.003333,0.057639,34.641064,0.003322,0.003406,2,2,1,HT
4,AB031 AB076 AB120 AB030,2,0.003333,0.057639,34.641064,0.003322,0.003406,2,2,1,HT
4,AB008 AB053 AB030 AB059,2,0.003333,0.057639,34.641064,0.003322,0.003406,2,2,2,HT;ZA
4,AB008 AB077 AB026 AB081,2,0.003333,0.057639,34.641064,0.003322,0.003406,2,2,1,HT
4,AB026 AB081 AB030 AB058,2,0.003333,0.057639,34.641064,0.003322,0.003406,2,2,1,HT
4,AB030 AB058 A584 AB031,2,0.003333,0.057639,34.641064,0.003322,0.003406,2,2,1,HT
4,AB058 A584 AB031 AB026,2,0.003333,0.057639,34.641064,0.003322,0.003406,2,2,1,HT
4,AB041 AB079 AB038 AB028,2,0.003333,0.057639,34.641064,0.003322,0.003406,2,2,1,ZA
5,AB122 A308 A704 AB067 AB002,2,0.003333,0.057639,34.641064,0.003322,0.003406,2,1,1,HT
5,A308 A704 AB067 AB002 A711,2,0.003333,0.057639,34.641064,0.003322,0.003406,2,1,1,HT
5,AB077 A610 AB077 A610 AB077,2,0.003333,0.057639,34.641064,0.003322,0.003406,2,1,1,HT
3,AB078 AB076 AB010,3,0.01,0.099499,30.050631,0.003322,0.003406,3,3,1,HT
3,AB016 AB016 AB026,3,0.01,0.099499,30.050631,0.003322,0.003406,3,3,1,HT
4,AB001 AB081 AB009 AB024,3,0.01,0.099499,30.050631,0.003322,0.003406,3,2,1,HT
3,AB031 AB076 AB120,7,0.06,0.237487,29.222672,0.003322,0.003406,7,7,1,HT
3,AB007 AB006 AB010,5,0.033333,0.179505,27.668605,0.003322,0.003406,5,4,1,HT
3,AB003 AB060 AB024,4,0.023333,0.15096,26.342538,0.003322,0.003406,4,4,1,HT
3,AB010 A325 AB017,3,0.013333,0.114698,26.039471,0.003322,0.003406,3,2,1,HT
4,A584 AB031 AB026 AB007,2,0.006667,0.081377,24.495034,0.003322,0.003406,2,2,1,HT
4,AB045 AB026 AB078 AB076,2,0.006667,0.081377,24.495034,0.003322,0.003406,2,2,1,HT
4,AB047 AB078 AB045 AB073,2,0.006667,0.081377,24.495034,0.003322,0.003406,2,2,1,MA
4,AB080 AB077 AB028 AB059,2,0.006667,0.081377,24.495034,0.003322,0.003406,2,2,2,PK;ZA
4,AB027 AB041 AB039 AB067,2,0.006667,0.081377,24.495034,0.003322,0.003406,2,2,1,ZA
5,AB047 AB078 AB045 AB073 AB055,2,0.006667,0.081377,24.495034,0.003322,0.003406,2,2,1,MA
3,AB073 AB055 AB004,3,0.016667,0.128019,23.303815,0.003322,0.003406,3,3,1,HT
3,AB081 AB030 AB058,4,0.03,0.170587,23.272552,0.003322,0.003406,4,4,1,HT
3,AB001 AB041 AB118,4,0.03,0.170587,23.272552,0.003322,0.003406,4,4,1,HT
3,AB010 AB034 AB041,3,0.02,0.14,21.285714,0.003322,0.003406,3,2,1,HT
4,A308 A704 AB067 AB002,3,0.02,0.14,21.285714,0.003322,0.003406,3,1,1,HT
3,AB051 AB027 AB017,4,0.036667,0.187942,21.088058,0.003322,0.003406,4,4,2,KH;ZA
4,AB122 A308 A704 AB067,2,0.01,0.099499,20.000253,0.003322,0.003406,2,1,1,HT
4,AB067 AB002 A707 A704,2,0.01,0.099499,20.000253,0.003322,0.003406,2,1,1,HT
4,AB164 AB037 AB004 AB131,2,0.01,0.099499,20.000253,0.003322,0.003406,2,2,1,HT
4,AB078 AB045 AB073 AB055,2,0.01,0.099499,20.000253,0.003322,0.003406,2,2,1,MA
3,AB003 AB057 AB027,4,0.043333,0.203606,19.432921,0.003322,0.003406,4,4,2,HT;ZA
3,AB067 AB027 AB059,4,0.06,0.237487,16.590393,0.003322,0.003406,4,4,1,HT
3,AB053 AB030 AB059,3,0.033333,0.179505,16.526885,0.003322,0.003406,3,3,3,HT;PH;ZA
3,AB056 AB030 AB006,3,0.036667,0.187942,15.76727,0.003322,0.003406,3,2,1,HT
3,AB055 AB080 AB027,3,0.036667,0.187942,15.76727,0.003322,0.003406,3,3,1,ZA
3,AB028 AB055 AB080,4,0.056667,0.258435,15.258484,0.003322,0.003406,4,4,1,ZA
3,AB076 AB120 AB302,3,0.04,0.195959,15.105187,0.003322,0.003406,3,3,1,HT
3,AB026 AB080 AB059,3,0.04,0.195959,15.105187,0.003322,0.003406,3,3,2,HT;ZA
3,AB031 AB076 A303,5,0.113333,0.327346,14.928129,0.003322,0.003406,5,5,1,HT
3,AB080 AB027 AB041,3,0.043333,0.203606,14.521484,0.003322,0.003406,3,3,1,ZA
4,AB002 AB031 AB076 A303,2,0.02,0.14,14.142857,0.003322,0.003406,2,2,1,HT
3,AB027 AB059 AB006,4,0.08,0.294845,13.29514,0.003322,0.003406,4,4,1,HT
3,AB001 AB053 AB001,4,0.09,0.297602,13.138374,0.003322,0.003406,4,4,1,HT
3,AB026 AB081 AB030,3,0.053333,0.224697,13.113937,0.003322,0.003406,3,3,1,HT
3,AB027 AB017 AB009,3,0.053333,0.224697,13.113937,0.003322,0.003406,3,3,1,ZA
4,AB006 AB021 AB024 AB073,2,0.023333,0.15096,13.093986,0.003322,0.003406,2,2,1,HT
4,AB041 AB031 AB076 A303,2,0.023333,0.15096,13.093986,0.003322,0.003406,2,2,1,HT
3,AB027 AB081 AB002,5,0.133333,0.385861,12.612479,0.003322,0.003406,4,5,1,HT
3,AB007 AB045 AB026,3,0.06,0.237487,12.379633,0.003322,0.003406,3,3,1,HT
3,A707 A704 AB001,3,0.063333,0.243562,12.057186,0.003322,0.003406,3,3,1,HT
3,AB059 AB006 AB037,4,0.12,0.324962,11.939875,0.003322,0.003406,4,4,1,HT
3,A703 AB131 A707,3,0.066667,0.249444,11.759495,0.003322,0.003406,3,2,1,HT
3,AB041 AB031 AB076,3,0.07,0.255147,11.483575,0.003322,0.003406,3,3,1,HT
3,AB001 AB078 AB060,3,0.063333,0.256883,11.431922,0.003322,0.003406,3,3,1,HT
3,AB008 AB077 AB026,3,0.063333,0.256883,11.431922,0.003322,0.003406,3,3,1,HT
3,AB081 AB009 AB024,3,0.076667,0.266062,10.987422,0.003322,0.003406,3,2,1,HT
4,A610 AB077 A610 AB077,2,0.033333,0.179505,10.956025,0.003322,0.003406,2,1,1,HT
3,A308 A704 AB067,3,0.08,0.271293,10.763263,0.003322,0.003406,3,1,1,HT
4,AB080 AB037 AB037 A319,2,0.036667,0.187942,10.446481,0.003322,0.003406,2,2,1,HT
3,AB021 AB069 AB024,3,0.086667,0.292954,9.944668,0.003322,0.003406,3,3,1,HT
3,AB001 AB081 AB009,3,0.09,0.297602,9.778176,0.003322,0.003406,3,2,1,HT
3,AB001 AB027 AB081,4,0.156667,0.398483,9.644906,0.003322,0.003406,4,4,2,HT;ZA
3,AB080 AB077 AB028,3,0.093333,0.302141,9.620248,0.003322,0.003406,3,3,2,PK;ZA
3,AB081 AB002 A707,4,0.16,0.409553,9.376085,0.003322,0.003406,4,4,1,HT
3,A704 AB067 AB002,3,0.106667,0.308689,9.372972,0.003322,0.003406,3,1,1,HT
3,A303 A707 A704,4,0.22,0.430039,8.789905,0.003322,0.003406,4,4,2,HT;KH
3,AB081 AB002 AB031,3,0.11,0.333517,8.665235,0.003322,0.003406,3,3,1,HT
3,AB081 AB073 AB006,4,0.343333,0.558679,6.545202,0.003322,0.003406,4,3,2,HT;ZA
3,AB002 A707 A704,3,0.196667,0.429716,6.523694,0.003322,0.003406,3,2,1,HT
3,AB077 A610 AB077,3,0.236667,0.440442,6.274005,0.003322,0.003406,3,1,1,HT
3,AB077 AB081 AB003,3,0.426667,0.598294,4.301119,0.003322,0.003406,3,3,1,HT
5,AB028 AB055 AB080 AB027 AB041,3,0.0,0.0,,0.003322,0.003406,3,3,1,ZA
4,AB081 AB002 AB031 AB076,2,0.0,0.0,,0.003322,0.003406,2,2,1,HT
4,AB076 AB120 AB302 AB030,2,0.0,0.0,,0.003322,0.003406,2,2,1,HT
4,AB080 AB077 AB053 AB004,2,0.0,0.0,,0.003322,0.003406,2,2,1,HT
4,AB081 AB056 AB055 AB069,2,0.0,0.0,,0.003322,0.003406,2,2,1,HT
4,AB081 AB056 AB006 AB069,2,0.0,0.0,,0.003322,0.003406,2,2,1,HT
4,AB017 AB001 AB041 AB118,2,0.0,0.0,,0.003322,0.003406,2,2,1,HT
4,AB030 AB001 AB041 AB118,2,0.0,0.0,,0.003322,0.003406,2,2,1,HT
4,A622 A608 A304 AB122,2,0.0,0.0,,0.003322,0.003406,2,1,1,HT
4,AB037 AB004 AB131 AB031,2,0.0,0.0,,0.003322,0.003406,2,2,1,HT
4,AB081 AB002 A303 A707,2,0.0,0.0,,0.003322,0.003406,2,2,1,HT
4,AB002 A303 A707 A704,2,0.0,0.0,,0.003322,0.003406,2,2,1,HT
4,AB008 AB041 AB057 AB077,2,0.0,0.0,,0.003322,0.003406,2,2,1,HT
4,AB054 AB051 AB030 AB073,2,0.0,0.0,,0.003322,0.003406,2,2,1,HT
4,AB077 AB026 AB081 AB030,2,0.0,0.0,,0.003322,0.003406,2,2,1,HT
4,AB081 AB030 AB058 A584,2,0.0,0.0,,0.003322,0.003406,2,2,1,HT
4,AB031 AB026 AB007 AB045,2,0.0,0.0,,0.003322,0.003406,2,2,1,HT
4,AB031 AB076 A303 AB030,2,0.0,0.0,,0.003322,0.003406,2,2,1,HT
4,AB007 AB045 AB026 AB078,2,0.0,0.0,,0.003322,0.003406,2,2,1,HT
4,AB026 AB078 AB076 AB010,2,0.0,0.0,,0.003322,0.003406,2,2,1,HT
4,AB008 AB003 AB060 AB024,2,0.0,0.0,,0.003322,0.003406,2,2,1,HT
4,AB037 AB057 AB031 AB031,2,0.0,0.0,,0.003322,0.003406,2,2,2,KN;PS
4,AB057 AB031 AB031 AB060,2,0.0,0.0,,0.003322,0.003406,2,2,2,KN;PS
4,AB001 AB028 AB039 AB059,2,0.0,0.0,,0.003322,0.003406,2,2,1,ZA
4,AB078 AB041 AB079 AB038,2,0.0,0.0,,0.003322,0.003406,2,2,1,ZA
4,AB080 AB027 AB041 AB039,2,0.0,0.0,,0.003322,0.003406,2,2,1,ZA
5,AB081 AB002 AB031 AB076 A303,2,0.0,0.0,,0.003322,0.003406,2,2,1,HT
5,AB030 A703 A703 AB131 A707,2,0.0,0.0,,0.003322,0.003406,2,2,1,HT
5,AB031 AB076 AB120 AB302 AB030,2,0.0,0.0,,0.003322,0.003406,2,2,1,HT
5,AB076 AB120 AB302 AB030 AB131,2,0.0,0.0,,0.003322,0.003406,2,2,1,HT
5,AB120 AB302 AB030 AB131 AB023,2,0.0,0.0,,0.003322,0.003406,2,2,1,HT
5,AB120 A622 A608 A304 AB122,2,0.0,0.0,,0.003322,0.003406,2,1,1,HT
5,AB060 AB164 AB037 AB004 AB131,2,0.0,0.0,,0.003322,0.003406,2,2,1,HT
5,AB164 AB037 AB004 AB131 AB031,2,0.0,0.0,,0.003322,0.003406,2,2,1,HT
5,AB037 AB004 AB131 AB031 AB002,2,0.0,0.0,,0.003322,0.003406,2,2,1,HT
5,AB081 AB002 A303 A707 A704,2,0.0,0.0,,0.003322,0.003406,2,2,1,HT
5,AB008 AB077 AB026 AB081 AB030,2,0.0,0.0,,0.003322,0.003406,2,2,1,HT
5,AB077 AB026 AB081 AB030 AB058,2,0.0,0.0,,0.003322,0.003406,2,2,1,HT
5,AB026 AB081 AB030 AB058 A584,2,0.0,0.0,,0.003322,0.003406,2,2,1,HT
5,AB081 AB030 AB058 A584 AB031,2,0.0,0.0,,0.003322,0.003406,2,2,1,HT
5,AB030 AB058 A584 AB031 AB026,2,0.0,0.0,,0.003322,0.003406,2,2,1,HT
5,AB058 A584 AB031 AB026 AB007,2,0.0,0.0,,0.003322,0.003406,2,2,1,HT
5,A584 AB031 AB026 AB007 AB045,2,0.0,0.0,,0.003322,0.003406,2,2,1,HT
5,AB007 AB045 AB026 AB078 AB076,2,0.0,0.0,,0.003322,0.003406,2,2,1,HT
5,AB045 AB026 AB078 AB076 AB010,2,0.0,0.0,,0.003322,0.003406,2,2,1,HT
5,AB037 AB057 AB031 AB031 AB060,2,0.0,0.0,,0.003322,0.003406,2,2,2,KN;PS
5,AB078 AB041 AB079 AB038 AB028,2,0.0,0.0,,0.003322,0.003406,2,2,1,ZA
5,AB055 AB080 AB027 AB041 AB039,2,0.0,0.0,,0.003322,0.003406,2,2,1,ZA
5,AB080 AB027 AB041 AB039 AB067,2,0.0,0.0,,0.003322,0.003406,2,2,1,ZA
6,AB031 AB076 AB120 AB302 AB030 AB131,2,0.0,0.0,,0.003322,0.003406,2,2,1,HT
6,AB076 AB120 AB302 AB030 AB131 AB023,2,0.0,0.0,,0.003322,0.003406,2,2,1,HT
6,AB060 AB164 AB037 AB004 AB131 AB031,2,0.0,0.0,,0.003322,0.003406,2,2,1,HT
6,AB164 AB037 AB004 AB131 AB031 AB002,2,0.0,0.0,,0.003322,0.003406,2,2,1,HT
6,AB008 AB077 AB026 AB081 AB030 AB058,2,0.0,0.0,,0.003322,0.003406,2,2,1,HT
6,AB077 AB026 AB081 AB030 AB058 A584,2,0.0,0.0,,0.003322,0.003406,2,2,1,HT
6,AB026 AB081 AB030 AB058 A584 AB031,2,0.0,0.0,,0.003322,0.003406,2,2,1,HT
6,AB081 AB030 AB058 A584 AB031 AB026,2,0.0,0.0,,0.003322,0.003406,2,2,1,HT
6,AB030 AB058 A584 AB031 AB026 AB007,2,0.0,0.0,,0.003322,0.003406,2,2,1,HT
6,AB058 A584 AB031 AB026 AB007 AB045,2,0.0,0.0,,0.003322,0.003406,2,2,1,HT
6,AB007 AB045 AB026 AB078 AB076 AB010,2,0.0,0.0,,0.003322,0.003406,2,2,1,HT
6,AB028 AB055 AB080 AB027 AB041 AB039,2,0.0,0.0,,0.003322,0.003406,2,2,1,ZA
6,AB055 AB080 AB027 AB041 AB039 AB067,2,0.0,0.0,,0.003322,0.003406,2,2,1,ZA
4,AB077 A610 AB077 A610,2,0.033333,0.197203,9.97282,0.006645,0.006645,2,1,1,HT
4,A309 AB053 AB065 A309,2,0.063333,0.256883,7.539099,0.006645,0.006645,0,1,1,TY
3,AB030 A703 A703,3,0.18,0.40939,6.888301,0.006645,0.006645,3,3,1,HT
3,AB003 AB009 AB057,3,0.38,0.561783,4.663723,0.006645,0.006645,3,3,1,HT
