sign_id,position,token_z,type_dedup_z,type_dedup_bh_q,loo_document_min_z,loo_document_positive_fraction,loo_heuristic_group_min_z,loo_heuristic_group_positive_fraction,dominant_word_type_removed,dominant_word_type_count,dominant_type_removed_z,strict_robust
A309,initial,4.642438885539598,4.319378819291084,0.003139717425431711,0,0.9977827050997783,0,0.95,A309,3,4.642438885539598,False
AB001,initial,3.2021092187661897,1.3289925563028449,0.12454212454212454,2.8499038283634763,1.0,-0.9871416371161917,0.95,AB001 AB027,6,2.6441565084169616,False
AB002,final,7.285822932030194,2.1325001698545165,0.042799305957200696,6.806593961904082,1.0,1.0392304845413263,0.95,AB081 AB002,34,4.582846428757804,False
AB003,initial,2.7155122108807372,2.691481991263258,0.01611721611721612,2.4735959167528416,1.0,0.3601807530109269,0.95,AB003,4,2.7155122108807372,False
AB004,final,3.287834806716681,3.606862458449179,0.003139717425431711,2.892999286338857,1.0,2.4519856933007436,1.0,AB004,6,3.287834806716681,True
AB006,final,4.3157969039310125,3.943177177523253,0.003139717425431711,3.930478440360238,1.0,2.109263470202207,1.0,AB006,7,4.3157969039310125,True
AB008,initial,14.069731043127232,12.544058557705252,0.003139717425431711,13.66520997355311,1.0,11.763033417391568,1.0,AB008,14,14.069731043127232,True
AB009,final,4.422216179330326,3.7111483700067893,0.003996003996003996,4.019235003094047,1.0,1.822843532052319,0.95,AB009,4,4.422216179330326,False
AB010,initial,3.763721064405667,3.7000681257369576,0.003139717425431711,3.243572872018525,1.0,2.3932498098297526,1.0,AB010,5,3.763721064405668,True
AB016,initial,4.816566623934508,4.214216651673643,0.003139717425431711,4.546652580684056,1.0,2.42535625036333,1.0,AB016 A310 AB028,4,4.028986170032226,True
AB017,final,3.66527526346789,2.9846738693455275,0.006762468300929839,3.1197039361092185,1.0,1.7999864891744506,0.95,AB010 A325 AB017,3,3.043810198498813,False
AB024,final,5.368998183401988,4.398189826135237,0.003139717425431711,4.920664278625262,1.0,2.3745169959876127,1.0,AB024,5,5.368998183401988,True
AB027,final,4.496227360125459,3.960252471914766,0.003996003996003996,4.062922393209255,1.0,2.849176131171253,1.0,AB027,8,4.4962273601254585,True
AB028,initial,3.3900872877847523,2.924701339582696,0.005494505494505495,2.960536738418112,1.0,2.498642239983516,1.0,AB028 AB076,8,2.6346950789190102,True
AB031,initial,4.192925299360773,1.4500705658948374,0.10329670329670329,3.971511508797143,1.0,-0.9687485904001707,0.95,AB031 AB076,17,2.5151878511546135,False
AB037,final,4.048703871431964,3.245137023153206,0.003996003996003996,3.543660492274811,1.0,2.725726726529937,1.0,AB059 AB006 AB037,4,3.463654374594268,True
AB060,final,2.822064361952166,2.0619876267341217,0.02808302808302808,2.527987884250341,1.0,0.9855333904917255,0.95,AB060,7,2.822064361952166,False
AB065,final,3.2294084091995376,2.5991318897816664,0.01785714285714286,2.460487115808652,1.0,2.460487115808652,1.0,AB008 AB065,2,2.9547707624338706,True
AB066,final,3.4540740661650604,3.0958231861102177,0.003996003996003996,3.0008357244500083,1.0,0.7302967433402213,0.95,AB067 AB053 AB066,2,2.870179267659939,False
AB076,final,4.0967607052233435,0.7173721025382422,0.3206793206793207,3.8791617007706303,1.0,0.24253562503633308,0.95,AB031 AB076,17,1.8653990468043602,False
AB081,initial,7.364129685525238,3.0832591986140643,0.007849293563579277,7.044345032391322,1.0,2.073322757568226,1.0,AB081 AB002,34,4.986009645431951,True
AB118,final,3.756095378904921,2.410992871411768,0.025856496444731737,3.3971214597720136,1.0,3.089959666307465,1.0,AB001 AB041 AB118,4,2.7427327587043973,True
