sequence,count,documents,sites,types,periods,site_groups_heuristic,document_types,period_categories
AB041,13,11,6,3,4,HT;KH;KN;PH;PK;ZA,Nodule;Sherd;Tablet,(blank);LM I;LM IB;MM IIIB
AB057,7,6,5,3,4,HT;KH;KN;PH;ZA,Libation Table;Pithos;Tablet,LM IA?;LM IB;MM III;MM IIIB
AB002,10,10,5,2,3,GO;HT;KH;THE;ZA,Nodule;Tablet,LM I general;LM IA;LM IB
AB006,7,7,5,2,4,ARKH;HT;KH;KN;PH,Libation Table;Tablet,LM I;LM IA;LM IB;MM IIIB
AB008,14,13,5,1,4,ARKH;HT;KH;PH;ZA,Tablet,(blank);LM I;LM IB;MM IIB
AB059,11,11,5,1,3,ARKH;HT;KH;PH;ZA,Tablet,LM I;LM IB;MM IIB
AB077,8,8,4,2,2,GO;HT;KH;MI,Nodule;Tablet,LM I;LM IB
AB027,8,8,4,1,2,ARKH;GO;HT;KH,Tablet,LM I;LM IB
AB067,7,7,4,1,3,ARKH;HT;THE;ZA,Tablet,LM I;LM IA;LM IB
AB026,6,6,4,1,3,HT;KH;MA;PH,Tablet,(blank);LM IB;MM IIIB
AB004,6,6,4,1,4,HT;KN;PH;ZA,Tablet,(blank);LM IA;LM IB;MM IIB
AB081 AB003,5,5,3,2,1,HT;KH;ZA,Nodule;Tablet,LM IB
AB008 AB080,3,3,3,2,3,HS;MA;ZA,Plaque;Tablet,LM IB;MH III-LH I;MM IIIB
AB081 AB002,34,31,3,1,2,HT;PH;ZA,Tablet,(blank);LM IB
AB081,10,10,3,1,2,ARKH;HT;KH,Tablet,LM I;LM IB
AB008 AB051,9,9,3,1,1,HT;KH;TY,Tablet,LM IB
AB060,7,7,3,1,1,HT;KH;ZA,Tablet,LM IB
AB028,7,7,3,1,1,HT;KH;ZA,Tablet,LM IB
AB069,7,7,3,1,2,HT;KH;PH,Tablet,(blank);LM IB
AB024,5,5,3,1,2,HT;KH;PH,Tablet,(blank);LM IB
AB003,4,4,3,1,2,HT;KN;ZA,Tablet,(blank);LM IB
AB086,5,5,2,2,1,HT;KH,Nodule;Tablet,LM IB
AB007,4,4,2,2,2,HT;KN,Pithos;Tablet,LM IB;MM III
AB008 AB065,2,2,2,2,2,ARKH;HT,Graffiti;Tablet,LM I;LM IB
AB061,2,2,2,2,1,HT;KH,Roundel;Tablet,LM IB
AB065,2,2,2,2,2,HT;KN,Sherd;Tablet,(blank);LM IB
AB041 AB069,2,2,2,2,1,HT;ZA,Nodule;Tablet,LM IB
AB003 AB059 AB001,2,2,2,2,2,HT;PH,Pithos;Tablet,(blank);LM IB
AB040,2,2,2,2,2,KH;KN,Pithos;Tablet,LM IB;MM III
AB081 AB056 AB055,8,7,2,1,2,HT;PH,Tablet,(blank);LM IB
AB001 AB027,6,6,2,1,2,HT;KH,Tablet,LM I;LM IB
AB080 AB007,6,5,2,1,2,HT;PH,Tablet,(blank);LM IB
AB078,6,6,2,1,1,HT;KH,Tablet,LM IB
AB010,5,5,2,1,2,ARKH;HT,Tablet,LM I;LM IB
AB031 AB080,4,4,2,1,1,HT;ZA,Tablet,LM IB
AB051,4,4,2,1,1,HT;ZA,Tablet,LM IB
AB037,4,3,2,1,2,HT;MA,Tablet,LM IB;MM IIIB
AB003 AB057 AB027,4,4,2,1,1,HT;ZA,Tablet,LM IB
AB080,4,4,2,1,1,KH;ZA,Tablet,LM IB
AB073,3,3,2,1,1,HT;ZA,Tablet,LM IB
AB027 AB017,3,3,2,1,1,HT;KH,Tablet,LM IB
AB008 AB053,3,2,2,1,2,HT;PH,Tablet,LM IB;MM IIB
AB079,3,3,2,1,1,HT;KH,Tablet,LM IB
AB045,3,3,2,1,1,HT;KH,Tablet,LM IB
AB017,3,3,2,1,1,KH;ZA,Tablet,LM IB
AB021 AB118,3,3,2,1,1,KH;ZA,Tablet,LM IB
AB008 AB060,2,2,2,1,2,ARKH;KH,Tablet,LM I;LM IB
AB008 AB003,2,2,2,1,2,ARKH;KN,Tablet,(blank);LM I
AB056,2,2,2,1,2,ARKH;HT,Tablet,LM I;LM IB
AB053,2,2,2,1,2,ARKH;HT,Tablet,LM I;LM IB
AB041 AB004,2,2,2,1,1,GO;ZA,Tablet,LM IB
AB001,2,2,2,1,1,GO;HT,Tablet,LM IB
AB067 AB060,2,2,2,1,1,HT;ZA,Tablet,LM IB
AB016 AB055 AB080,2,2,2,1,1,HT;KH,Tablet,LM IB
AB001 AB028,2,2,2,1,1,HT;KH,Tablet,LM IB
AB039 AB031,2,2,2,1,1,HT;KH,Tablet,LM IB
AB010 AB049,2,2,2,1,1,HT;ZA,Tablet,LM IB
AB003 AB060,2,2,2,1,2,HT;PH,Tablet,LM IB;MM IIIB
AB066,2,2,2,1,1,HT;KH,Tablet,LM IB
AB050,2,2,2,1,2,HT;MI,Tablet,LM I;LM IB
AB008 AB053 AB030 AB059,2,2,2,1,1,HT;ZA,Tablet,LM IB
AB007 AB006,2,2,2,1,1,HT;KH,Tablet,LM IB
AB055,2,2,2,1,1,HT;KH,Tablet,LM IB
AB055 AB037,2,2,2,1,1,HT;ZA,Tablet,LM IB
AB004 AB053,2,2,2,1,2,HT;PH,Tablet,(blank);LM IB
AB008 AB073,2,2,2,1,2,KH;PH,Tablet,LM I;MM IIB
AB008 AB051 AB017,2,2,2,1,2,KH;PK,Tablet,LM I;LM IB
AB008 AB057,2,2,2,1,2,KH;MA,Tablet,LM IB;MM IIIB
AB080 AB077 AB028 AB059,2,2,2,1,2,PK;ZA,Tablet,LM I;LM IB
AB003 AB009 AB057,3,3,1,2,1,HT,Roundel;Tablet,LM IB
AB003 AB059 AB024,2,2,1,2,1,HT,Nodule;Tablet,LM IB
AB188 AB051,2,2,1,2,1,HT,Nodule;Roundel,LM IB
AB031 AB076,17,17,1,1,1,HT,Tablet,LM IB
AB067 AB002,16,12,1,1,1,HT,Tablet,LM IB
AB028 AB076,8,8,1,1,1,HT,Nodule,LM IB
AB031 AB026,6,6,1,1,1,HT,Tablet,LM IB
AB077 AB003,5,5,1,1,1,HT,Tablet,LM IB
AB007 AB006 AB010,5,4,1,1,1,HT,Tablet,LM IB
AB001 AB077,5,5,1,1,1,HT,Nodule,LM IB
AB041 AB077,5,5,1,1,1,HT,Nodule,LM IB
AB067 AB027 AB059 AB006,4,4,1,1,1,HT,Tablet,LM IB
AB081 AB030 AB058,4,4,1,1,1,HT,Tablet,LM IB
AB001 AB053 AB001,4,4,1,1,1,HT,Tablet,LM IB
AB059 AB006 AB037,4,4,1,1,1,HT,Tablet,LM IB
A306 AB069,4,4,1,1,1,HT,Tablet,LM IB
AB001 AB041 AB118,4,4,1,1,1,HT,Tablet,LM IB
AB016 A310 AB028,4,4,1,1,1,HT,Tablet,LM IB
AB046 AB007,4,4,1,1,1,HT,Tablet,LM IB
AB031 AB002,4,4,1,1,1,HT,Tablet,LM IB
AB009,4,4,1,1,2,KH,Tablet,LM I;LM IB
AB010 A325 AB017,3,2,1,1,1,HT,Tablet,LM IB
AB021 AB069 AB024,3,3,1,1,1,HT,Tablet,LM IB
AB016 AB016 AB026,3,3,1,1,1,HT,Tablet,LM IB
AB001 AB078 AB060,3,3,1,1,1,HT,Tablet,LM IB
AB001 AB013,3,3,1,1,1,HT,Tablet,LM IB
A324 AB007 AB060,3,3,1,1,1,HT,Tablet,LM IB
AB003 AB045,3,3,1,1,1,HT,Tablet,LM IB
AB004 AB069,3,3,1,1,1,HT,Tablet,LM IB
AB008 AB009,3,3,1,1,1,HT,Tablet,LM IB
AB010 AB034 AB041,3,2,1,1,1,HT,Tablet,LM IB
AB077 AB081 AB003,3,3,1,1,1,HT,Tablet,LM IB
AB008 AB077 AB026,3,3,1,1,1,HT,Tablet,LM IB
AB059 AB028 AB123,3,3,1,1,1,HT,Tablet,LM IB
AB056 AB030 AB006,3,2,1,1,1,HT,Tablet,LM IB
AB073 AB055 AB004,3,3,1,1,1,HT,Tablet,LM IB
A309,3,1,1,1,1,TY,Tablet,LM IB
AB051 AB027 AB017 AB009,3,3,1,1,1,ZA,Tablet,LM IB
AB028 AB055 AB080 AB027,3,3,1,1,1,ZA,Tablet,LM IB
AB078 AB076 AB010,2,2,1,1,1,HT,Tablet,LM IB
AB056 AB030,2,2,1,1,1,HT,Tablet,LM IB
AB007 AB053 AB006,2,2,1,1,1,HT,Tablet,LM IB
AB028 AB077,2,2,1,1,1,HT,Tablet,LM IB
AB013 AB017,2,2,1,1,1,HT,Tablet,LM IB
AB067 AB053 AB066,2,2,1,1,1,HT,Tablet,LM IB
AB003 AB060 AB024,2,2,1,1,1,HT,Tablet,LM IB
AB050 AB076,2,2,1,1,1,HT,Tablet,LM IB
AB080 AB077 AB053 AB004,2,2,1,1,1,HT,Tablet,LM IB
AB010 AB073 AB006 AB041,2,2,1,1,1,HT,Tablet,LM IB
AB073 AB069,2,2,1,1,1,HT,Tablet,LM IB
AB067 AB001 AB002,2,2,1,1,1,HT,Tablet,LM IB
AB081 AB027 AB065,2,2,1,1,1,HT,Tablet,LM IB
AB007 AB067 AB009,2,2,1,1,1,HT,Tablet,LM IB
AB081 AB056 AB006 AB069,2,2,1,1,1,HT,Tablet,LM IB
AB100 AB028,2,2,1,1,1,HT,Tablet,LM IB
AB003 AB028 AB005,2,2,1,1,1,HT,Tablet,LM IB
AB004 AB067,2,2,1,1,1,HT,Tablet,LM IB
AB041 AB001 AB027,2,2,1,1,1,HT,Tablet,LM IB
AB011 AB005 AB081 AB002,2,2,1,1,1,HT,Tablet,LM IB
AB050 AB131,2,2,1,1,1,HT,Tablet,LM IB
AB077 AB006,2,2,1,1,1,HT,Tablet,LM IB
AB008 AB006,2,2,1,1,1,HT,Tablet,LM IB
AB039,2,2,1,1,1,HT,Tablet,LM IB
AB081 AB079 AB030,2,2,1,1,1,HT,Tablet,LM IB
AB028 AB016 AB118,2,2,1,1,1,HT,Tablet,LM IB
AB060 AB164 AB037,2,2,1,1,1,HT,Tablet,LM IB
AB003 AB009,2,2,1,1,1,HT,Tablet,LM IB
AB028 AB037,2,2,1,1,1,HT,Tablet,LM IB
AB059 AB037,2,2,1,1,1,HT,Tablet,LM IB
AB008 AB041 AB057 AB077,2,2,1,1,1,HT,Tablet,LM IB
AB057 AB021,2,2,1,1,1,HT,Tablet,LM IB
AB026 AB080 AB059,2,2,1,1,1,HT,Tablet,LM IB
AB023 AB026,2,2,1,1,1,HT,Tablet,LM IB
AB077 AB067,2,1,1,1,1,HT,Tablet,LM IB
AB081 AB027,2,2,1,1,1,HT,Tablet,LM IB
AB079 AB051,2,2,1,1,1,HT,Tablet,LM IB
AB054 AB051 AB030 AB073,2,2,1,1,1,HT,Tablet,LM IB
AB077 AB026,2,2,1,1,1,HT,Tablet,LM IB
AB081 AB030,2,2,1,1,1,HT,Tablet,LM IB
AB007 AB045 AB026,2,2,1,1,1,HT,Tablet,LM IB
AB004 A301,2,2,1,1,1,HT,Tablet,LM IB
AB008 AB003 AB060 AB024,2,2,1,1,1,HT,Tablet,LM IB
AB078 AB050,2,2,1,1,1,HT,Tablet,LM IB
A301,2,2,1,1,1,HT,Nodule,LM IB
AB054 AB007 AB030,2,2,1,1,1,HT,Roundel,LM IB
AB079 AB007 AB060,2,2,1,1,1,HT,Roundel,LM IB
AB046,2,2,1,1,1,KH,Tablet,LM IB
A303,2,2,1,1,1,KH,Tablet,LM IB
AB058,2,2,1,1,1,KH,Tablet,LM IB
A411,2,2,1,1,1,KH,Roundel,LM IB
AB078 AB045 AB073 AB055,2,2,1,1,1,MA,Tablet,MM IIIB
A309 AB053 AB065,2,1,1,1,1,TY,Tablet,LM IB
AB001 AB028 AB039 AB059,2,2,1,1,1,ZA,Tablet,LM IB
AB078 AB041 AB079 AB038,2,2,1,1,1,ZA,Tablet,LM IB
AB077 AB007,2,2,1,1,1,ZA,Tablet,LM IB
AB013,2,2,1,1,1,ZA,Tablet,LM IB
AB028 AB001,2,2,1,1,1,ZA,Tablet,LM IB
AB041 AB039 AB067,2,2,1,1,1,ZA,Tablet,LM IB
AB028 AB009,2,1,1,1,1,ZA,Tablet,LM IB
