sign_id,n,sites,normalized_entropy,top_site,top_site_n,top_site_share
A411,15,1,0,KH,15,1.0
AB188,14,1,0,HT,14,1.0
A608,12,1,0,HT,12,1.0
A309,12,1,0,TY,12,1.0
A606,10,1,0,KH,10,1.0
AB076,43,2,0.27139,HT,41,0.953488
A624,18,2,0.309543,KH,17,0.944444
A707,115,6,0.312681,HT,99,0.86087
A706,16,2,0.33729,HT,15,0.9375
A704,72,6,0.348973,HT,61,0.847222
AB081,177,11,0.383078,HT,139,0.785311
AB002,94,7,0.431051,HT,75,0.797872
A305,19,4,0.439753,HT,16,0.842105
AB026,72,10,0.459326,HT,54,0.75
A301,47,7,0.469051,HT,35,0.744681
AB077,113,13,0.471788,HT,81,0.716814
AB056,41,5,0.483723,HT,32,0.780488
A703,26,4,0.499476,HT,21,0.807692
AB120,57,6,0.507227,HT,42,0.736842
AB031,91,12,0.510004,HT,63,0.692308
AB078,37,6,0.516385,HT,28,0.756757
A705,17,3,0.526414,HT,14,0.823529
AB001,105,10,0.546883,HT,71,0.67619
AB069,63,8,0.548305,HT,43,0.68254
AB007,89,5,0.549262,HT,67,0.752809
AB010,47,8,0.552098,HT,33,0.702128
A618,20,3,0.557858,HT,16,0.8
A626,15,2,0.56651,KH,13,0.866667
AB027,99,11,0.567854,HT,60,0.606061
AB030,114,8,0.569219,HT,69,0.605263
AB016,31,7,0.589941,HT,21,0.677419
A304,25,5,0.590593,HT,18,0.72
A610,21,2,0.591673,HT,18,0.857143
A701,14,2,0.591673,HT,12,0.857143
AB067,103,8,0.595319,HT,68,0.660194
AB051,71,10,0.607985,HT,44,0.619718
AB024,47,7,0.614806,HT,31,0.659574
AB122,23,4,0.618093,HT,16,0.695652
AB041,107,11,0.621319,HT,59,0.551402
AB080,91,11,0.623751,HT,49,0.538462
AB060,88,9,0.62421,HT,53,0.602273
AB059,117,11,0.624667,HT,64,0.547009
A308,13,3,0.625418,HT,10,0.769231
AB004,86,12,0.626042,HT,48,0.55814
AB006,103,10,0.630459,HT,62,0.601942
AB003,95,10,0.632807,HT,54,0.568421
AB100,33,5,0.637502,HT,22,0.666667
AB028,109,12,0.638041,HT,57,0.522936
AB073,73,10,0.638059,HT,39,0.534247
A303,49,3,0.644481,KH,33,0.673469
AB164,12,2,0.650022,KH,10,0.833333
AB058,46,8,0.655495,HT,28,0.608696
AB050,21,7,0.66794,HT,13,0.619048
AB037,81,10,0.66949,HT,46,0.567901
AB079,30,7,0.670811,HT,19,0.633333
AB302,15,5,0.671398,HT,10,0.666667
A708,23,3,0.673588,HT,17,0.73913
AB074,22,3,0.688125,HT,15,0.681818
AB055,45,7,0.69502,HT,26,0.577778
AB053,73,8,0.705255,HT,40,0.547945
AB045,30,6,0.720622,HT,18,0.6
AB009,54,9,0.725644,HT,24,0.444444
AB118,24,6,0.728998,HT,14,0.583333
AB057,94,11,0.736067,HT,41,0.43617
AB066,14,4,0.741916,HT,9,0.642857
A622,19,2,0.742488,HT,15,0.789474
AB013,20,5,0.748843,HT,11,0.55
AB065,35,7,0.753348,HT,17,0.485714
AB008,144,14,0.756683,HT,48,0.333333
AB054,23,8,0.7575,HT,12,0.521739
AB131,57,7,0.762744,HT,27,0.473684
A574,19,4,0.764401,ZA,11,0.578947
AB021,44,7,0.779523,HT,17,0.386364
AB017,35,8,0.791931,HT,11,0.314286
AB040,21,8,0.797849,HT,10,0.47619
AB070,11,4,0.808595,HT,6,0.545455
AB023,18,6,0.811842,HT,9,0.5
A702,22,4,0.834623,HT,12,0.545455
AB046,10,4,0.842738,HT,5,0.5
AB044,10,5,0.844541,HT,5,0.5
AB061,26,5,0.851461,KH,11,0.423077
AB038,26,7,0.856553,ZA,9,0.346154
AB022,11,5,0.863457,HT,4,0.363636
AB039,38,9,0.870336,HT,11,0.289474
A709,19,3,0.904112,HT,10,0.526316
AB005,14,7,0.908159,HT,5,0.357143
AB086,11,2,0.94566,HT,7,0.636364
A516,10,3,0.991159,HT,4,0.4
A306,18,2,1.0,HT,9,0.5
