n,variable_slot_0based,pattern,total,variant_count,normalized_variant_entropy,max_variant_share,documents,sites,site_list,confident_total,confident_variants,variants_json
3,0,* AB081 AB002,34,23,0.958147,0.147059,31,3,HT;PH;ZA,34,24,"{""A570"": 1, ""AB077"": 2, ""AB037"": 1, ""AB059"": 2, ""AB003"": 1, ""AB027"": 5, ""AB080"": 1, ""AB065"": 1, ""AB053"": 1, ""AB001"": 2, ""AB005"": 2, ""A704"": 2, ""A308"": 1, ""A705"": 1, ""AB024"": 1, ""A301"": 1, ""AB041"": 1, ""AB100"": 2, ""AB120"": 1, ""AB026"": 2, ""AB060"": 1, ""AB010"": 1, ""AB131"": 1}"
3,2,AB081 AB002 *,26,17,0.954669,0.153846,25,3,HT;PH;ZA,26,17,"{""AB031"": 3, ""AB008"": 2, ""AB030"": 1, ""AB120"": 1, ""AB067"": 2, ""AB081"": 2, ""AB011"": 1, ""AB122"": 1, ""A706"": 1, ""A307"": 1, ""A707"": 4, ""AB040"": 1, ""A303"": 2, ""A657"": 1, ""AB086"": 1, ""A513"": 1, ""AB131"": 1}"
3,0,* A707 A704,25,17,0.952586,0.16,19,2,HT;KH,25,17,"{""A612"": 1, ""A301"": 2, ""AB002"": 3, ""A312"": 1, ""A304"": 2, ""A613"": 1, ""AB118"": 2, ""A303"": 4, ""A618"": 1, ""AB078"": 1, ""AB059"": 1, ""AB028"": 1, ""A517"": 1, ""AB120"": 1, ""AB037"": 1, ""AB131"": 1, ""AB045"": 1}"
3,2,AB031 AB076 *,17,7,0.800958,0.411765,17,1,HT,17,7,"{""A303"": 5, ""AB120"": 7, ""A308"": 1, ""A653"": 1, ""A552"": 1, ""A307"": 1, ""AB016"": 1}"
3,0,* AB031 AB076,16,13,0.966863,0.1875,16,1,HT,16,13,"{""AB002"": 2, ""A618"": 1, ""AB003"": 1, ""AB066"": 1, ""A623"": 1, ""AB041"": 3, ""A304"": 1, ""A307"": 1, ""A516"": 1, ""AB008"": 1, ""AB006"": 1, ""A704"": 1, ""AB051"": 1}"
3,2,AB008 AB051 *,16,14,0.984936,0.125,15,6,ARKH;HT;KH;PK;TY;ZA,17,15,"{""AB030"": 1, ""AB004"": 1, ""A638"": 1, ""AB001"": 1, ""A568"": 1, ""AB120"": 1, ""AB031"": 2, ""AB017"": 2, ""A303"": 1, ""AB027"": 1, ""A618"": 1, ""AB054"": 1, ""AB081"": 1, ""AB070"": 1}"
3,2,AB059 AB006 *,15,11,0.936635,0.266667,14,6,ARKH;HT;KH;PE;PS;ZA,15,11,"{""AB008"": 1, ""AB100"": 1, ""AB037"": 4, ""A580"": 1, ""A610"": 1, ""A707"": 1, ""AB041"": 1, ""AB080"": 1, ""AB028"": 1, ""AB004"": 2, ""A512"": 1}"
3,0,* AB059 AB006,14,10,0.931107,0.285714,14,5,ARKH;HT;KH;PE;ZA,14,10,"{""AB030"": 1, ""AB027"": 4, ""AB026"": 1, ""AB051"": 1, ""AB057"": 1, ""AB069"": 1, ""AB046"": 1, ""AB067"": 1, ""AB004"": 1, ""AB008"": 2}"
3,2,A707 A704 *,19,15,0.96935,0.157895,14,1,HT,19,15,"{""AB001"": 3, ""AB081"": 1, ""AB037"": 1, ""A304"": 1, ""AB122"": 1, ""A531"": 1, ""A539"": 1, ""A702"": 1, ""A610"": 2, ""AB030"": 2, ""AB041"": 1, ""AB031"": 1, ""AB007"": 1, ""AB002"": 1, ""A306"": 1}"
3,0,* AB081 AB003,12,9,0.953352,0.25,12,4,HT;KH;PE;ZA,12,9,"{""A626"": 1, ""AB004"": 1, ""AB077"": 3, ""AB055"": 1, ""A629"": 1, ""AB066"": 1, ""AB006"": 2, ""A555"": 1, ""AB060"": 1}"
3,0,* AB007 AB006,12,11,0.988109,0.166667,12,3,HT;KH;PH,12,11,"{""A583"": 1, ""AB003"": 1, ""AB040"": 2, ""AB007"": 1, ""AB005"": 1, ""AB027"": 1, ""AB069"": 1, ""AB123"": 1, ""A333"": 1, ""AB028"": 1, ""AB060"": 1}"
3,0,* AB067 AB002,15,12,0.964184,0.2,11,2,ARKH;HT,15,12,"{""AB008"": 1, ""AB010"": 1, ""AB004"": 1, ""A704"": 3, ""A701"": 1, ""A706"": 2, ""AB002"": 1, ""AB188"": 1, ""AB023"": 1, ""AB056"": 1, ""AB027"": 1, ""AB006"": 1}"
3,2,AB081 AB056 *,13,5,0.73234,0.615385,11,2,HT;PH,13,5,"{""AB055"": 8, ""A610"": 1, ""AB006"": 2, ""AB053"": 1, ""AB056"": 1}"
3,2,AB007 AB006 *,12,8,0.872497,0.416667,11,2,HT;PH,12,8,"{""AB002"": 1, ""AB010"": 5, ""A608"": 1, ""AB078"": 1, ""AB037"": 1, ""A707"": 1, ""AB058"": 1, ""A316"": 1}"
3,2,AB001 AB027 *,11,8,0.91072,0.363636,10,4,GO;HT;KH;ZA,11,8,"{""AB009"": 1, ""A707"": 1, ""AB059"": 1, ""AB081"": 4, ""AB041"": 1, ""A324"": 1, ""AB004"": 1, ""AB120"": 1}"
3,0,* AB003 AB057,10,10,1.0,0.1,10,4,HT;KN;PH;ZA,10,10,"{""AB081"": 1, ""AB013"": 1, ""AB059"": 1, ""AB030"": 1, ""AB055"": 1, ""A707"": 1, ""AB050"": 1, ""AB044"": 1, ""AB007"": 1, ""AB027"": 1}"
3,2,AB003 AB057 *,10,7,0.898329,0.4,10,4,HT;KN;PH;ZA,10,7,"{""AB120"": 1, ""AB122"": 1, ""AB027"": 4, ""A703"": 1, ""AB058"": 1, ""AB059"": 1, ""AB010"": 1}"
3,0,* AB001 AB027,11,9,0.976615,0.181818,10,3,GO;HT;KH,11,9,"{""A705"": 1, ""AB003"": 1, ""AB037"": 2, ""AB006"": 1, ""AB073"": 1, ""AB041"": 2, ""AB007"": 1, ""AB044"": 1, ""AB047"": 1}"
3,2,AB067 AB002 *,13,11,0.980724,0.153846,10,2,ARKH;HT,13,11,"{""AB017"": 1, ""AB079"": 1, ""AB010"": 1, ""A711"": 2, ""A707"": 2, ""A303"": 1, ""A526"": 1, ""AB077"": 1, ""AB080"": 1, ""AB081"": 1, ""AB069"": 1}"
3,0,* AB081 AB056,12,12,1.0,0.083333,10,2,HT;PH,12,12,"{""AB044"": 1, ""A506"": 1, ""AB026"": 1, ""AB057"": 1, ""AB045"": 1, ""AB051"": 1, ""AB027"": 1, ""A547"": 1, ""A312"": 1, ""AB002"": 1, ""AB065"": 1, ""AB024"": 1}"
3,2,AB081 AB003 *,9,8,0.982568,0.222222,9,4,HT;KH;PE;ZA,9,8,"{""AB081"": 1, ""AB057"": 1, ""AB007"": 1, ""AB028"": 1, ""A303"": 1, ""AB079"": 1, ""AB053"": 1, ""A574"": 2}"
3,2,AB026 AB080 *,9,7,0.940958,0.333333,9,3,HT;PH;ZA,9,7,"{""AB028"": 1, ""AB081"": 1, ""AB059"": 3, ""AB022"": 1, ""AB053"": 1, ""AB037"": 1, ""AB024"": 1}"
3,2,AB027 AB017 *,9,7,0.940958,0.333333,9,3,HT;KH;ZA,9,7,"{""A707"": 1, ""AB031"": 1, ""A632"": 1, ""A626"": 1, ""A303"": 1, ""AB009"": 3, ""AB030"": 1}"
3,2,AB081 AB030 *,9,6,0.882425,0.444444,9,3,HT;KH;KN,9,6,"{""AB058"": 4, ""AB079"": 1, ""AB007"": 1, ""AB008"": 1, ""AB004"": 1, ""AB057"": 1}"
3,1,AB008 * AB001,8,7,0.97957,0.25,8,6,ARKH;HT;KN;MA;PH;ZA,8,7,"{""AB041"": 1, ""AB026"": 1, ""AB027"": 1, ""AB051"": 1, ""AB007"": 1, ""AB031"": 1, ""AB073"": 2}"
3,0,* AB008 AB060,8,8,1.0,0.125,8,4,ARKH;HT;KH;ZA,8,8,"{""AB067"": 1, ""AB055"": 1, ""AB002"": 1, ""AB066"": 1, ""AB081"": 1, ""AB077"": 1, ""AB059"": 1, ""AB065"": 1}"
3,2,AB008 AB060 *,8,6,0.967132,0.25,8,4,ARKH;HT;KH;ZA,8,6,"{""AB008"": 2, ""AB006"": 1, ""AB065"": 2, ""AB010"": 1, ""AB003"": 1, ""AB069"": 1}"
3,2,AB059 AB028 *,8,6,0.930628,0.375,8,4,HT;KH;SY;ZA,8,6,"{""AB122"": 1, ""AB123"": 3, ""AB041"": 1, ""AB009"": 1, ""A301"": 1, ""AB055"": 1}"
3,0,* AB073 AB006,9,4,0.918296,0.444444,8,3,HT;KN;ZA,9,4,"{""AB024"": 2, ""AB010"": 2, ""AB081"": 4, ""AB058"": 1}"
3,0,* AB026 AB080,8,7,0.97957,0.25,8,3,HT;PH;ZA,8,7,"{""AB081"": 1, ""AB053"": 2, ""AB006"": 1, ""AB041"": 1, ""AB051"": 1, ""AB057"": 1, ""AB123"": 1}"
3,0,* AB081 AB030,8,6,0.930628,0.375,8,3,HT;KH;KN,8,6,"{""AB069"": 1, ""AB026"": 3, ""AB004"": 1, ""AB037"": 1, ""AB053"": 1, ""AB003"": 1}"
3,0,* AB027 AB017,8,5,0.861353,0.5,8,3,HT;KH;ZA,8,5,"{""AB004"": 1, ""A568"": 1, ""AB009"": 1, ""AB051"": 4, ""AB067"": 1}"
3,1,AB081 * AB006,9,5,0.886683,0.444444,8,2,HT;ZA,9,5,"{""AB056"": 2, ""AB073"": 4, ""AB079"": 1, ""AB053"": 1, ""AB027"": 1}"
3,2,AB027 AB059 *,8,5,0.861353,0.5,8,2,HT;KH,8,5,"{""AB006"": 4, ""AB081"": 1, ""AB053"": 1, ""AB039"": 1, ""A624"": 1}"
3,2,AB076 AB120 *,8,4,0.95282,0.375,8,1,HT,8,4,"{""AB302"": 3, ""AB056"": 1, ""A608"": 2, ""AB030"": 2}"
3,0,* AB076 AB120,8,2,0.543564,0.875,8,1,HT,8,2,"{""AB031"": 7, ""AB050"": 1}"
3,2,AB060 AB008 *,7,7,1.0,0.142857,7,5,ARKH;HT;KH;KN;ZA,7,7,"{""AB058"": 1, ""AB026"": 1, ""A705"": 1, ""AB069"": 1, ""AB080"": 1, ""AB006"": 1, ""AB059"": 1}"
3,2,AB008 AB053 *,8,6,0.967132,0.25,7,4,HT;PE;PH;ZA,8,6,"{""AB058"": 1, ""AB026"": 1, ""AB030"": 2, ""AB003"": 1, ""AB057"": 1, ""AB028"": 2}"
3,2,AB067 AB060 *,7,7,1.0,0.142857,7,4,HT;KH;PH;ZA,7,7,"{""A707"": 1, ""AB003"": 1, ""AB057"": 1, ""A704"": 1, ""A626"": 1, ""AB059"": 1, ""AB008"": 1}"
3,2,AB008 AB009 *,7,7,1.0,0.142857,7,4,HT;KH;PE;PH,7,7,"{""AB057"": 1, ""A319"": 1, ""A550"": 1, ""A517"": 1, ""AB027"": 1, ""AB041"": 1, ""AB069"": 1}"
3,0,* AB059 AB028,7,6,0.975504,0.285714,7,4,HT;KH;SY;ZA,7,6,"{""AB067"": 1, ""A707"": 1, ""AB050"": 1, ""AB010"": 2, ""AB008"": 1, ""AB059"": 1}"
3,2,AB003 AB059 *,7,5,0.962961,0.285714,7,4,HT;KH;PH;ZA,7,5,"{""AB078"": 1, ""AB024"": 2, ""AB001"": 2, ""AB008"": 1, ""AB080"": 1}"
3,2,AB073 AB006 *,8,7,0.97957,0.25,7,3,HT;KH;ZA,8,7,"{""AB009"": 1, ""AB041"": 2, ""AB073"": 1, ""AB078"": 1, ""AB003"": 1, ""AB008"": 1, ""AB001"": 1}"
3,2,AB008 AB041 *,7,6,0.975504,0.285714,7,3,ARKH;HT;KH,7,6,"{""AB001"": 1, ""AB057"": 2, ""A306"": 1, ""AB067"": 1, ""AB058"": 1, ""AB118"": 1}"
3,2,AB073 AB001 *,7,6,0.975504,0.285714,7,3,HT;PH;ZA,7,6,"{""AB027"": 1, ""A592"": 1, ""AB030"": 1, ""AB061"": 1, ""AB010"": 1, ""AB038"": 2}"
3,2,AB055 AB080 *,7,5,0.916516,0.428571,7,3,HT;KH;ZA,7,5,"{""AB120"": 1, ""AB007"": 1, ""AB021"": 1, ""AB027"": 3, ""AB003"": 1}"
3,0,* AB055 AB080,7,3,0.869916,0.571429,7,3,HT;KH;ZA,7,3,"{""AB016"": 2, ""AB056"": 1, ""AB028"": 4}"
4,0,* AB081 AB056 AB055,8,8,1.0,0.125,7,2,HT;PH,8,8,"{""AB044"": 1, ""AB026"": 1, ""AB045"": 1, ""AB051"": 1, ""AB027"": 1, ""A312"": 1, ""AB065"": 1, ""AB024"": 1}"
3,2,AB056 AB055 *,8,6,0.967132,0.25,7,2,HT;PH,8,6,"{""AB008"": 1, ""AB069"": 2, ""AB003"": 2, ""AB001"": 1, ""AB080"": 1, ""A1000"": 1}"
4,3,AB081 AB056 AB055 *,8,6,0.967132,0.25,7,2,HT;PH,8,6,"{""AB008"": 1, ""AB069"": 2, ""AB003"": 2, ""AB001"": 1, ""AB080"": 1, ""A1000"": 1}"
3,2,A303 AB030 *,7,7,1.0,0.142857,7,2,HT;KH,7,7,"{""A703"": 1, ""A706"": 1, ""AB131"": 1, ""A569"": 1, ""AB030"": 1, ""A306"": 1, ""A626"": 1}"
3,0,* AB073 AB055,7,6,0.975504,0.285714,7,2,HT;MA,7,6,"{""AB001"": 1, ""AB002"": 1, ""A580"": 1, ""AB013"": 1, ""AB017"": 1, ""AB045"": 2}"
3,0,* AB030 AB131,7,5,0.962961,0.285714,7,2,HT;KH,7,5,"{""AB302"": 2, ""A608"": 2, ""AB122"": 1, ""A303"": 1, ""A626"": 1}"
3,2,AB077 AB081 *,7,4,0.921185,0.428571,7,2,HT;ZA,7,4,"{""AB002"": 2, ""AB003"": 3, ""AB028"": 1, ""AB024"": 1}"
3,1,AB067 * AB059,7,4,0.832249,0.571429,7,2,HT;PH,7,4,"{""AB027"": 4, ""AB001"": 1, ""AB079"": 1, ""AB060"": 1}"
3,0,* AB027 AB081,7,4,0.832249,0.571429,7,2,HT;ZA,6,3,"{""AB001"": 4, ""AB076"": 1, ""AB081"": 1, ""AB059"": 1}"
3,2,AB027 AB081 *,7,3,0.724834,0.714286,7,2,HT;ZA,6,3,"{""AB002"": 5, ""AB056"": 1, ""AB081"": 1}"
4,0,* AB031 AB076 AB120,7,7,1.0,0.142857,7,1,HT,7,7,"{""A618"": 1, ""AB003"": 1, ""AB066"": 1, ""A623"": 1, ""A304"": 1, ""AB041"": 1, ""AB006"": 1}"
3,0,* AB031 AB026,7,6,0.975504,0.285714,7,1,HT,7,6,"{""AB077"": 1, ""A711"": 1, ""A584"": 2, ""AB026"": 1, ""AB004"": 1, ""AB051"": 1}"
3,2,AB031 AB026 *,7,5,0.962961,0.285714,7,1,HT,7,5,"{""AB059"": 1, ""AB122"": 1, ""AB007"": 2, ""AB081"": 2, ""AB001"": 1}"
3,0,* AB026 AB081,7,5,0.962961,0.285714,7,1,HT,7,5,"{""AB080"": 1, ""AB023"": 1, ""AB077"": 2, ""AB081"": 1, ""AB031"": 2}"
3,2,AB026 AB081 *,7,4,0.921185,0.428571,7,1,HT,7,4,"{""AB056"": 1, ""AB002"": 2, ""AB030"": 3, ""AB008"": 1}"
4,3,AB031 AB076 AB120 *,7,4,0.921185,0.428571,7,1,HT,7,4,"{""AB302"": 3, ""AB056"": 1, ""AB030"": 2, ""A608"": 1}"
3,1,AB003 * AB024,7,3,0.869916,0.571429,7,1,HT,7,3,"{""AB060"": 4, ""AB053"": 1, ""AB059"": 2}"
3,0,* AB008 AB053,7,7,1.0,0.142857,6,4,HT;PE;PH;ZA,7,7,"{""AB067"": 1, ""AB010"": 1, ""A704"": 1, ""AB056"": 1, ""AB054"": 1, ""AB059"": 1, ""AB027"": 1}"
3,0,* AB008 AB051,7,7,1.0,0.142857,6,4,HT;PK;TY;ZA,8,7,"{""AB054"": 1, ""AB004"": 1, ""AB016"": 1, ""A707"": 1, ""AB070"": 1, ""AB010"": 1, ""AB077"": 1}"
3,0,* AB060 AB008,6,5,0.969724,0.333333,6,4,ARKH;HT;KN;ZA,6,5,"{""AB008"": 2, ""AB041"": 1, ""AB078"": 1, ""AB031"": 1, ""AB067"": 1}"
3,1,AB060 * AB008,6,5,0.969724,0.333333,6,4,ARKH;HT;KN;ZA,6,5,"{""AB131"": 1, ""AB024"": 2, ""AB027"": 1, ""AB069"": 1, ""A512"": 1}"
3,2,AB030 AB059 *,6,5,0.969724,0.333333,6,4,ARKH;HT;PH;ZA,6,5,"{""AB059"": 2, ""AB006"": 1, ""AB069"": 1, ""A307"": 1, ""AB008"": 1}"
3,2,AB031 AB060 *,7,7,1.0,0.142857,6,3,HT;KN;PS,7,7,"{""AB078"": 1, ""AB007"": 1, ""AB060"": 1, ""AB004"": 1, ""AB080"": 1, ""AB008"": 1, ""AB013"": 1}"
3,1,AB008 * AB057,7,6,0.975504,0.285714,6,3,HT;KH;PH,7,6,"{""AB009"": 1, ""AB058"": 1, ""AB041"": 2, ""AB080"": 1, ""AB056"": 1, ""AB053"": 1}"
3,1,AB001 * AB081,7,4,0.832249,0.571429,6,3,ARKH;HT;ZA,7,4,"{""AB004"": 1, ""AB027"": 4, ""AB024"": 1, ""AB047"": 1}"
3,2,AB057 AB027 *,6,6,1.0,0.166667,6,3,ARKH;HT;ZA,6,6,"{""AB056"": 1, ""AB007"": 1, ""AB073"": 1, ""AB031"": 1, ""A705"": 1, ""AB077"": 1}"
3,1,AB059 * AB081,6,6,1.0,0.166667,6,3,HT;PH;ZA,6,6,"{""AB081"": 1, ""AB120"": 1, ""AB027"": 1, ""AB060"": 1, ""AB001"": 1, ""AB009"": 1}"
3,0,* AB065 AB081,6,6,1.0,0.166667,6,3,HT;KN;ZA,6,6,"{""A327"": 1, ""AB027"": 1, ""AB077"": 1, ""AB045"": 1, ""AB055"": 1, ""AB037"": 1}"
3,2,AB065 AB081 *,6,6,1.0,0.166667,6,3,HT;KN;ZA,6,6,"{""AB002"": 1, ""AB031"": 1, ""AB056"": 1, ""A707"": 1, ""AB006"": 1, ""AB039"": 1}"
3,1,AB008 * AB006,6,5,0.969724,0.333333,6,3,HT;KH;ZA,6,5,"{""AB060"": 1, ""AB029"": 1, ""AB065"": 1, ""AB057"": 1, ""AB059"": 2}"
3,0,* AB067 AB060,6,5,0.969724,0.333333,6,3,HT;KH;PH,6,5,"{""AB024"": 1, ""AB028"": 1, ""AB067"": 1, ""AB041"": 2, ""AB058"": 1}"
3,0,* AB073 AB001,6,5,0.969724,0.333333,6,3,HT;PH;ZA,6,5,"{""AB057"": 1, ""A304"": 1, ""AB008"": 2, ""AB023"": 1, ""AB031"": 1}"
3,2,AB008 AB059 *,6,5,0.969724,0.333333,6,3,KH;SY;ZA,6,5,"{""A350"": 1, ""A615"": 1, ""AB028"": 1, ""AB006"": 2, ""AB027"": 1}"
3,2,AB080 AB077 *,6,3,0.92062,0.5,6,3,HT;PK;ZA,6,3,"{""AB053"": 2, ""AB077"": 1, ""AB028"": 3}"
3,0,* AB080 AB027,6,4,0.896241,0.5,6,3,HT;PH;ZA,6,4,"{""AB069"": 1, ""AB002"": 1, ""AB053"": 1, ""AB055"": 3}"
3,2,AB080 AB027 *,6,4,0.896241,0.5,6,3,HT;PH;ZA,6,4,"{""A579"": 1, ""A301"": 1, ""AB053"": 1, ""AB041"": 3}"
3,0,* AB057 AB027,6,3,0.78969,0.666667,6,3,ARKH;HT;ZA,6,3,"{""AB008"": 1, ""AB003"": 4, ""AB041"": 1}"
3,2,AB051 AB027 *,6,3,0.78969,0.666667,6,3,HT;KH;ZA,6,3,"{""AB069"": 1, ""AB017"": 4, ""A306"": 1}"
3,2,AB080 AB007 *,7,6,0.975504,0.285714,6,2,HT;PH,7,7,"{""AB067"": 1, ""AB007"": 2, ""AB001"": 1, ""AB016"": 1, ""AB065"": 1, ""AB021"": 1}"
3,2,AB039 AB059 *,7,6,0.975504,0.285714,6,2,HT;ZA,7,6,"{""AB077"": 2, ""AB057"": 1, ""A707"": 1, ""AB044"": 1, ""AB060"": 1, ""AB051"": 1}"
3,2,AB031 AB080 *,6,6,1.0,0.166667,6,2,HT;ZA,6,6,"{""AB003"": 1, ""AB037"": 1, ""AB004"": 1, ""AB056"": 1, ""AB002"": 1, ""AB008"": 1}"
3,2,AB006 AB041 *,6,6,1.0,0.166667,6,2,HT;KH,6,6,"{""AB010"": 1, ""AB051"": 1, ""A318"": 1, ""AB031"": 1, ""AB131"": 1, ""A571"": 1}"
3,0,* AB080 AB007,6,6,1.0,0.166667,6,2,HT;PH,6,6,"{""A516"": 1, ""AB055"": 1, ""AB007"": 1, ""AB073"": 1, ""AB037"": 1, ""A513"": 1}"
3,1,AB053 * AB080,6,5,0.969724,0.333333,6,2,HT;PH,6,5,"{""AB006"": 1, ""AB059"": 1, ""AB026"": 2, ""A305"": 1, ""AB058"": 1}"
3,2,AB030 AB131 *,6,5,0.969724,0.333333,6,2,HT;KH,6,5,"{""AB023"": 2, ""A568"": 1, ""AB050"": 1, ""A706"": 1, ""AB008"": 1}"
3,0,* AB003 AB060,6,5,0.969724,0.333333,6,2,HT;PH,6,5,"{""A707"": 1, ""AB026"": 1, ""A326"": 1, ""AB008"": 2, ""A558"": 1}"
3,0,* AB006 AB041,6,5,0.969724,0.333333,6,2,HT;KH,6,5,"{""AB073"": 2, ""AB077"": 1, ""AB001"": 1, ""AB059"": 1, ""AB038"": 1}"
3,2,AB077 AB026 *,6,5,0.969724,0.333333,6,2,HT;TY,6,5,"{""AB079"": 1, ""A610"": 1, ""AB081"": 2, ""A638"": 1, ""A309"": 1}"
3,2,AB041 AB118 *,6,5,0.969724,0.333333,6,2,HT;KH,6,5,"{""AB003"": 1, ""AB028"": 1, ""AB077"": 1, ""AB081"": 2, ""AB079"": 1}"
3,2,AB120 AB302 *,6,4,0.959148,0.333333,6,2,ARKH;HT,6,4,"{""AB131"": 1, ""A506"": 1, ""AB030"": 2, ""A707"": 2}"
3,0,* AB120 AB302,6,4,0.896241,0.5,6,2,ARKH;HT,6,4,"{""A314"": 1, ""AB076"": 3, ""AB118"": 1, ""AB081"": 1}"
3,1,AB027 * AB006,6,3,0.78969,0.666667,6,2,ARKH;HT,6,3,"{""AB056"": 1, ""AB059"": 4, ""AB007"": 1}"
3,2,AB067 AB027 *,6,3,0.78969,0.666667,6,2,HT;ZA,6,3,"{""AB059"": 4, ""AB066"": 1, ""AB017"": 1}"
3,0,* AB041 AB118,6,3,0.78969,0.666667,6,2,HT;KH,6,3,"{""AB001"": 4, ""AB034"": 1, ""AB008"": 1}"
3,2,A303 A707 *,6,3,0.78969,0.666667,6,2,HT;KH,6,3,"{""A704"": 4, ""AB030"": 1, ""A301"": 1}"
3,2,AB006 AB010 *,7,7,1.0,0.142857,6,1,HT,7,7,"{""A707"": 1, ""A705"": 1, ""AB026"": 1, ""AB008"": 1, ""AB055"": 1, ""AB078"": 1, ""AB081"": 1}"
3,2,AB077 AB003 *,7,6,0.975504,0.285714,6,1,HT,7,6,"{""AB031"": 1, ""A707"": 2, ""AB001"": 1, ""AB078"": 1, ""AB004"": 1, ""AB100"": 1}"
3,1,A707 * A707,7,6,0.975504,0.285714,6,1,HT,7,6,"{""AB030"": 1, ""A304"": 2, ""A610"": 1, ""A612"": 1, ""A613"": 1, ""AB003"": 1}"
3,0,* AB002 A707,7,3,0.869916,0.571429,6,1,HT,7,3,"{""AB067"": 2, ""AB081"": 4, ""AB031"": 1}"
3,0,* AB006 AB010,7,3,0.724834,0.714286,6,1,HT,7,3,"{""AB008"": 1, ""AB007"": 5, ""AB009"": 1}"
3,0,* AB037 AB001,6,6,1.0,0.166667,6,1,HT,6,6,"{""AB010"": 1, ""AB028"": 1, ""AB016"": 1, ""A704"": 1, ""AB006"": 1, ""AB061"": 1}"
3,2,AB037 AB001 *,6,5,0.969724,0.333333,6,1,HT,6,5,"{""AB027"": 2, ""AB073"": 1, ""AB004"": 1, ""AB059"": 1, ""AB053"": 1}"
3,1,AB081 * AB081,6,5,0.969724,0.333333,6,1,HT,5,4,"{""AB003"": 1, ""AB002"": 2, ""AB027"": 1, ""A704"": 1, ""AB026"": 1}"
3,1,A707 * AB001,6,4,0.896241,0.5,6,1,HT,6,4,"{""AB188"": 1, ""AB003"": 1, ""A701"": 1, ""A704"": 3}"
3,0,* AB017 AB009,6,4,0.896241,0.5,6,1,ZA,6,4,"{""AB027"": 3, ""AB037"": 1, ""AB073"": 1, ""AB030"": 1}"
3,0,* AB027 AB059,6,3,0.78969,0.666667,6,1,HT,6,3,"{""AB067"": 4, ""AB001"": 1, ""AB003"": 1}"
3,1,AB027 * AB002,6,2,0.650022,0.833333,6,1,HT,5,2,"{""AB081"": 5, ""AB067"": 1}"
3,0,* AB059 AB027,5,5,1.0,0.2,5,5,ARKH;HT;KH;PK;ZA,5,5,"{""AB059"": 1, ""AB001"": 1, ""AB077"": 1, ""AB066"": 1, ""AB008"": 1}"
3,2,AB027 AB008 *,5,5,1.0,0.2,5,5,ARKH;KH;KN;PE;ZA,5,5,"{""AB065"": 1, ""AB057"": 1, ""AB079"": 1, ""AB009"": 1, ""AB053"": 1}"
3,2,AB006 AB069 *,5,5,1.0,0.2,5,4,ARKH;HT;KH;PK,5,5,"{""AB081"": 1, ""AB037"": 1, ""AB051"": 1, ""A624"": 1, ""AB058"": 1}"
3,0,* AB001 AB067,5,5,1.0,0.2,5,4,HT;KH;KN;ZA,5,5,"{""A704"": 1, ""AB067"": 1, ""AB008"": 1, ""AB007"": 1, ""AB028"": 1}"
3,2,AB001 AB067 *,5,5,1.0,0.2,5,4,HT;KH;KN;ZA,5,5,"{""AB122"": 1, ""A310"": 1, ""AB041"": 1, ""AB037"": 1, ""AB031"": 1}"
3,1,AB057 * AB057,5,5,1.0,0.2,5,4,HT;KN;PS;ZA,5,5,"{""AB077"": 1, ""AB051"": 1, ""AB057"": 1, ""AB037"": 1, ""AB005"": 1}"
3,0,* AB003 AB059,5,5,1.0,0.2,5,4,HT;KH;PH;ZA,5,5,"{""A402"": 1, ""AB080"": 1, ""AB006"": 1, ""A1000"": 1, ""AB044"": 1}"
3,1,AB037 * AB008,5,4,0.960964,0.4,5,4,ARKH;HT;KN;ZA,5,4,"{""AB024"": 1, ""AB077"": 2, ""AB045"": 1, ""AB053"": 1}"
3,0,* AB006 AB069,5,4,0.960964,0.4,5,4,ARKH;HT;KH;PK,5,4,"{""AB001"": 1, ""AB056"": 2, ""AB003"": 1, ""AB060"": 1}"
3,1,AB037 * AB081,5,4,0.960964,0.4,5,4,HT;KN;MA;ZA,6,5,"{""AB037"": 2, ""AB003"": 1, ""AB057"": 1, ""AB065"": 1}"
3,2,AB057 AB031 *,5,4,0.960964,0.4,5,4,KN;PH;PS;ZA,5,4,"{""AB031"": 2, ""AB060"": 1, ""A320"": 1, ""AB023"": 1}"
3,0,* AB030 AB059,5,3,0.864974,0.6,5,4,ARKH;HT;PH;ZA,5,3,"{""AB051"": 1, ""AB053"": 3, ""AB037"": 1}"
3,0,* AB031 AB060,6,5,0.969724,0.333333,5,3,HT;KN;PS,6,5,"{""AB073"": 1, ""A305"": 1, ""A703"": 1, ""AB031"": 2, ""AB057"": 1}"
3,1,AB059 * AB027,5,5,1.0,0.2,5,3,ARKH;HT;ZA,5,5,"{""AB059"": 1, ""AB060"": 1, ""AB008"": 1, ""AB073"": 1, ""AB051"": 1}"
3,1,AB006 * AB081,5,5,1.0,0.2,5,3,ARKH;HT;KN,5,5,"{""AB069"": 1, ""AB001"": 1, ""AB009"": 1, ""AB010"": 1, ""AB003"": 1}"
3,0,* AB003 AB001,5,5,1.0,0.2,5,3,HT;KH;TY,5,5,"{""A707"": 1, ""AB080"": 1, ""AB077"": 1, ""AB060"": 1, ""AB050"": 1}"
3,2,AB003 AB001 *,5,5,1.0,0.2,5,3,HT;KH;TY,5,5,"{""AB058"": 1, ""AB027"": 1, ""AB059"": 1, ""AB030"": 1, ""AB026"": 1}"
3,0,* AB001 AB028,5,5,1.0,0.2,5,3,HT;KH;ZA,5,5,"{""A708"": 1, ""AB027"": 1, ""A632"": 1, ""AB006"": 1, ""AB009"": 1}"
3,1,AB007 * AB067,5,5,1.0,0.2,5,3,HT;KN;PH,5,5,"{""AB004"": 1, ""AB044"": 1, ""AB065"": 1, ""AB001"": 1, ""AB053"": 1}"
3,1,AB027 * AB073,5,5,1.0,0.2,5,3,HT;PH;ZA,5,5,"{""A579"": 1, ""AB028"": 1, ""A304"": 1, ""AB053"": 1, ""AB069"": 1}"
3,0,* AB080 AB077,5,5,1.0,0.2,5,3,HT;PK;ZA,5,5,"{""AB077"": 1, ""AB024"": 1, ""AB037"": 1, ""AB067"": 1, ""AB003"": 1}"
3,1,AB067 * AB006,5,5,1.0,0.2,5,3,HT;KH;KN,4,4,"{""AB009"": 1, ""AB008"": 1, ""AB067"": 1, ""AB059"": 1, ""AB010"": 1}"
3,0,* AB051 AB027,5,5,1.0,0.2,5,3,HT;KH;ZA,5,5,"{""AB058"": 1, ""A626"": 1, ""AB008"": 1, ""AB059"": 1, ""A362"": 1}"
3,1,AB006 * AB080,5,5,1.0,0.2,5,3,HT;MA;ZA,5,5,"{""AB026"": 1, ""AB037"": 1, ""AB080"": 1, ""AB057"": 1, ""A512"": 1}"
3,2,AB008 AB003 *,5,4,0.960964,0.4,5,3,ARKH;HT;KN,5,4,"{""AB073"": 1, ""AB060"": 2, ""AB008"": 1, ""AB067"": 1}"
3,2,AB007 AB067 *,5,4,0.960964,0.4,5,3,HT;PH;ZA,5,4,"{""AB009"": 2, ""AB016"": 1, ""AB039"": 1, ""AB061"": 1}"
3,0,* AB080 AB037,5,4,0.960964,0.4,5,3,HT;PH;PK,5,4,"{""AB031"": 1, ""AB080"": 1, ""AB058"": 2, ""AB026"": 1}"
3,2,AB080 AB037 *,5,4,0.960964,0.4,5,3,HT;PH;PK,5,4,"{""AB081"": 1, ""AB037"": 2, ""AB021"": 1, ""AB017"": 1}"
3,0,* AB080 AB059,5,3,0.864974,0.6,5,3,HT;KH;ZA,5,3,"{""AB026"": 3, ""AB051"": 1, ""AB057"": 1}"
3,1,AB027 * AB009,5,3,0.864974,0.6,5,3,HT;PE;ZA,5,3,"{""AB007"": 1, ""AB008"": 1, ""AB017"": 3}"
3,0,* AB120 A304,6,6,1.0,0.166667,5,2,HT;KH,6,6,"{""AB024"": 1, ""AB080"": 1, ""AB002"": 1, ""AB060"": 1, ""AB051"": 1, ""AB030"": 1}"
3,1,AB059 * AB004,6,5,0.969724,0.333333,5,2,HT;ZA,6,5,"{""AB002"": 1, ""AB131"": 1, ""A529"": 1, ""AB060"": 1, ""AB006"": 2}"
3,0,* AB039 AB059,6,5,0.969724,0.333333,5,2,HT;ZA,6,5,"{""AB030"": 1, ""AB078"": 1, ""AB004"": 1, ""A317"": 1, ""AB028"": 2}"
3,2,AB056 AB030 *,6,4,0.896241,0.5,5,2,HT;SY,6,4,"{""A574"": 1, ""AB006"": 3, ""AB010"": 1, ""AB040"": 1}"
3,0,* AB056 AB030,5,5,1.0,0.2,5,2,HT;SY,5,5,"{""AB120"": 1, ""AB080"": 1, ""AB001"": 1, ""A343"": 1, ""AB017"": 1}"
3,2,A707 AB003 *,5,5,1.0,0.2,5,2,HT;KH,5,5,"{""AB001"": 1, ""AB060"": 1, ""A707"": 1, ""AB057"": 1, ""AB047"": 1}"
3,1,AB027 * AB081,5,5,1.0,0.2,5,2,HT;ZA,5,5,"{""AB059"": 1, ""AB065"": 1, ""AB077"": 1, ""AB081"": 1, ""AB030"": 1}"
3,0,* AB031 AB080,5,5,1.0,0.2,5,2,HT;ZA,5,5,"{""AB058"": 1, ""AB081"": 1, ""A704"": 1, ""AB027"": 1, ""AB004"": 1}"
3,2,AB053 AB001 *,5,5,1.0,0.2,5,2,HT;TY,4,4,"{""AB013"": 1, ""AB081"": 1, ""AB056"": 1, ""A406"": 1, ""AB065"": 1}"
3,0,* AB004 AB120,5,5,1.0,0.2,5,2,HT;KH,5,5,"{""AB034"": 1, ""AB131"": 1, ""AB009"": 1, ""A331"": 1, ""AB038"": 1}"
3,2,AB028 AB037 *,5,5,1.0,0.2,5,2,HT;ZA,5,5,"{""AB001"": 1, ""AB100"": 1, ""AB007"": 1, ""AB037"": 1, ""AB030"": 1}"
3,2,AB069 AB024 *,5,5,1.0,0.2,5,2,HT;PH,5,5,"{""AB081"": 1, ""A510"": 1, ""AB001"": 1, ""AB080"": 1, ""AB022"": 1}"
3,2,AB008 AB026 *,5,5,1.0,0.2,5,2,HT;PH,5,5,"{""AB060"": 1, ""AB001"": 1, ""A312"": 1, ""A704"": 1, ""A513"": 1}"
3,0,* AB067 AB027,5,5,1.0,0.2,5,2,HT;ZA,5,5,"{""A517"": 1, ""A613"": 1, ""AB057"": 1, ""A704"": 1, ""A516"": 1}"
3,1,AB030 * AB008,5,5,1.0,0.2,5,2,KH;PH,5,5,"{""AB131"": 1, ""AB030"": 1, ""A626"": 1, ""A629"": 1, ""AB059"": 1}"
3,0,* A707 AB003,5,4,0.960964,0.4,5,2,HT;KH,5,4,"{""AB037"": 2, ""AB069"": 1, ""AB003"": 1, ""AB120"": 1}"
3,2,AB067 AB053 *,5,4,0.960964,0.4,5,2,HT;TY,6,5,"{""AB066"": 2, ""AB026"": 1, ""AB004"": 1, ""AB041"": 1}"
3,2,AB058 AB067 *,5,4,0.960964,0.4,5,2,HT;PH,4,3,"{""AB053"": 2, ""A310"": 1, ""AB037"": 1, ""AB060"": 1}"
3,1,AB051 * AB073,5,4,0.960964,0.4,5,2,HT;ZA,5,4,"{""AB024"": 1, ""AB030"": 2, ""AB081"": 1, ""AB070"": 1}"
3,0,* AB016 AB118,5,4,0.960964,0.4,5,2,HT;KH,5,4,"{""AB028"": 2, ""AB004"": 1, ""AB024"": 1, ""AB057"": 1}"
3,2,AB016 AB118 *,5,4,0.960964,0.4,5,2,HT;KH,5,4,"{""AB120"": 2, ""AB031"": 1, ""AB060"": 1, ""AB008"": 1}"
3,2,AB041 AB057 *,5,4,0.960964,0.4,5,2,HT;KH,5,4,"{""AB077"": 2, ""AB027"": 1, ""AB009"": 1, ""AB001"": 1}"
3,0,* A303 AB030,5,4,0.960964,0.4,5,2,HT;KH,5,4,"{""AB002"": 1, ""AB076"": 2, ""A336"": 1, ""AB079"": 1}"
3,2,AB037 AB037 *,5,3,0.96023,0.4,5,2,HT;MA,5,3,"{""AB081"": 2, ""A319"": 2, ""AB057"": 1}"
3,1,AB081 * AB031,5,3,0.864974,0.6,5,2,HT;ZA,5,3,"{""AB002"": 3, ""A305"": 1, ""AB006"": 1}"
3,0,* AB009 AB057,5,3,0.864974,0.6,5,2,HT;ZA,5,3,"{""AB008"": 1, ""AB003"": 3, ""AB039"": 1}"
3,0,* AB069 AB024,5,3,0.864974,0.6,5,2,HT;PH,5,3,"{""AB021"": 3, ""AB078"": 1, ""AB022"": 1}"
3,0,* AB077 AB026,5,3,0.864974,0.6,5,2,HT;TY,5,3,"{""AB077"": 1, ""AB008"": 3, ""AB053"": 1}"
3,1,AB008 * AB026,5,3,0.864974,0.6,5,2,HT;ZA,5,3,"{""AB053"": 1, ""AB077"": 3, ""AB037"": 1}"
3,2,AB008 AB077 *,5,3,0.864974,0.6,5,2,HT;KN,5,3,"{""AB026"": 3, ""AB059"": 1, ""AB055"": 1}"
3,1,AB003 * AB027,5,2,0.721928,0.8,5,2,HT;ZA,5,2,"{""AB001"": 1, ""AB057"": 4}"
3,0,* AB053 AB001,5,2,0.721928,0.8,5,2,HT;TY,4,1,"{""AB001"": 4, ""A309"": 1}"
3,1,AB059 * AB037,5,2,0.721928,0.8,5,2,HT;KH,5,2,"{""AB006"": 4, ""AB016"": 1}"
3,1,AB028 * AB080,5,2,0.721928,0.8,5,2,PK;ZA,5,2,"{""AB004"": 1, ""AB055"": 4}"
3,0,* AB027 AB007,6,6,1.0,0.166667,5,1,HT,6,6,"{""AB081"": 1, ""AB057"": 1, ""AB058"": 1, ""A612"": 1, ""AB017"": 1, ""AB007"": 1}"
3,1,AB007 * AB010,6,2,0.650022,0.833333,5,1,HT,6,2,"{""AB057"": 1, ""AB006"": 5}"
3,2,AB053 AB006 *,5,5,1.0,0.2,5,1,HT,5,5,"{""AB080"": 1, ""A312"": 1, ""AB120"": 1, ""AB031"": 1, ""A502"": 1}"
3,2,AB006 AB037 *,5,5,1.0,0.2,5,1,HT,5,5,"{""A704"": 1, ""AB053"": 1, ""AB001"": 1, ""AB080"": 1, ""A707"": 1}"
3,0,* A306 AB069,5,5,1.0,0.2,5,1,HT,5,5,"{""A707"": 1, ""A345"": 1, ""AB024"": 1, ""A704"": 1, ""AB041"": 1}"
3,2,A306 AB069 *,5,5,1.0,0.2,5,1,HT,5,5,"{""AB057"": 1, ""A327"": 1, ""AB051"": 1, ""AB007"": 1, ""A324"": 1}"
3,1,AB007 * A707,5,5,1.0,0.2,5,1,HT,5,5,"{""AB001"": 1, ""A618"": 1, ""AB030"": 1, ""AB006"": 1, ""AB060"": 1}"
3,0,* A704 A705,5,5,1.0,0.2,5,1,HT,5,5,"{""AB006"": 1, ""A604"": 1, ""A587"": 1, ""AB028"": 1, ""A319"": 1}"
3,1,AB006 * A707,5,5,1.0,0.2,5,1,HT,5,5,"{""AB010"": 1, ""AB120"": 1, ""AB073"": 1, ""A502"": 1, ""AB037"": 1}"
3,2,AB031 AB002 *,5,5,1.0,0.2,5,1,HT,5,5,"{""AB041"": 1, ""A707"": 1, ""A618"": 1, ""AB078"": 1, ""AB004"": 1}"
3,2,AB027 AB007 *,5,5,1.0,0.2,5,1,HT,5,5,"{""A707"": 1, ""AB057"": 1, ""A612"": 1, ""AB009"": 1, ""AB006"": 1}"
3,1,A704 * A704,5,5,1.0,0.2,5,1,HT,5,5,"{""AB122"": 1, ""AB081"": 1, ""A618"": 1, ""AB030"": 1, ""A319"": 1}"
3,2,AB017 AB009 *,5,5,1.0,0.2,5,1,ZA,5,5,"{""AB131"": 1, ""AB003"": 1, ""AB028"": 1, ""AB073"": 1, ""AB031"": 1}"
3,0,* AB007 AB060,5,2,0.970951,0.6,5,1,HT,5,2,"{""A324"": 3, ""AB079"": 2}"
3,2,AB076 A303 *,5,4,0.960964,0.4,5,1,HT,5,4,"{""A704"": 1, ""AB076"": 1, ""A707"": 1, ""AB030"": 2}"
3,0,* AB053 AB006,5,4,0.960964,0.4,5,1,HT,5,4,"{""AB007"": 2, ""AB059"": 1, ""AB021"": 1, ""AB081"": 1}"
4,3,AB031 AB076 A303 *,5,4,0.960964,0.4,5,1,HT,5,4,"{""A704"": 1, ""AB076"": 1, ""A707"": 1, ""AB030"": 2}"
4,0,* AB031 AB076 A303,5,3,0.96023,0.4,5,1,HT,5,3,"{""AB002"": 2, ""AB041"": 2, ""AB051"": 1}"
3,2,AB073 AB055 *,5,3,0.864974,0.6,5,1,HT,5,3,"{""AB001"": 1, ""AB073"": 1, ""AB004"": 3}"
3,2,AB003 AB009 *,5,3,0.864974,0.6,5,1,HT,5,3,"{""A578"": 1, ""A591"": 1, ""AB057"": 3}"
4,0,* AB027 AB081 AB002,5,3,0.864974,0.6,5,1,HT,4,2,"{""AB001"": 3, ""AB081"": 1, ""AB059"": 1}"
3,0,* AB006 AB037,5,2,0.721928,0.8,5,1,HT,5,2,"{""AB059"": 4, ""AB007"": 1}"
3,1,AB081 * A707,5,2,0.721928,0.8,5,1,HT,5,2,"{""AB069"": 1, ""AB002"": 4}"
3,2,AB003 AB060 *,5,2,0.721928,0.8,5,1,HT,5,2,"{""AB024"": 4, ""AB069"": 1}"
3,0,* A310 AB028,5,2,0.721928,0.8,5,1,HT,5,2,"{""AB016"": 4, ""AB053"": 1}"
3,0,* AB037 AB057,5,5,1.0,0.2,4,4,HT;KN;MA;PS,5,5,"{""AB069"": 1, ""AB023"": 1, ""AB037"": 1, ""A301"": 1, ""AB057"": 1}"
3,2,AB037 AB057 *,5,4,0.960964,0.4,4,4,HT;KN;MA;PS,5,4,"{""A345"": 1, ""AB031"": 2, ""AB081"": 1, ""AB037"": 1}"
3,0,* AB067 AB031,4,4,1.0,0.25,4,4,ARKH;HT;KH;ZA,4,4,"{""AB073"": 1, ""AB028"": 1, ""AB027"": 1, ""AB001"": 1}"
3,2,AB008 AB057 *,4,4,1.0,0.25,4,4,ARKH;KH;KN;MA,4,4,"{""AB027"": 1, ""AB006"": 1, ""AB081"": 1, ""AB180"": 1}"
3,2,AB059 AB059 *,4,4,1.0,0.25,4,4,ARKH;HT;KH;ZA,4,4,"{""AB027"": 1, ""AB073"": 1, ""AB016"": 1, ""AB028"": 1}"
3,0,* AB027 AB008,4,4,1.0,0.25,4,4,ARKH;KN;PE;ZA,4,4,"{""AB059"": 1, ""AB060"": 1, ""AB077"": 1, ""AB070"": 1}"
3,2,AB059 AB027 *,4,4,1.0,0.25,4,4,ARKH;HT;PK;ZA,4,4,"{""AB008"": 1, ""AB081"": 1, ""AB066"": 1, ""AB030"": 1}"
3,1,AB041 * AB041,4,4,1.0,0.25,4,4,GO;HT;KH;PH,4,4,"{""AB004"": 1, ""AB086"": 1, ""AB028"": 1, ""AB005"": 1}"
3,1,AB006 * AB059,4,4,1.0,0.25,4,4,HT;KH;PE;ZA,4,4,"{""A312"": 1, ""AB003"": 1, ""AB004"": 1, ""AB008"": 1}"
3,2,AB028 AB006 *,4,4,1.0,0.25,4,4,HT;PE;PH;PK,4,4,"{""A704"": 1, ""AB004"": 1, ""AB054"": 1, ""AB061"": 1}"
3,1,AB006 * AB008,4,4,1.0,0.25,4,4,HT;KH;PH;ZA,3,3,"{""AB010"": 1, ""AB067"": 1, ""AB054"": 1, ""AB004"": 1}"
3,2,AB080 AB004 *,4,4,1.0,0.25,4,4,HT;PH;PK;ZA,4,4,"{""AB007"": 1, ""AB027"": 1, ""AB037"": 1, ""AB059"": 1}"
3,2,AB006 AB003 *,4,4,1.0,0.25,4,4,HT;KH;KN;PH,4,4,"{""AB009"": 1, ""AB059"": 1, ""AB081"": 1, ""AB030"": 1}"
3,1,AB008 * AB008,4,3,0.946395,0.5,4,4,ARKH;HT;KN;ZA,4,3,"{""AB060"": 2, ""AB003"": 1, ""AB045"": 1}"
3,2,AB067 AB031 *,4,3,0.946395,0.5,4,4,ARKH;HT;KH;ZA,4,3,"{""AB024"": 2, ""AB002"": 1, ""AB053"": 1}"
3,0,* AB059 AB059,4,3,0.946395,0.5,4,4,ARKH;HT;KH;ZA,4,3,"{""AB030"": 2, ""AB007"": 1, ""AB013"": 1}"
3,1,AB008 * AB030,4,3,0.946395,0.5,4,4,ARKH;HT;KH;ZA,4,3,"{""AB051"": 1, ""AB053"": 2, ""A569"": 1}"
3,0,* AB031 AB031,4,3,0.946395,0.5,4,4,HT;KH;KN;PS,4,3,"{""A708"": 1, ""AB040"": 1, ""AB057"": 2}"
3,2,AB031 AB031 *,4,3,0.946395,0.5,4,4,HT;KH;KN;PS,4,3,"{""AB013"": 1, ""AB024"": 1, ""AB060"": 2}"
3,1,AB041 * AB081,4,3,0.946395,0.5,4,4,HT;KH;PE;ZA,4,3,"{""AB118"": 2, ""AB006"": 1, ""AB038"": 1}"
3,1,AB077 * AB077,7,5,0.916516,0.428571,4,3,HT;KN;MI,7,5,"{""AB077"": 1, ""AB080"": 1, ""A610"": 3, ""AB028"": 1, ""A652"": 1}"
3,0,* AB028 AB009,5,5,1.0,0.2,4,3,GO;KH;ZA,5,5,"{""AB080"": 1, ""AB059"": 1, ""AB073"": 1, ""A304"": 1, ""AB077"": 1}"
3,2,AB041 AB001 *,5,4,0.960964,0.4,4,3,ARKH;HT;PH,5,4,"{""AB004"": 1, ""AB005"": 1, ""AB027"": 2, ""AB060"": 1}"
3,1,AB080 * AB037,5,4,0.960964,0.4,4,3,HT;MA;PK,5,4,"{""AB080"": 1, ""AB037"": 2, ""AB010"": 1, ""AB004"": 1}"
3,2,AB077 AB028 *,5,4,0.960964,0.4,4,3,KN;PK;ZA,5,4,"{""AB077"": 1, ""AB059"": 2, ""AB009"": 1, ""AB002"": 1}"
3,0,* AB067 AB008,4,4,1.0,0.25,4,3,ARKH;HT;KH,3,3,"{""AB016"": 1, ""AB026"": 1, ""AB077"": 1, ""AB006"": 1}"
3,1,AB008 * AB027,4,4,1.0,0.25,4,3,ARKH;KH;ZA,4,4,"{""AB057"": 1, ""AB009"": 1, ""AB051"": 1, ""AB059"": 1}"
3,0,* AB131 AB008,4,4,1.0,0.25,4,3,ARKH;HT;KH,4,4,"{""AB060"": 1, ""AB120"": 1, ""A568"": 1, ""AB030"": 1}"
3,0,* AB041 AB001,4,4,1.0,0.25,4,3,ARKH;HT;PH,4,4,"{""AB008"": 1, ""AB027"": 1, ""AB002"": 1, ""AB057"": 1}"
3,2,AB021 AB118 *,4,4,1.0,0.25,4,3,ARKH;KH;ZA,4,4,"{""AB008"": 1, ""AB030"": 1, ""AB050"": 1, ""A593"": 1}"
3,2,AB008 AB001 *,4,4,1.0,0.25,4,3,ARKH;KH;TY,4,4,"{""AB002"": 1, ""AB067"": 1, ""AB021"": 1, ""A610"": 1}"
3,1,AB001 * AB120,4,4,1.0,0.25,4,3,ARKH;HT;KH,4,4,"{""AB002"": 1, ""AB060"": 1, ""AB059"": 1, ""AB027"": 1}"
3,2,AB041 AB004 *,4,4,1.0,0.25,4,3,GO;KH;ZA,4,4,"{""AB041"": 1, ""AB055"": 1, ""AB069"": 1, ""AB007"": 1}"
3,0,* AB058 AB080,4,4,1.0,0.25,4,3,GO;HT;PK,4,4,"{""AB031"": 1, ""AB053"": 1, ""AB057"": 1, ""AB069"": 1}"
3,2,AB006 AB001 *,4,4,1.0,0.25,4,3,HT;KN;ZA,4,4,"{""AB081"": 1, ""AB027"": 1, ""AB054"": 1, ""AB028"": 1}"
3,0,* AB041 AB067,4,4,1.0,0.25,4,3,HT;KH;ZA,4,4,"{""A587"": 1, ""A704"": 1, ""AB008"": 1, ""AB027"": 1}"
3,0,* AB060 AB027,4,4,1.0,0.25,4,3,HT;KN;ZA,4,4,"{""AB059"": 1, ""AB118"": 1, ""AB051"": 1, ""AB040"": 1}"
3,2,AB060 AB027 *,4,4,1.0,0.25,4,3,HT;KN;ZA,4,4,"{""AB004"": 1, ""A516"": 1, ""AB008"": 1, ""AB073"": 1}"
3,1,AB004 * AB027,4,4,1.0,0.25,4,3,HT;KH;ZA,4,4,"{""AB056"": 1, ""AB003"": 1, ""AB055"": 1, ""AB073"": 1}"
3,0,* AB028 AB057,4,4,1.0,0.25,4,3,HT;KH;KN,4,4,"{""A310"": 1, ""AB004"": 1, ""A624"": 1, ""AB005"": 1}"
3,2,AB003 AB053 *,4,4,1.0,0.25,4,3,HT;KH;PE,4,4,"{""AB024"": 1, ""AB069"": 1, ""AB045"": 1, ""AB100"": 1}"
3,1,AB067 * AB008,4,4,1.0,0.25,4,3,HT;PH;ZA,4,4,"{""AB066"": 1, ""AB059"": 1, ""AB056"": 1, ""AB060"": 1}"
3,0,* AB021 AB053,4,4,1.0,0.25,4,3,HT;KH;PH,4,4,"{""AB069"": 1, ""AB038"": 1, ""AB001"": 1, ""AB053"": 1}"
3,2,AB021 AB053 *,4,4,1.0,0.25,4,3,HT;KH;PH,4,4,"{""AB006"": 1, ""AB069"": 1, ""AB081"": 1, ""AB026"": 1}"
3,0,* AB004 AB059,4,4,1.0,0.25,4,3,HT;PE;ZA,4,4,"{""AB004"": 1, ""AB006"": 1, ""AB024"": 1, ""AB080"": 1}"
3,2,AB004 AB059 *,4,4,1.0,0.25,4,3,HT;PE;ZA,4,4,"{""AB037"": 1, ""AB006"": 1, ""AB051"": 1, ""AB044"": 1}"
3,2,AB080 AB059 *,4,4,1.0,0.25,4,3,HT;KH;ZA,4,4,"{""AB003"": 1, ""AB120"": 1, ""AB053"": 1, ""AB009"": 1}"
3,2,AB008 AB027 *,4,4,1.0,0.25,4,3,HT;KN;ZA,3,3,"{""AB001"": 1, ""AB051"": 1, ""AB024"": 1, ""AB069"": 1}"
3,2,AB028 AB081 *,4,4,1.0,0.25,4,3,HT;KH;ZA,4,4,"{""AB059"": 1, ""AB053"": 1, ""AB039"": 1, ""AB065"": 1}"
3,1,AB003 * AB059,4,4,1.0,0.25,4,3,HT;KH;KN,4,4,"{""AB027"": 1, ""AB001"": 1, ""AB013"": 1, ""AB057"": 1}"
3,1,AB055 * AB003,4,4,1.0,0.25,4,3,HT;PH;ZA,4,4,"{""AB081"": 1, ""AB037"": 1, ""A1000"": 1, ""AB080"": 1}"
3,2,AB030 AB073 *,4,4,1.0,0.25,4,3,HT;KH;PK,4,4,"{""A706"": 1, ""AB080"": 1, ""AB028"": 1, ""AB069"": 1}"
3,0,* AB045 AB008,4,4,1.0,0.25,4,3,HT;KH;ZA,4,4,"{""AB037"": 1, ""AB003"": 1, ""AB053"": 1, ""AB008"": 1}"
3,2,AB058 AB080 *,4,3,0.946395,0.5,4,3,GO;HT;PK,4,3,"{""AB028"": 1, ""A709"": 1, ""AB037"": 2}"
3,1,AB003 * AB001,4,3,0.946395,0.5,4,3,HT;KH;PH,4,3,"{""A505"": 1, ""AB059"": 2, ""AB047"": 1}"
3,2,AB041 AB067 *,4,3,0.946395,0.5,4,3,HT;KH;ZA,4,3,"{""AB024"": 1, ""AB060"": 2, ""AB057"": 1}"
3,1,AB080 * AB053,4,3,0.946395,0.5,4,3,HT;KH;PH,4,3,"{""AB077"": 2, ""AB059"": 1, ""AB027"": 1}"
3,0,* AB059 AB077,4,3,0.946395,0.5,4,3,HT;KN;ZA,4,3,"{""AB039"": 2, ""AB028"": 1, ""AB065"": 1}"
3,0,* AB031 AB053,4,3,0.946395,0.5,4,3,HT;PH;ZA,4,3,"{""AB003"": 1, ""AB028"": 2, ""AB067"": 1}"
3,0,* AB028 AB059,4,3,0.946395,0.5,4,3,HT;PK;ZA,4,3,"{""A608"": 1, ""AB081"": 1, ""AB077"": 2}"
3,1,AB057 * AB031,4,3,0.946395,0.5,4,3,HT;KN;PS,4,3,"{""AB028"": 1, ""AB027"": 1, ""AB031"": 2}"
3,0,* AB030 AB073,4,3,0.946395,0.5,4,3,HT;KH;PK,4,3,"{""AB051"": 2, ""A569"": 1, ""AB058"": 1}"
3,0,* AB057 AB031,4,3,0.946395,0.5,4,3,KN;PS;ZA,4,3,"{""AB037"": 2, ""AB060"": 1, ""AB067"": 1}"
3,1,AB053 * AB059,4,2,0.811278,0.75,4,3,HT;PH;ZA,4,2,"{""AB077"": 1, ""AB030"": 3}"
3,1,AB080 * AB028,4,2,0.811278,0.75,4,3,HT;PK;ZA,4,2,"{""AB053"": 1, ""AB077"": 3}"
3,0,* AB001 AB081,6,6,1.0,0.166667,4,2,HT;PH,6,6,"{""AB056"": 1, ""AB188"": 1, ""AB006"": 1, ""A505"": 1, ""AB053"": 1, ""AB059"": 1}"
3,2,AB001 AB081 *,6,3,0.92062,0.5,4,2,HT;PH,6,3,"{""AB009"": 3, ""AB006"": 1, ""AB002"": 2}"
3,0,* AB120 A707,5,5,1.0,0.2,4,2,HT;KH,5,5,"{""AB040"": 1, ""AB066"": 1, ""AB006"": 1, ""A516"": 1, ""AB009"": 1}"
3,2,AB120 A707 *,5,5,1.0,0.2,4,2,HT;KH,5,5,"{""AB051"": 1, ""A702"": 1, ""A608"": 1, ""A704"": 1, ""AB003"": 1}"
3,1,AB028 * AB053,5,4,0.960964,0.4,4,2,HT;PH,5,4,"{""A576"": 1, ""AB081"": 1, ""AB031"": 2, ""AB079"": 1}"
3,2,AB081 AB073 *,5,2,0.721928,0.8,4,2,HT;ZA,5,2,"{""A626"": 1, ""AB006"": 4}"
3,0,* AB010 AB045,4,4,1.0,0.25,4,2,ARKH;HT,4,4,"{""AB027"": 1, ""AB053"": 1, ""AB065"": 1, ""AB077"": 1}"
3,0,* A704 AB081,4,4,1.0,0.25,4,2,GO;HT,4,4,"{""AB003"": 1, ""A707"": 1, ""AB081"": 1, ""AB026"": 1}"
3,0,* AB080 AB028,4,4,1.0,0.25,4,2,GO;HT,4,4,"{""AB058"": 1, ""AB026"": 1, ""AB051"": 1, ""A542"": 1}"
3,2,AB080 AB028 *,4,4,1.0,0.25,4,2,GO;HT,4,4,"{""AB009"": 1, ""A707"": 1, ""AB006"": 1, ""AB073"": 1}"
3,2,AB007 AB007 *,4,4,1.0,0.25,4,2,HT;ZA,3,3,"{""AB017"": 1, ""AB006"": 1, ""AB070"": 1, ""AB021"": 1}"
3,1,A303 * AB030,4,4,1.0,0.25,4,2,HT;KH,4,4,"{""A704"": 1, ""A707"": 1, ""AB030"": 1, ""A567"": 1}"
3,1,AB080 * AB040,4,4,1.0,0.25,4,2,HT;PYR,4,4,"{""AB079"": 1, ""AB055"": 1, ""AB041"": 1, ""AB026"": 1}"
3,0,* AB077 AB081,4,4,1.0,0.25,4,2,HT;ZA,4,4,"{""AB028"": 1, ""AB053"": 1, ""A704"": 1, ""AB027"": 1}"
3,1,AB037 * AB028,4,4,1.0,0.25,4,2,HT;PK,4,4,"{""A707"": 1, ""AB100"": 1, ""AB003"": 1, ""AB017"": 1}"
3,2,AB028 AB051 *,4,4,1.0,0.25,4,2,HT;MA,4,4,"{""AB037"": 1, ""AB024"": 1, ""AB001"": 1, ""AB040"": 1}"
3,1,AB073 * AB009,4,4,1.0,0.25,4,2,HT;ZA,4,4,"{""AB006"": 1, ""AB067"": 1, ""AB017"": 1, ""AB028"": 1}"
3,2,AB120 A304 *,4,4,1.0,0.25,4,2,HT;KH,4,4,"{""AB016"": 1, ""AB302"": 1, ""A608"": 1, ""A303"": 1}"
3,0,* AB001 AB060,4,4,1.0,0.25,4,2,HT;PH,4,4,"{""AB081"": 1, ""AB026"": 1, ""AB041"": 1, ""AB059"": 1}"
3,0,* AB028 AB037,4,4,1.0,0.25,4,2,HT;ZA,4,4,"{""AB031"": 1, ""AB002"": 1, ""AB081"": 1, ""AB038"": 1}"
3,2,AB024 AB081 *,4,4,1.0,0.25,4,2,HT;PH,4,4,"{""AB037"": 1, ""AB027"": 1, ""AB002"": 1, ""AB056"": 1}"
3,0,* AB007 AB067,4,4,1.0,0.25,4,2,HT;PH,4,4,"{""AB065"": 1, ""AB080"": 1, ""AB073"": 1, ""AB061"": 1}"
3,0,* AB016 AB016,4,4,1.0,0.25,4,2,HT;PE,4,4,"{""AB067"": 1, ""AB017"": 1, ""AB076"": 1, ""A704"": 1}"
3,1,AB001 * AB041,4,4,1.0,0.25,4,2,HT;KH,4,4,"{""AB027"": 1, ""AB006"": 1, ""AB067"": 1, ""AB058"": 1}"
3,2,AB007 AB060 *,4,4,1.0,0.25,4,2,HT;PH,4,4,"{""AB003"": 1, ""A707"": 1, ""AB078"": 1, ""AB007"": 1}"
3,0,* AB007 AB001,4,4,1.0,0.25,4,2,HT;KN,4,4,"{""AB026"": 1, ""AB002"": 1, ""AB080"": 1, ""AB008"": 1}"
3,2,AB077 AB006 *,4,4,1.0,0.25,4,2,HT;KH,4,4,"{""AB041"": 1, ""AB021"": 1, ""A303"": 1, ""AB030"": 1}"
3,2,AB008 AB006 *,4,4,1.0,0.25,4,2,HT;KN,3,3,"{""AB010"": 1, ""AB078"": 1, ""AB055"": 1, ""AB024"": 1}"
3,1,AB003 * AB069,4,4,1.0,0.25,4,2,HT;KH,4,4,"{""AB060"": 1, ""AB053"": 1, ""AB004"": 1, ""AB006"": 1}"
3,1,AB069 * AB027,4,4,1.0,0.25,4,2,HT;ZA,4,4,"{""AB080"": 1, ""AB076"": 1, ""AB008"": 1, ""AB070"": 1}"
3,0,* AB004 AB069,4,4,1.0,0.25,4,2,HT;ZA,4,4,"{""A707"": 1, ""AB027"": 1, ""AB003"": 1, ""AB041"": 1}"
3,0,* AB030 AB077,4,4,1.0,0.25,4,2,HT;ZA,4,4,"{""AB002"": 1, ""AB079"": 1, ""AB059"": 1, ""AB050"": 1}"
3,1,AB059 * AB041,4,4,1.0,0.25,4,2,HT;KH,4,4,"{""AB039"": 1, ""AB044"": 1, ""AB028"": 1, ""AB006"": 1}"
3,2,AB030 AB004 *,4,4,1.0,0.25,4,2,HT;KH,4,4,"{""AB037"": 1, ""AB016"": 1, ""AB044"": 1, ""AB006"": 1}"
3,0,* A306 A303,4,4,1.0,0.25,4,2,HT;KH,4,4,"{""A318"": 1, ""AB131"": 1, ""AB027"": 1, ""AB004"": 1}"
3,0,* AB008 AB059,4,4,1.0,0.25,4,2,KH;ZA,4,4,"{""AB131"": 1, ""AB006"": 1, ""AB060"": 1, ""A512"": 1}"
4,0,* AB003 AB057 AB027,4,4,1.0,0.25,4,2,HT;ZA,4,4,"{""AB059"": 1, ""AB055"": 1, ""A707"": 1, ""AB027"": 1}"
4,3,AB003 AB057 AB027 *,4,4,1.0,0.25,4,2,HT;ZA,4,4,"{""AB007"": 1, ""AB031"": 1, ""A705"": 1, ""AB077"": 1}"
4,1,AB059 * AB081 AB002,4,4,1.0,0.25,4,2,HT;PH,4,4,"{""AB120"": 1, ""AB027"": 1, ""AB060"": 1, ""AB001"": 1}"
3,0,* AB024 AB008,4,3,0.946395,0.5,4,2,ARKH;HT,4,3,"{""AB118"": 1, ""AB037"": 1, ""AB060"": 2}"
3,0,* AB056 AB006,4,3,0.946395,0.5,4,2,ARKH;HT,4,3,"{""AB027"": 1, ""AB051"": 1, ""AB081"": 2}"
3,2,AB010 AB045 *,4,3,0.946395,0.5,4,2,ARKH;HT,4,3,"{""AB073"": 1, ""AB017"": 2, ""AB059"": 1}"
3,0,* AB051 AB030,4,3,0.946395,0.5,4,2,ARKH;HT,4,3,"{""AB008"": 1, ""AB037"": 1, ""AB054"": 2}"
3,2,AB051 AB030 *,4,3,0.946395,0.5,4,2,ARKH;HT,4,3,"{""AB059"": 1, ""AB041"": 1, ""AB073"": 2}"
3,0,* AB001 AB002,4,3,0.946395,0.5,4,2,ARKH;HT,4,3,"{""AB008"": 1, ""AB067"": 2, ""A403"": 1}"
3,2,A704 AB081 *,4,3,0.946395,0.5,4,2,GO;HT,4,3,"{""AB009"": 1, ""AB002"": 2, ""A704"": 1}"
3,0,* AB007 AB007,4,3,0.946395,0.5,4,2,HT;ZA,3,3,"{""AB058"": 1, ""AB080"": 2, ""AB004"": 1}"
3,1,AB077 * AB002,4,3,0.946395,0.5,4,2,HT;ZA,4,3,"{""AB081"": 2, ""AB027"": 1, ""AB028"": 1}"
3,1,AB081 * AB065,4,3,0.946395,0.5,4,2,HT;ZA,4,3,"{""AB027"": 2, ""AB080"": 1, ""AB026"": 1}"
3,1,AB008 * AB060,4,3,0.946395,0.5,4,2,HT;KN,4,3,"{""AB026"": 1, ""AB003"": 2, ""AB079"": 1}"
3,2,AB027 AB041 *,4,3,0.946395,0.5,4,2,HT;ZA,4,3,"{""AB001"": 1, ""AB067"": 1, ""AB039"": 2}"
3,2,AB081 AB079 *,4,3,0.946395,0.5,4,2,HT;TY,4,3,"{""AB030"": 2, ""AB006"": 1, ""A618"": 1}"
3,1,AB081 * A303,4,3,0.946395,0.5,4,2,HT;KH,4,3,"{""AB002"": 2, ""AB059"": 1, ""AB003"": 1}"
3,0,* A303 A707,4,3,0.946395,0.5,4,2,HT;KH,4,3,"{""AB002"": 2, ""AB076"": 1, ""AB055"": 1}"
3,0,* AB037 AB037,4,3,0.946395,0.5,4,2,HT;MA,4,3,"{""AB028"": 1, ""AB080"": 2, ""AB027"": 1}"
3,1,AB021 * AB024,4,2,0.811278,0.75,4,2,HT;PH,4,2,"{""AB069"": 3, ""AB021"": 1}"
3,2,AB016 AB016 *,4,2,0.811278,0.75,4,2,HT;PE,4,2,"{""AB026"": 3, ""AB001"": 1}"
3,0,* AB027 AB041,4,2,0.811278,0.75,4,2,HT;ZA,4,2,"{""AB001"": 1, ""AB080"": 3}"
3,1,AB026 * AB059,4,2,0.811278,0.75,4,2,HT;ZA,4,2,"{""AB080"": 3, ""AB057"": 1}"
3,1,AB073 * AB004,4,2,0.811278,0.75,4,2,HT;ZA,4,2,"{""AB055"": 3, ""AB041"": 1}"
3,1,AB003 * AB057,4,2,0.811278,0.75,4,2,HT;KH,4,2,"{""AB009"": 3, ""AB031"": 1}"
4,3,AB001 AB027 AB081 *,4,2,0.811278,0.75,4,2,HT;ZA,4,2,"{""AB002"": 3, ""AB081"": 1}"
4,3,AB051 AB027 AB017 *,4,2,0.811278,0.75,4,2,KH;ZA,4,2,"{""A626"": 1, ""AB009"": 3}"
3,2,A703 A703 *,6,5,0.969724,0.333333,4,1,HT,6,5,"{""AB131"": 2, ""A510"": 1, ""A509"": 1, ""AB030"": 1, ""A707"": 1}"
3,0,* A703 A703,6,4,0.896241,0.5,4,1,HT,6,4,"{""AB030"": 3, ""A615"": 1, ""AB057"": 1, ""A303"": 1}"
3,0,* A707 AB030,5,5,1.0,0.2,4,1,HT,5,5,"{""AB080"": 1, ""AB030"": 1, ""A706"": 1, ""A303"": 1, ""A703"": 1}"
3,0,* AB081 AB027,5,5,1.0,0.2,4,1,HT,4,4,"{""AB024"": 1, ""AB078"": 1, ""AB123"": 1, ""AB037"": 1, ""AB016"": 1}"
4,3,AB007 AB006 AB010 *,5,5,1.0,0.2,4,1,HT,5,5,"{""A705"": 1, ""AB026"": 1, ""AB008"": 1, ""AB078"": 1, ""AB081"": 1}"
3,1,AB010 * AB017,5,2,0.970951,0.6,4,1,HT,5,2,"{""A325"": 3, ""AB045"": 2}"
3,2,AB081 AB027 *,5,4,0.960964,0.4,4,1,HT,4,3,"{""AB065"": 2, ""AB007"": 1, ""AB081"": 1, ""AB006"": 1}"
3,1,AB120 * A608,5,4,0.960964,0.4,4,1,HT,5,4,"{""A707"": 1, ""A622"": 2, ""A304"": 1, ""AB030"": 1}"
3,2,AB037 AB081 *,4,4,1.0,0.25,4,1,HT,4,4,"{""AB002"": 1, ""A326"": 1, ""AB027"": 1, ""AB030"": 1}"
3,0,* AB001 AB053,4,4,1.0,0.25,4,1,HT,4,4,"{""A707"": 1, ""AB055"": 1, ""AB100"": 1, ""AB037"": 1}"
3,0,* AB001 AB013,4,4,1.0,0.25,4,1,HT,4,4,"{""AB053"": 1, ""AB060"": 1, ""AB051"": 1, ""AB120"": 1}"
3,2,AB001 AB013 *,4,4,1.0,0.25,4,1,HT,4,4,"{""AB017"": 1, ""A584"": 1, ""A580"": 1, ""AB073"": 1}"
3,1,AB060 * A707,4,4,1.0,0.25,4,1,HT,4,4,"{""AB024"": 1, ""A706"": 1, ""AB060"": 1, ""AB037"": 1}"
3,2,AB004 AB120 *,4,4,1.0,0.25,4,1,HT,4,3,"{""A618"": 1, ""A622"": 1, ""A610"": 1, ""AB067"": 1}"
3,2,AB053 AB004 *,4,4,1.0,0.25,4,1,HT,4,4,"{""AB067"": 1, ""AB003"": 1, ""AB039"": 1, ""AB028"": 1}"
3,1,AB056 * AB069,4,2,1.0,0.5,4,1,HT,4,2,"{""AB055"": 2, ""AB006"": 2}"
3,0,* AB059 AB060,4,4,1.0,0.25,4,1,HT,4,4,"{""AB026"": 1, ""AB001"": 1, ""A570"": 1, ""AB039"": 1}"
3,2,AB059 AB060 *,4,4,1.0,0.25,4,1,HT,4,4,"{""AB027"": 1, ""AB004"": 1, ""AB081"": 1, ""A323"": 1}"
3,0,* AB067 AB001,4,4,1.0,0.25,4,1,HT,4,4,"{""AB037"": 1, ""AB078"": 1, ""AB120"": 1, ""AB039"": 1}"
3,1,AB027 * AB007,4,4,1.0,0.25,4,1,HT,4,4,"{""AB065"": 1, ""A324"": 1, ""AB040"": 1, ""AB073"": 1}"
3,0,* AB001 AB041,4,2,1.0,0.5,4,1,HT,4,2,"{""AB017"": 2, ""AB030"": 2}"
3,0,* AB016 A310,4,4,1.0,0.25,4,1,HT,4,4,"{""AB067"": 1, ""AB007"": 1, ""A301"": 1, ""AB188"": 1}"
3,0,* AB001 AB059,4,4,1.0,0.25,4,1,HT,4,4,"{""AB037"": 1, ""AB067"": 1, ""AB003"": 1, ""AB002"": 1}"
3,2,AB001 AB059 *,4,4,1.0,0.25,4,1,HT,4,4,"{""AB039"": 1, ""AB120"": 1, ""AB060"": 1, ""AB027"": 1}"
3,2,A704 A705 *,4,4,1.0,0.25,4,1,HT,4,4,"{""AB081"": 1, ""AB031"": 1, ""AB077"": 1, ""AB059"": 1}"
3,1,A707 * AB007,4,4,1.0,0.25,4,1,HT,4,4,"{""AB041"": 1, ""A579"": 1, ""AB067"": 1, ""A704"": 1}"
3,0,* AB080 AB053,4,4,1.0,0.25,4,1,HT,4,4,"{""A579"": 1, ""A305"": 1, ""AB009"": 1, ""AB026"": 1}"
3,2,AB079 AB030 *,4,4,1.0,0.25,4,1,HT,4,4,"{""AB001"": 1, ""A545"": 1, ""AB004"": 1, ""AB077"": 1}"
3,0,* AB077 AB003,4,4,1.0,0.25,4,1,HT,4,4,"{""A610"": 1, ""AB024"": 1, ""AB078"": 1, ""A705"": 1}"
3,1,AB076 * AB030,4,2,1.0,0.5,4,1,HT,4,2,"{""AB120"": 2, ""A303"": 2}"
3,1,A704 * A707,4,4,1.0,0.25,4,1,HT,4,4,"{""A684"": 1, ""A304"": 1, ""A622"": 1, ""AB030"": 1}"
3,1,AB030 * AB131,4,4,1.0,0.25,4,1,HT,4,4,"{""A702"": 1, ""A703"": 1, ""A704"": 1, ""A701"": 1}"
3,1,AB004 * AB030,4,4,1.0,0.25,4,1,HT,4,4,"{""A582"": 1, ""AB037"": 1, ""AB081"": 1, ""AB030"": 1}"
3,1,AB054 * AB030,4,2,1.0,0.5,4,1,HT,4,2,"{""AB051"": 2, ""AB007"": 2}"
4,3,AB027 AB059 AB006 *,4,4,1.0,0.25,4,1,HT,4,4,"{""AB100"": 1, ""A580"": 1, ""A610"": 1, ""A707"": 1}"
4,0,* AB001 AB053 AB001,4,4,1.0,0.25,4,1,HT,4,4,"{""A707"": 1, ""AB055"": 1, ""AB100"": 1, ""AB037"": 1}"
4,3,AB001 AB053 AB001 *,4,4,1.0,0.25,4,1,HT,4,4,"{""AB013"": 1, ""AB081"": 1, ""AB056"": 1, ""A406"": 1}"
4,0,* AB059 AB006 AB037,4,4,1.0,0.25,4,1,HT,4,4,"{""AB026"": 1, ""AB051"": 1, ""AB057"": 1, ""AB069"": 1}"
4,3,AB059 AB006 AB037 *,4,4,1.0,0.25,4,1,HT,4,4,"{""A704"": 1, ""AB053"": 1, ""AB001"": 1, ""A707"": 1}"
4,2,AB081 AB056 * AB069,4,2,1.0,0.5,4,1,HT,4,2,"{""AB055"": 2, ""AB006"": 2}"
4,0,* AB001 AB041 AB118,4,2,1.0,0.5,4,1,HT,4,2,"{""AB017"": 2, ""AB030"": 2}"
4,3,AB001 AB041 AB118 *,4,4,1.0,0.25,4,1,HT,4,4,"{""AB003"": 1, ""AB028"": 1, ""AB081"": 1, ""AB079"": 1}"
4,0,* AB016 A310 AB028,4,4,1.0,0.25,4,1,HT,4,4,"{""AB067"": 1, ""AB007"": 1, ""A301"": 1, ""AB188"": 1}"
4,0,* AB081 AB002 A707,4,4,1.0,0.25,4,1,HT,4,4,"{""AB041"": 1, ""AB005"": 1, ""AB026"": 1, ""A704"": 1}"
4,0,* AB007 AB006 AB010,4,4,1.0,0.25,4,1,HT,4,4,"{""AB003"": 1, ""AB040"": 1, ""AB069"": 1, ""AB123"": 1}"
4,2,AB031 AB076 * AB030,4,2,1.0,0.5,4,1,HT,4,2,"{""AB120"": 2, ""A303"": 2}"
5,4,AB067 AB027 AB059 AB006 *,4,4,1.0,0.25,4,1,HT,4,4,"{""AB100"": 1, ""A580"": 1, ""A610"": 1, ""A707"": 1}"
3,1,AB120 * AB030,4,3,0.946395,0.5,4,1,HT,4,3,"{""AB056"": 1, ""AB302"": 2, ""A608"": 1}"
3,0,* AB037 AB081,4,3,0.946395,0.5,4,1,HT,4,3,"{""AB058"": 1, ""AB037"": 2, ""AB080"": 1}"
3,2,AB030 AB058 *,4,3,0.946395,0.5,4,1,HT,4,3,"{""AB031"": 1, ""A584"": 2, ""AB007"": 1}"
3,1,AB037 * AB027,4,3,0.946395,0.5,4,1,HT,3,2,"{""AB001"": 2, ""AB081"": 1, ""AB030"": 1}"
3,2,AB060 AB024 *,4,3,0.946395,0.5,4,1,HT,4,3,"{""AB008"": 2, ""A707"": 1, ""AB016"": 1}"
3,0,* AB053 AB004,4,3,0.946395,0.5,4,1,HT,4,3,"{""AB077"": 2, ""AB051"": 1, ""AB067"": 1}"
3,1,AB077 * AB004,4,3,0.946395,0.5,4,1,HT,4,3,"{""AB053"": 2, ""AB009"": 1, ""AB003"": 1}"
3,1,AB080 * AB007,4,3,0.946395,0.5,4,1,HT,3,3,"{""AB010"": 1, ""AB007"": 2, ""AB004"": 1}"
3,2,AB067 AB001 *,4,3,0.946395,0.5,4,1,HT,4,3,"{""AB002"": 2, ""AB067"": 1, ""AB059"": 1}"
3,0,* AB058 AB067,4,3,0.946395,0.5,4,1,HT,3,3,"{""AB053"": 2, ""AB027"": 1, ""AB009"": 1}"
3,2,A310 AB028 *,4,3,0.946395,0.5,4,1,HT,4,3,"{""AB057"": 1, ""A707"": 1, ""A704"": 2}"
3,2,AB046 AB007 *,4,3,0.946395,0.5,4,1,HT,4,3,"{""A346"": 1, ""A618"": 2, ""A638"": 1}"
3,0,* AB026 AB007,4,3,0.946395,0.5,4,1,HT,4,3,"{""AB016"": 1, ""AB053"": 1, ""AB031"": 2}"
3,1,AB002 * A707,4,3,0.946395,0.5,4,1,HT,4,3,"{""AB122"": 1, ""A303"": 2, ""AB044"": 1}"
3,0,* AB004 AB131,4,3,0.946395,0.5,4,1,HT,4,3,"{""AB037"": 2, ""AB060"": 1, ""AB002"": 1}"
3,2,AB004 AB131 *,4,3,0.946395,0.5,4,1,HT,4,3,"{""AB031"": 2, ""AB006"": 1, ""AB003"": 1}"
3,0,* AB031 AB002,4,3,0.946395,0.5,4,1,HT,4,3,"{""AB131"": 2, ""A610"": 1, ""AB067"": 1}"
3,0,* AB041 AB057,4,3,0.946395,0.5,4,1,HT,4,3,"{""AB008"": 2, ""AB044"": 1, ""AB055"": 1}"
3,1,AB077 * AB081,4,3,0.946395,0.5,4,1,HT,4,3,"{""A547"": 1, ""AB026"": 2, ""AB065"": 1}"
3,0,* AB007 AB045,4,3,0.946395,0.5,4,1,HT,4,3,"{""AB026"": 2, ""AB030"": 1, ""AB058"": 1}"
4,2,AB076 AB120 * AB030,4,3,0.946395,0.5,4,1,HT,4,3,"{""AB056"": 1, ""AB302"": 2, ""A608"": 1}"
4,3,AB081 AB030 AB058 *,4,3,0.946395,0.5,4,1,HT,4,3,"{""AB031"": 1, ""A584"": 2, ""AB007"": 1}"
4,0,* AB003 AB060 AB024,4,3,0.946395,0.5,4,1,HT,4,3,"{""A707"": 1, ""AB026"": 1, ""AB008"": 2}"
4,3,AB003 AB060 AB024 *,4,3,0.946395,0.5,4,1,HT,4,3,"{""AB008"": 2, ""A707"": 1, ""AB016"": 1}"
5,3,AB031 AB076 AB120 * AB030,4,3,0.946395,0.5,4,1,HT,4,3,"{""AB056"": 1, ""AB302"": 2, ""A608"": 1}"
3,2,AB078 AB076 *,4,2,0.811278,0.75,4,1,HT,4,2,"{""AB010"": 3, ""AB057"": 1}"
3,2,AB021 AB069 *,4,2,0.811278,0.75,4,1,HT,4,2,"{""AB003"": 1, ""AB024"": 3}"
3,1,AB041 * AB076,4,2,0.811278,0.75,4,1,HT,4,2,"{""AB031"": 3, ""AB069"": 1}"
3,1,AB077 * AB003,4,2,0.811278,0.75,4,1,HT,4,2,"{""AB081"": 3, ""A305"": 1}"
3,1,AB007 * AB026,4,2,0.811278,0.75,4,1,HT,4,2,"{""AB023"": 1, ""AB045"": 3}"
4,3,AB028 AB055 AB080 *,4,2,0.811278,0.75,4,1,ZA,4,2,"{""AB027"": 3, ""AB003"": 1}"
3,1,AB031 * AB073,4,4,1.0,0.25,3,3,HT;PE;ZA,4,4,"{""A323"": 1, ""A305"": 1, ""A507"": 1, ""AB023"": 1}"
3,1,AB008 * AB069,4,4,1.0,0.25,3,3,PH;TY;ZA,4,4,"{""AB009"": 1, ""AB081"": 1, ""AB060"": 1, ""AB027"": 1}"
3,1,AB008 * AB073,4,4,1.0,0.25,3,2,ARKH;ZA,4,4,"{""AB058"": 1, ""AB003"": 1, ""AB081"": 1, ""AB118"": 1}"
3,2,A325 AB017 *,4,4,1.0,0.25,3,2,HT;PE,4,4,"{""A301"": 1, ""A305"": 1, ""AB001"": 1, ""A704"": 1}"
3,0,* AB053 AB057,4,4,1.0,0.25,3,2,HT;PH,4,4,"{""AB056"": 1, ""AB031"": 1, ""AB078"": 1, ""AB008"": 1}"
3,0,* A618 A622,4,3,0.946395,0.5,3,2,HT;TY,2,2,"{""A304"": 1, ""AB120"": 2, ""AB079"": 1}"
3,2,A618 A622 *,4,3,0.946395,0.5,3,2,HT;TY,2,2,"{""AB122"": 2, ""A587"": 1, ""AB120"": 1}"
3,1,AB002 * A704,4,2,0.811278,0.75,3,2,GO;HT,4,2,"{""AB003"": 1, ""A707"": 3}"
3,0,* AB081 AB009,4,2,0.811278,0.75,3,2,GO;HT,4,2,"{""A704"": 1, ""AB001"": 3}"
3,1,AB001 * AB009,4,2,0.811278,0.75,3,2,GO;HT,4,2,"{""AB027"": 1, ""AB081"": 3}"
3,0,* A325 AB017,4,2,0.811278,0.75,3,2,HT;PE,4,2,"{""AB010"": 3, ""AB008"": 1}"
3,0,* AB077 AB028,4,2,0.811278,0.75,3,2,PK;ZA,4,2,"{""AB080"": 3, ""AB059"": 1}"
3,0,* AB030 A703,5,4,0.960964,0.4,3,1,HT,5,4,"{""A704"": 1, ""A707"": 2, ""A303"": 1, ""A703"": 1}"
3,2,AB131 A707 *,4,4,1.0,0.25,3,1,HT,4,4,"{""A610"": 1, ""A615"": 1, ""AB023"": 1, ""A704"": 1}"
3,0,* AB037 A707,4,4,1.0,0.25,3,1,HT,4,4,"{""AB024"": 1, ""AB051"": 1, ""AB060"": 1, ""AB006"": 1}"
3,1,A702 * A702,4,4,1.0,0.25,3,1,HT,4,4,"{""AB302"": 1, ""AB030"": 1, ""A614"": 1, ""A308"": 1}"
3,2,AB037 A707 *,4,3,0.946395,0.5,3,1,HT,4,3,"{""AB028"": 1, ""AB003"": 2, ""A704"": 1}"
3,2,A707 AB030 *,4,3,0.946395,0.5,3,1,HT,4,3,"{""A707"": 1, ""A301"": 1, ""A703"": 2}"
3,2,AB030 A703 *,4,2,0.811278,0.75,3,1,HT,4,2,"{""A703"": 3, ""AB131"": 1}"
3,0,* AB131 A707,4,2,0.811278,0.75,3,1,HT,4,2,"{""A703"": 3, ""AB188"": 1}"
3,1,A703 * A707,4,2,0.811278,0.75,3,1,HT,4,2,"{""AB131"": 3, ""A703"": 1}"
3,1,AB056 * AB006,4,2,0.811278,0.75,3,1,HT,4,2,"{""AB027"": 1, ""AB030"": 3}"
3,1,AB001 * AB060,4,2,0.811278,0.75,3,1,HT,4,2,"{""AB078"": 3, ""AB059"": 1}"
3,2,AB002 A707 *,4,2,0.811278,0.75,3,1,HT,4,2,"{""A704"": 3, ""AB051"": 1}"
3,1,AB010 * AB041,4,2,0.811278,0.75,3,1,HT,4,2,"{""A707"": 1, ""AB034"": 3}"
3,1,A704 * AB002,5,2,0.970951,0.6,2,1,HT,5,2,"{""AB067"": 3, ""AB081"": 2}"
3,0,* AB077 AB077,4,4,1.0,0.25,2,1,HT,4,4,"{""AB086"": 1, ""AB077"": 1, ""AB118"": 1, ""AB080"": 1}"
3,2,AB077 AB077 *,4,4,1.0,0.25,2,1,HT,4,4,"{""AB077"": 1, ""AB026"": 1, ""AB080"": 1, ""A610"": 1}"
3,0,* AB031 AB027,4,3,0.946395,0.5,2,1,HT,4,3,"{""A705"": 1, ""A597"": 2, ""A591"": 1}"
3,0,* A704 AB067,4,2,0.811278,0.75,2,1,HT,4,2,"{""A308"": 3, ""AB060"": 1}"
3,2,A704 AB067 *,4,2,0.811278,0.75,2,1,HT,4,2,"{""AB002"": 3, ""AB027"": 1}"
