length,slot,frame,total,variants,documents,entropy,variant_counts
2,0,* AB002,55,4,43,0.6636458876485886,AB081:34;AB067:16;AB031:4;AB027:1
2,1,AB081 *,51,12,44,0.5508320004897302,AB002:34;AB003:5;AB027:2;AB030:2;AB009:1;AB059:1;AB001:1;A305:1;AB077:1;AB039:1;A321:1;AB060:1
2,1,AB008 *,39,19,36,0.9134873812278818,AB051:9;AB080:3;AB009:3;AB053:3;AB060:2;AB003:2;AB065:2;AB006:2;AB073:2;AB057:2;AB028:1;AB026:1;AB041:1;AB059:1;A301:1;AB039:1;AB056:1;AB001:1;AB045:1
2,1,AB031 *,38,11,38,0.7487129089967,AB076:17;AB026:6;AB080:4;AB002:4;AB059:1;AB011:1;AB072:1;AB024:1;AB060:1;AB050:1;AB053:1
2,0,* AB076,31,7,30,0.6675232752217707,AB031:17;AB028:8;AB050:2;AB026:1;AB077:1;AB073:1;AB029:1
2,1,AB077 *,23,15,21,0.9396139467220713,AB003:5;AB006:2;AB067:2;AB026:2;AB007:2;AB024:1;AB076:1;AB080:1;AB081:1;AB037:1;AB065:1;A305:1;AB031:1;AB046:1;AB016:1
2,1,AB028 *,23,12,22,0.873721163778097,AB076:8;AB077:2;AB037:2;AB001:2;AB009:2;AB047:1;A308:1;A331:1;AB041:1;AB057:1;AB045:1;AB080:1
2,1,AB067 *,22,6,17,0.5645852186366893,AB002:16;AB060:2;AB055:1;AB001:1;A310:1;AB037:1
2,1,AB001 *,20,8,20,0.8760709819470006,AB027:6;AB077:5;AB013:3;AB028:2;AB067:1;AB056:1;AB017:1;AB060:1
2,1,AB057 *,18,17,18,0.9929910186265144,AB021:2;AB027:1;AB039:1;A345:1;AB058:1;AB060:1;AB078:1;AB054:1;AB041:1;AB081:1;A304:1;AB031:1;AB007:1;AB037:1;AB040:1;AB067:1;AB003:1
2,0,* AB077,18,9,18,0.8734761347212234,AB001:5;AB041:5;AB028:2;AB073:1;AB118:1;AB078:1;AB081:1;AB051:1;AB038:1
2,1,AB041 *,17,11,17,0.9161183237793352,AB077:5;AB004:2;AB069:2;AB051:1;A516:1;AB060:1;AB026:1;AB100:1;AB050:1;AB006:1;AB067:1
2,0,* AB051,17,7,17,0.7743848551258464,AB008:9;AB079:2;AB188:2;AB041:1;AB058:1;AB076:1;AB040:1
2,0,* AB003,16,7,16,0.8633731779517634,AB077:5;AB081:5;AB008:2;AB059:1;AB069:1;AB058:1;AB057:1
2,0,* AB007,16,7,15,0.8569059235539741,AB080:6;AB046:4;AB077:2;AB026:1;AB045:1;AB057:1;AB007:1
2,0,* AB060,15,12,15,0.9782223928152853,AB008:2;AB067:2;AB003:2;AB030:1;AB041:1;AB031:1;AB065:1;AB059:1;AB057:1;AB051:1;AB001:1;AB081:1
2,0,* AB037,15,12,15,0.9782223928152853,AB028:2;AB059:2;AB055:2;AB010:1;AB073:1;AB077:1;AB078:1;AB061:1;AB067:1;AB027:1;AB051:1;AB057:1
2,0,* AB026,15,8,15,0.8687463095511299,AB031:6;AB023:2;AB077:2;A305:1;AB080:1;AB070:1;AB008:1;AB041:1
2,1,AB003 *,14,10,14,0.95787919662003,AB045:3;AB060:2;AB009:2;AB027:1;AB057:1;AB047:1;AB001:1;AB059:1;AB073:1;AB017:1
2,1,AB080 *,14,9,13,0.8516018041725559,AB007:6;AB079:1;AB026:1;AB053:1;AB041:1;AB027:1;A321:1;AB017:1;AB065:1
2,0,* AB027,14,8,14,0.8522189024876077,AB001:6;AB081:2;AB057:1;AB055:1;AB058:1;AB003:1;AB080:1;AB073:1
2,0,* AB069,14,7,14,0.9299063765753789,A306:4;AB004:3;AB073:2;AB041:2;AB078:1;AB027:1;AB021:1
2,1,AB004 *,13,8,12,0.9577135598377111,AB069:3;AB067:2;A301:2;AB053:2;AB044:1;AB079:1;AB123:1;AB004:1
2,0,* AB067,12,10,11,0.978837914159631,AB004:2;AB077:2;AB001:1;AB058:1;AB051:1;AB006:1;AB016:1;AB041:1;AB057:1;AB007:1
2,0,* AB073,11,10,11,0.9866599586738648,AB008:2;AB026:1;AB045:1;AB006:1;AB059:1;AB030:1;AB003:1;AB038:1;AB118:1;AB061:1
2,0,* AB006,11,8,11,0.9713256910609176,AB077:2;AB008:2;AB007:2;AB041:1;A301:1;AB073:1;AB026:1;A320:1
2,0,* AB053,11,8,9,0.948450312207479,AB008:3;AB004:2;A322:1;AB060:1;AB080:1;AB037:1;AB051:1;AB031:1
2,0,* AB080,11,6,11,0.88972137527189,AB031:4;AB008:3;AB077:1;AB026:1;AB069:1;AB028:1
2,0,* AB057,10,9,10,0.9848586617875463,AB008:2;AB070:1;AB003:1;AB053:1;AB051:1;AB059:1;AB026:1;AB028:1;AB040:1
2,1,AB059 *,10,9,10,0.9848586617875463,AB037:2;AB039:1;AB003:1;AB073:1;AB060:1;AB057:1;AB010:1;AB059:1;AB044:1
2,0,* AB009,10,6,9,0.9464119282150146,AB008:3;AB003:2;AB028:2;AB081:1;AB055:1;AB039:1
2,1,AB026 *,9,9,9,1.0,AB073:1;AB076:1;AB007:1;AB030:1;AB080:1;AB031:1;AB006:1;AB057:1;AB039:1
2,1,AB073 *,9,8,8,0.9825675930733636,AB069:2;AB059:1;AB077:1;AB001:1;AB076:1;AB037:1;AB006:1;AB027:1
3,2,AB081 AB056 *,9,2,7,0.5032583347756457,AB055:8;AB056:1
2,0,* AB059,8,8,8,1.0,AB030:1;A312:1;AB081:1;AB031:1;AB073:1;AB008:1;AB003:1;AB059:1
2,0,* AB017,8,5,8,0.9283832117695864,AB027:3;AB013:2;AB001:1;AB080:1;AB003:1
2,1,AB051 *,7,7,7,1.0,AB067:1;AB057:1;AB060:1;AB077:1;AB053:1;AB037:1;AB065:1
2,0,* AB065,7,6,7,0.9755037590061084,AB008:2;A327:1;AB077:1;AB051:1;AB010:1;AB080:1
2,0,* AB031,7,6,7,0.9755037590061084,AB039:2;AB040:1;AB037:1;AB026:1;AB077:1;AB057:1
2,0,* AB001,7,6,7,0.9755037590061084,AB028:2;AB081:1;AB067:1;AB073:1;AB003:1;AB008:1
2,1,AB039 *,7,6,7,0.9755037590061084,AB031:2;A314:1;AB055:1;AB061:1;AB023:1;AB009:1
2,0,* AB030,7,5,7,0.9629610647945144,AB056:2;AB081:2;AB026:1;AB037:1;A358:1
2,0,* AB045,7,5,7,0.9165164431996023,AB003:3;AB007:1;AB050:1;AB008:1;AB028:1
2,1,AB027 *,7,5,7,0.9165164431996023,AB017:3;AB058:1;AB069:1;AB002:1;AB037:1
2,0,* AB039,6,6,6,1.0,AB059:1;AB057:1;AB030:1;AB008:1;AB026:1;AB081:1
2,0,* AB041,6,6,6,1.0,AB009:1;AB080:1;AB008:1;AB007:1;AB028:1;AB057:1
2,1,AB058 *,6,6,6,1.0,AB050:1;AB027:1;AB051:1;AB067:1;AB029:1;AB003:1
2,1,AB010 *,6,5,6,0.9697238998682473,AB049:2;AB066:1;AB037:1;AB058:1;AB065:1
2,1,AB007 *,6,5,6,0.9697238998682473,AB006:2;AB045:1;AB041:1;AB007:1;AB067:1
2,1,AB050 *,6,4,6,0.9591479170272448,AB076:2;AB131:2;AB070:1;AB045:1
3,2,AB007 AB006 *,6,2,5,0.6500224216483541,AB010:5;AB002:1
2,0,* AB058,5,5,5,1.0000000000000002,AB079:1;AB010:1;AB027:1;AB057:1;AB069:1
2,0,* AB050,5,4,5,0.9609640474436812,AB078:2;AB058:1;AB041:1;AB031:1
2,1,AB055 *,5,4,5,0.9609640474436812,AB037:2;AB040:1;AB027:1;AB009:1
2,1,AB078 *,5,4,5,0.9609640474436812,AB050:2;AB069:1;AB037:1;AB077:1
2,0,* AB028,5,3,5,0.9602297178607612,AB100:2;AB001:2;AB008:1
3,1,AB003 * AB024,5,3,5,0.9602297178607612,AB060:2;AB059:2;AB053:1
3,2,AB003 AB059 *,5,3,5,0.9602297178607612,AB024:2;AB001:2;AB078:1
3,0,* AB007 AB060,5,2,5,0.9709505944546688,A324:3;AB079:2
3,0,* AB041 AB118,5,2,5,0.7219280948873623,AB001:4;AB008:1
3,2,AB081 AB030 *,5,2,5,0.7219280948873623,AB058:4;AB004:1
3,2,AB059 AB006 *,5,2,5,0.7219280948873623,AB037:4;AB004:1
2,0,* A305,4,4,4,1.0,AB053:1;AB081:1;AB077:1;AB009:1
2,1,AB030 *,4,4,4,1.0,AB059:1;AB060:1;AB039:1;AB073:1
2,1,AB016 *,4,4,4,1.0,AB056:1;AB118:1;AB024:1;AB067:1
3,0,* AB059 AB027,4,4,4,1.0,AB001:1;AB077:1;AB066:1;AB008:1
2,0,* AB004,4,3,4,0.946394630357186,AB041:2;AB060:1;AB004:1
2,0,* AB013,4,2,4,0.8112781244591328,AB001:3;AB005:1
2,0,* AB118,4,2,4,0.8112781244591328,AB021:3;AB016:1
2,1,AB021 *,4,2,4,0.8112781244591328,AB118:3;AB069:1
3,0,* A325 AB017,4,2,3,0.8112781244591328,AB010:3;AB008:1
3,0,* AB069 AB024,4,2,4,0.8112781244591328,AB021:3;AB078:1
3,1,AB010 * AB017,4,2,3,0.8112781244591328,A325:3;AB045:1
3,1,AB001 * AB060,4,2,3,0.8112781244591328,AB078:3;AB059:1
3,1,AB008 * AB026,4,2,4,0.8112781244591328,AB077:3;AB037:1
3,2,AB016 AB016 *,4,2,4,0.8112781244591328,AB026:3;AB001:1
3,2,AB008 AB077 *,4,2,4,0.8112781244591328,AB026:3;AB059:1
3,2,AB073 AB055 *,4,2,4,0.8112781244591328,AB004:3;AB073:1
3,2,AB056 AB030 *,4,2,3,0.8112781244591328,AB006:3;AB040:1
