sign_a,sign_b,observed,null_mean,null_sd,z,empirical_p,bh_q
AB059,AB006,16,4.67,1.7672992653726685,6.410911961540852,0.001996007984031936,0.014206880356933191
AB081,AB002,37,17.952,3.063407405138879,6.217912762124586,0.001996007984031936,0.014206880356933191
AB027,AB017,9,3.098,1.2914067767074213,4.570209872250923,0.001996007984031936,0.014206880356933191
AB008,AB051,16,7.148,1.9803888203480444,4.46982931283378,0.001996007984031936,0.014206880356933191
AB031,AB076,18,8.786,2.1422844735307827,4.301016094661811,0.001996007984031936,0.014206880356933191
AB081,AB056,12,4.252,1.8251461082974334,4.245139588976596,0.001996007984031936,0.014206880356933191
AB073,AB006,10,4.002,1.5616893889294983,3.8407125274197385,0.001996007984031936,0.014206880356933191
AB056,AB055,8,2.886,1.362614191497263,3.75307994875692,0.001996007984031936,0.014206880356933191
AB007,AB006,12,5.384,1.7863162798629493,3.7037114169432503,0.001996007984031936,0.014206880356933191
AB031,AB060,7,2.622,1.2074899851047447,3.6257029490975254,0.001996007984031936,0.014206880356933191
AB026,AB080,9,3.454,1.549414525148607,3.5794165537902605,0.001996007984031936,0.014206880356933191
AB067,AB002,17,9.11,2.2044544083461908,3.5791168872116423,0.001996007984031936,0.014206880356933191
AB001,AB027,11,5.11,1.6803413623988361,3.5052401445331935,0.001996007984031936,0.014206880356933191
A309,AB053,5,1.408,1.0448537882774582,3.4378015759714637,0.001996007984031936,0.014206880356933191
AB073,AB001,7,2.554,1.2970924785055193,3.4276661638826096,0.001996007984031936,0.014206880356933191
AB041,AB118,5,1.558,1.0415400190210864,3.3047217938251063,0.001996007984031936,0.014206880356933191
AB028,AB076,8,4.02,1.3532414880759829,2.9410862991340156,0.001996007984031936,0.014206880356933191
AB081,AB073,5,1.228,0.9326068362509703,4.044576828498533,0.003992015968063872,0.01789014563465661
AB017,AB009,6,1.718,1.1229416707879283,3.8131989500358223,0.003992015968063872,0.01789014563465661
AB055,AB080,6,1.878,1.1178619013370668,3.6873964441132707,0.003992015968063872,0.01789014563465661
AB073,AB055,7,2.536,1.236025695136665,3.611575404592559,0.003992015968063872,0.01789014563465661
A310,AB028,5,1.586,1.0318592282544492,3.3085908489429445,0.003992015968063872,0.01789014563465661
AB028,AB009,5,1.734,1.016518874021769,3.212926078862022,0.003992015968063872,0.01789014563465661
AB003,AB060,6,2.178,1.2187233374093944,3.136068607764841,0.003992015968063872,0.01789014563465661
AB056,AB030,6,2.334,1.1803518377678088,3.10585359610475,0.003992015968063872,0.01789014563465661
AB081,AB030,8,3.502,1.4745659325302336,3.0503892032021946,0.003992015968063872,0.01789014563465661
AB080,AB007,7,3.246,1.2933791630139388,2.902474469475849,0.003992015968063872,0.01789014563465661
AB053,AB006,5,1.528,1.0693469998143839,3.2468412971679594,0.005988023952095809,0.022642215568862277
AB081,AB003,11,5.316,1.767028233378038,3.2167001594161655,0.005988023952095809,0.022642215568862277
AB016,AB118,5,1.734,1.0571087729821522,3.0895590723237163,0.005988023952095809,0.022642215568862277
AB008,AB009,7,2.99,1.3746560874333023,2.917093254566163,0.005988023952095809,0.022642215568862277
AB008,AB053,8,3.63,1.5276673509210505,2.8605703966673572,0.005988023952095809,0.022642215568862277
AB067,AB027,6,2.034,1.2263163145807094,3.2340758683912787,0.007984031936127744,0.027601938979184486
AB080,AB027,6,2.124,1.203128853480022,3.2216000711717294,0.007984031936127744,0.027601938979184486
AB006,AB069,5,1.648,1.0688221374592903,3.1361625873207295,0.007984031936127744,0.027601938979184486
AB058,AB067,4,1.206,0.8324361235551946,3.356413688617087,0.00998003992015968,0.030189620758483034
AB028,AB055,4,1.102,0.8860961193151287,3.2705255522842025,0.00998003992015968,0.030189620758483034
AB078,AB076,4,1.208,0.873075323807794,3.1978913203308603,0.00998003992015968,0.030189620758483034
AB067,AB060,7,3.006,1.3377380484131953,2.9856368402899376,0.00998003992015968,0.030189620758483034
AB039,AB059,7,3.072,1.4222734348383554,2.7617755515812092,0.00998003992015968,0.030189620758483034
AB057,AB027,6,2.514,1.2541729943670448,2.7795208600862216,0.011976047904191617,0.034502423723980616
AB003,AB009,5,2.086,1.1031944870023167,2.6414200164452786,0.011976047904191617,0.034502423723980616
AB008,AB041,7,3.05,1.5284542337568956,2.5843102873227783,0.013972055888223553,0.03842315369261477
AB001,AB077,6,3.006,1.2349145833036843,2.424459181614288,0.013972055888223553,0.03842315369261477
AB016,A310,4,1.392,0.9295504979593702,2.8056571490471014,0.015968063872255488,0.040252827677977374
AB060,AB024,4,1.284,0.9722316950901548,2.793572780764102,0.015968063872255488,0.040252827677977374
AB051,AB030,4,1.346,0.9529429156044982,2.7850566456191537,0.015968063872255488,0.040252827677977374
A306,AB069,5,2.34,1.1003734108413257,2.417361210106133,0.015968063872255488,0.040252827677977374
AB079,AB030,4,1.402,0.9624180468974946,2.6994506268612275,0.017964071856287425,0.04347305389221557
AB080,AB077,5,1.908,1.1516025255067424,2.684954167358586,0.017964071856287425,0.04347305389221557
A325,AB017,4,1.31,0.9249925526429333,2.908131522047396,0.01996007984031936,0.045569238880729106
AB030,AB059,6,2.372,1.31950680043446,2.7495121653071037,0.01996007984031936,0.045569238880729106
AB021,AB118,4,1.67,0.913657232816638,2.5501905050508236,0.01996007984031936,0.045569238880729106
AB069,AB024,4,1.376,0.9800740228066249,2.6773487909471227,0.021956087824351298,0.04919790049530569
AB031,AB026,7,3.702,1.4482371289133302,2.277251379734077,0.023952095808383235,0.05269461077844312
AB081,AB009,4,1.536,0.9953317892750552,2.475556419025501,0.02594810379241517,0.055082816822495356
AB051,AB027,5,2.174,1.1672398630082812,2.4210962027262006,0.02594810379241517,0.055082816822495356
AB077,AB026,6,2.808,1.3707274665575029,2.3286904785066507,0.027944111776447105,0.0582971987060362
AB067,AB053,4,1.448,1.0145711948497442,2.5153483688031826,0.029940119760479042,0.0593894178855404
AB081,AB027,6,2.868,1.3107295770097265,2.3895089078139864,0.029940119760479042,0.0593894178855404
AB077,AB081,5,2.214,1.1759974234154424,2.3690528095789842,0.029940119760479042,0.0593894178855404
AB059,AB028,8,4.12,1.6718822867539218,2.3207375487740203,0.033932135728542916,0.06415294411177645
AB003,AB059,6,2.872,1.350282387150962,2.3165524706279745,0.033932135728542916,0.06415294411177645
AB031,AB024,4,1.684,1.0090492360244088,2.295229922699209,0.033932135728542916,0.06415294411177645
AB008,AB060,8,4.624,1.573396056401757,2.1456771715321747,0.03592814371257485,0.06688162137263934
AB003,AB057,9,5.09,1.8560144339843687,2.106664651096636,0.03792415169660679,0.06952761144377911
AB001,AB002,4,1.532,1.0074750676935127,2.449688413282698,0.03992015968063872,0.07103440178466595
AB037,AB037,4,1.878,0.9364132311532969,2.266093567886179,0.03992015968063872,0.07103440178466595
AB009,AB057,4,1.504,1.090119590431658,2.2896570448859204,0.041916167664670656,0.07350516358587172
AB060,AB027,4,1.508,1.0545901197343366,2.3630033634562815,0.043912175648702596,0.07483624300694387
AB006,AB037,5,2.346,1.2203534426755638,2.1747797868961944,0.043912175648702596,0.07483624300694387
AB030,AB058,4,1.62,1.0742010126746588,2.215600219994231,0.04590818363273453,0.07715125304945664
AB006,AB041,5,2.266,1.2784807491910484,2.138475688218163,0.04790419161676647,0.07940283815929784
AB057,AB031,5,2.552,1.207564666943224,2.0272206259535226,0.0499001996007984,0.0815935696175217
AB004,AB069,4,1.82,1.024548387728757,2.127766756661123,0.05389221556886228,0.08694610778443114
AB031,AB031,4,1.904,0.9740027529352527,2.151944636381672,0.05788423153692615,0.089794769435488
AB028,AB081,4,1.718,1.0994970611944128,2.075494406070538,0.05788423153692615,0.089794769435488
AB007,AB060,6,3.18,1.4462999575241189,1.949803002710088,0.05788423153692615,0.089794769435488
AB008,AB080,4,2.002,0.987900751994644,2.022470370597342,0.06387225548902195,0.0966067864271457
AB028,AB006,4,1.722,1.131050197426355,2.0140573824074908,0.06387225548902195,0.0966067864271457
AB059,AB060,4,1.914,1.0491928379580395,1.9881950434009976,0.06786427145708583,0.1001411810525291
AB008,AB003,5,2.642,1.2397216702305718,1.902039834119737,0.06786427145708583,0.1001411810525291
AB031,AB053,4,1.776,1.086362908395475,2.0471980245393144,0.06986027944111776,0.10063206919494344
AB081,AB079,4,1.856,1.1161341814593997,1.9209159934485798,0.06986027944111776,0.10063206919494344
AB007,AB045,4,1.852,1.0846422902485369,1.9803764054855386,0.0718562874251497,0.10228953856991899
AB053,AB057,4,1.738,1.080597697001771,2.0932859715286742,0.07385229540918163,0.10390846214547649
AB046,AB007,4,1.974,1.0214748267300993,1.9834066851021115,0.07584830339321358,0.10549016908711313
AB031,AB002,5,2.742,1.2419827060326436,1.8180607419348815,0.07784431137724551,0.10703592814371259
AB041,AB077,6,3.574,1.4186434006459807,1.7100844362264107,0.08582834331337326,0.11668797236986701
AB031,AB080,6,3.508,1.4498759535081345,1.7187677290393923,0.08982035928143713,0.12075848303393213
AB003,AB053,4,2.014,1.1851637973094293,1.6757177400361345,0.09381237524950099,0.12473953192516066
AB008,AB059,6,3.414,1.52027183520113,1.7010115823515704,0.09580838323353294,0.1260088518614944
AB008,AB027,4,1.934,1.2085384272999022,1.7095029444912437,0.10179640718562874,0.1324447878436675
AB008,AB077,5,2.91,1.41063097921428,1.4816064802179005,0.1277445109780439,0.1627061666141401
AB080,AB037,5,3.07,1.3655876607961266,1.4133109542560056,0.1277445109780439,0.1627061666141401
AB028,AB037,5,3.056,1.33582666006165,1.4552786361594865,0.13373253493013973,0.1685587159015303
AB077,AB003,6,3.936,1.4629368984127356,1.4108605793178153,0.13972055888223553,0.17429059406959277
AB053,AB004,4,2.208,1.1642366141758191,1.5392060154958997,0.14171656686626746,0.17497657745733025
AB067,AB001,4,2.352,1.1535846371333403,1.4285904535754592,0.15768463073852296,0.19272565979152806
AB008,AB073,5,2.94,1.4298562787762663,1.4407042376056414,0.1596806387225549,0.19321357285429142
AB016,AB016,4,2.61,0.9162855222672861,1.5169943933639154,0.17564870259481039,0.20241421918068628
AB053,AB001,5,3.366,1.1810307647706175,1.3835372021975727,0.16966067864271456,0.20241421918068628
AB021,AB069,4,2.318,1.2425634502333116,1.3536532075558612,0.17365269461077845,0.20241421918068628
AB077,AB028,5,3.212,1.393894502380842,1.2827369624788718,0.17564870259481039,0.20241421918068628
AB006,AB010,5,3.258,1.4111764020402802,1.234431072884591,0.17165668662674652,0.20241421918068628
AB001,AB028,5,3.256,1.3498548871759755,1.2919907292024655,0.18962075848303392,0.21645388468346324
AB007,AB067,4,2.442,1.2844982957339752,1.2129249257662447,0.19161676646706588,0.21668811908892496
AB059,AB027,4,2.458,1.295991971572649,1.189822185494581,0.21157684630738524,0.23704442965920014
AB080,AB059,5,3.416,1.4735286129377645,1.0749706426412646,0.2215568862275449,0.24594847003241221
AB041,AB001,5,3.436,1.5094571613145196,1.036134075271127,0.2275449101796407,0.2502994011976048
AB003,AB001,4,2.542,1.3355911077925118,1.0916514728896392,0.2435129740518962,0.26308098089535215
AB001,AB059,4,2.624,1.3469419085506322,1.0215733813499317,0.24151696606786427,0.26308098089535215
AB008,AB026,4,2.718,1.3602118778724919,0.9425002243070961,0.27345309381237526,0.2928126048787381
AB027,AB059,4,2.726,1.4109946178576467,0.9029091846816187,0.281437125748503,0.29871835276814795
AB001,AB060,4,2.758,1.3679102151506242,0.9079543278819949,0.2954091816367265,0.30963713598444137
AB041,AB067,4,2.768,1.357151325180386,0.9077838094703615,0.2994011976047904,0.30963713598444137
AB001,AB081,4,2.942,1.3734659870689447,0.7703139429450543,0.29740518962075846,0.30963713598444137
AB008,AB001,4,3.134,1.4793312143273956,0.5853996668310298,0.3772455089820359,0.38683649649852836
AB001,AB041,4,3.26,1.5089578880192884,0.49040467323534814,0.405189620758483,0.41199953035106257
AB001,AB053,4,3.234,1.1908317094873824,0.6432479030389107,0.4091816367265469,0.4125914836992681
AB008,AB006,4,3.81,1.7004950357861874,0.11173216975147329,0.5588822355289421,0.5588822355289421
