sign_id,word_occurrences,initial_count,final_count,initial_share,final_share
A309,12,12,3,1.0,0.25
AB046,10,7,5,0.7,0.5
AB066,13,4,11,0.3076923076923077,0.8461538461538461
A306,12,9,4,0.75,0.3333333333333333
AB008,142,130,20,0.9154929577464789,0.14084507042253522
AB002,92,14,79,0.15217391304347827,0.8586956521739131
AB050,20,10,10,0.5,0.5
AB040,20,11,9,0.55,0.45
AB061,12,8,4,0.6666666666666666,0.3333333333333333
AB010,47,30,15,0.6382978723404256,0.3191489361702128
AB078,37,23,12,0.6216216216216216,0.32432432432432434
AB004,63,22,37,0.3492063492063492,0.5873015873015873
AB118,18,2,14,0.1111111111111111,0.7777777777777778
AB077,98,51,36,0.5204081632653061,0.3673469387755102
AB057,94,41,42,0.43617021276595747,0.44680851063829785
AB069,59,22,30,0.3728813559322034,0.5084745762711864
AB041,91,45,35,0.4945054945054945,0.38461538461538464
AB024,43,6,31,0.13953488372093023,0.7209302325581395
AB076,43,4,33,0.09302325581395349,0.7674418604651163
AB003,85,46,27,0.5411764705882353,0.3176470588235294
AB081,140,98,20,0.7,0.14285714285714285
AB017,34,5,23,0.14705882352941177,0.6764705882352942
AB067,94,49,28,0.5212765957446809,0.2978723404255319
AB039,38,18,13,0.47368421052631576,0.34210526315789475
AB026,70,21,36,0.3,0.5142857142857142
AB038,16,6,7,0.375,0.4375
AB023,10,4,4,0.4,0.4
AB016,30,22,2,0.7333333333333333,0.06666666666666667
AB027,92,17,56,0.18478260869565216,0.6086956521739131
AB009,52,8,33,0.15384615384615385,0.6346153846153846
AB051,70,28,27,0.4,0.38571428571428573
AB028,104,55,25,0.5288461538461539,0.2403846153846154
AB065,33,4,21,0.12121212121212122,0.6363636363636364
AB079,28,12,9,0.42857142857142855,0.32142857142857145
AB054,20,8,7,0.4,0.35
AB013,20,5,10,0.25,0.5
AB060,87,20,45,0.22988505747126436,0.5172413793103449
AB031,84,52,10,0.6190476190476191,0.11904761904761904
AB059,110,37,44,0.33636363636363636,0.4
AB037,78,13,44,0.16666666666666666,0.5641025641025641
A301,11,3,5,0.2727272727272727,0.45454545454545453
AB070,11,5,3,0.45454545454545453,0.2727272727272727
AB021,18,9,4,0.5,0.2222222222222222
AB007,79,30,27,0.379746835443038,0.34177215189873417
AB045,30,8,13,0.26666666666666666,0.43333333333333335
AB044,10,1,6,0.1,0.6
AB073,72,22,28,0.3055555555555556,0.3888888888888889
AB058,42,13,16,0.30952380952380953,0.38095238095238093
AB006,103,15,56,0.14563106796116504,0.5436893203883495
AB080,89,34,27,0.38202247191011235,0.30337078651685395
AB001,103,52,18,0.5048543689320388,0.17475728155339806
AB056,38,11,12,0.2894736842105263,0.3157894736842105
AB055,45,8,18,0.17777777777777778,0.4
AB005,14,3,5,0.21428571428571427,0.35714285714285715
AB030,49,6,21,0.12244897959183673,0.42857142857142855
AB053,73,11,21,0.1506849315068493,0.2876712328767123
AB034,9,3,0,0.3333333333333333,0.0
A310,8,0,1,0.0,0.125
