sign_id,position,total_occurrences,observed,null_mean,null_sd,z,empirical_p,bh_q
AB008,initial,142,130,57.429,5.228412311141432,13.880121857519837,0.000999000999000999,0.007725607725607726
AB081,initial,140,98,58.536,5.2942169140235205,7.45417134221801,0.000999000999000999,0.007725607725607726
AB002,final,92,79,46.355,4.503249299589603,7.249210032181664,0.000999000999000999,0.007725607725607726
AB024,final,43,31,16.209,2.835729246659554,5.215942254509515,0.000999000999000999,0.007725607725607726
AB016,initial,30,22,10.459,2.4368539671587333,4.736024462498387,0.000999000999000999,0.007725607725607726
A309,initial,12,12,5.582,1.3649685487728789,4.701939840130272,0.000999000999000999,0.007725607725607726
AB027,final,92,56,37.14,4.224481772507279,4.464452923608277,0.000999000999000999,0.007725607725607726
AB009,final,52,33,19.123,3.1365121885158853,4.424341168132437,0.000999000999000999,0.007725607725607726
AB006,final,103,56,37.224,4.494666397634648,4.177395681664164,0.000999000999000999,0.007725607725607726
AB031,initial,84,52,34.001,4.328016951298912,4.158717537970408,0.000999000999000999,0.007725607725607726
AB076,final,43,33,19.959,3.2111727811861246,4.061133077735851,0.000999000999000999,0.007725607725607726
AB037,final,78,44,28.36,3.936228384366676,3.9733466843836136,0.000999000999000999,0.007725607725607726
AB118,final,18,14,6.412,1.93235348474082,3.9268177690676263,0.000999000999000999,0.007725607725607726
AB010,initial,47,30,18.945,2.9645849226769947,3.7290211912760554,0.000999000999000999,0.007725607725607726
AB017,final,34,23,13.687,2.578697477541846,3.6115132081633927,0.000999000999000999,0.007725607725607726
AB001,initial,103,52,37.344,4.694859497972831,3.121712163341254,0.001998001998001998,0.014485514485514486
AB028,initial,104,55,39.972,4.489696356478172,3.3472196796373845,0.002997002997002997,0.017382617382617382
AB066,final,13,11,5.752,1.5719309676213415,3.338569000864787,0.002997002997002997,0.017382617382617382
AB065,final,33,21,12.692,2.524184523268358,3.291360010892808,0.002997002997002997,0.017382617382617382
AB004,final,63,37,25.719,3.445854453239851,3.27378888257843,0.002997002997002997,0.017382617382617382
AB060,final,87,45,33.43,4.072061109767593,2.8413129587488783,0.003996003996003996,0.02207316493030779
AB003,initial,85,46,34.475,4.200120952546012,2.7439685976218904,0.005994005994005994,0.03160475887748615
AB078,initial,37,23,16.72,2.6200123023498314,2.3969353099478226,0.02097902097902098,0.10580723624201886
A306,initial,12,9,5.417,1.5223102273940186,2.353659546867522,0.022977022977022976,0.10661338661338661
AB067,initial,94,49,39.405,4.402767238835067,2.1793112103147996,0.022977022977022976,0.10661338661338661
AB077,initial,98,51,42.465,4.471551159247736,1.9087336130211845,0.03996003996003996,0.17828325520633215
AB026,final,70,36,29.745,3.640498348884151,1.7181713602252338,0.052947052947052944,0.22747622747622745
AB044,final,10,6,3.228,1.4408650499238616,1.923844290724158,0.056943056943056944,0.23590695019266447
AB061,initial,12,8,5.325,1.446190328575899,1.8496873801072515,0.061938061938061936,0.24775224775224775
AB021,initial,18,9,6.336,1.9567659371863904,1.361430076726771,0.13686313686313686,0.5158712255486448
AB069,final,59,30,25.599,3.5054939006490207,1.255457896870162,0.13786213786213786,0.5158712255486448
AB040,initial,20,11,8.259,2.0630499691416047,1.3286154194027966,0.14885114885114886,0.5395854145854146
AB039,initial,38,18,14.873,2.6963199255913866,1.1597288475751455,0.15684315684315683,0.548745372274784
AB041,initial,91,45,40.351,4.032872805217524,1.152776252696431,0.16083916083916083,0.548745372274784
AB030,final,49,21,17.665,3.269168466515983,1.0201370881183667,0.1918081918081918,0.6357071499928643
AB046,initial,10,7,5.43,1.3773151407709845,1.1398988898946947,0.2047952047952048,0.6598956598956599
AB057,final,94,42,37.966,4.3561244036207025,0.9260525242683699,0.2177822177822178,0.6827766827766828
AB054,initial,20,8,6.052,2.086540114555589,0.9336029470082361,0.22577422577422576,0.6892055313107944
AB057,initial,94,41,37.705,4.303311921473215,0.7656893249030334,0.26873126873126874,0.7993032608417224
AB013,final,20,10,8.379,1.9690698911507016,0.823231317123389,0.2777222777222777,0.8053946053946053
AB038,final,16,7,5.64,1.830232157336809,0.7430751309598621,0.3176823176823177,0.898808508564606
AB055,final,45,18,16.22,2.93363361826357,0.6067560682828521,0.32867132867132864,0.9077589077589077
AB070,initial,11,5,4.281,1.482645351133317,0.48494402214960236,0.4155844155844156,1
AB054,final,20,7,6.013,2.055981045160207,0.48006279159207454,0.37962037962037964,1
AB040,final,20,9,8.11,2.0278096587234247,0.43889720919875974,0.4155844155844156,1
AB073,final,72,28,26.436,3.874133827439743,0.4037031423443583,0.3936063936063936,1
AB038,initial,16,6,5.555,1.8022827811481814,0.2469090892143484,0.5164835164835165,1
AB079,initial,28,12,11.419,2.3615706671653967,0.24602270348207547,0.4855144855144855,1
AB050,initial,20,10,9.529,1.9740962631178998,0.23859018873583185,0.4985014985014985,1
AB034,initial,9,3,2.674,1.3955900800993362,0.23359294727632046,0.5234765234765235,1
AB050,final,20,10,9.579,1.9888978643245396,0.21167502240894479,0.5174825174825175,1
AB080,initial,89,34,33.099,4.295771485152889,0.2097411380270234,0.46053946053946054,1
AB045,final,30,13,12.52,2.4202184730840846,0.1983292026477,0.4975024975024975,1
AB005,final,14,5,4.783,1.6163302643715867,0.1342547403728576,0.5484515484515484,1
AB059,final,110,44,43.424,4.486016980390104,0.12839897898690333,0.4825174825174825,1
AB058,final,42,16,15.694,2.957551539890913,0.10346396195390926,0.5244755244755245,1
A301,final,11,5,4.924,1.3030433307921583,0.05832499825911161,0.6173826173826173,1
AB051,initial,70,28,28.099,3.775904720256651,-0.026218881919581674,0.5724275724275725,1
AB007,initial,79,30,30.278,3.761231561983769,-0.07391196086139787,0.5714285714285714,1
AB023,final,10,4,4.175,1.3274551356400477,-0.13183119738025764,0.6783216783216783,1
AB023,initial,10,4,4.276,1.3680993003783373,-0.201739742081349,0.7022977022977023,1
AB046,final,10,5,5.411,1.3623270293637042,-0.3016896759304287,0.7522477522477522,1
AB051,final,70,27,28.328,3.7523987656559767,-0.3539069493771792,0.6823176823176823,1
AB039,final,38,13,14.806,2.656203949138586,-0.6799176699461236,0.8071928071928072,1
AB056,final,38,12,14.114,2.858176546886699,-0.7396324073482092,0.8251748251748252,1
A306,final,12,4,5.366,1.6138923906657001,-0.8464009173725334,0.8791208791208791,1
AB007,final,79,27,30.347,3.8713794154769405,-0.8645497226697586,0.8341658341658341,1
AB061,final,12,4,5.312,1.445249025166509,-0.9078020307599536,0.9050949050949051,1
AB070,final,11,3,4.363,1.4461404919033014,-0.9425087034290301,0.9040959040959041,1
AB053,final,73,21,24.72,3.8015854655724963,-0.9785390947247292,0.8651348651348651,1
AB079,final,28,9,11.375,2.398359257310532,-0.9902603176570275,0.8911088911088911,1
AB058,initial,42,13,16.018,3.0203971260082336,-0.9992063540295442,0.8811188811188811,1
AB069,initial,59,22,25.396,3.33711257231762,-1.0176462215182283,0.8901098901098901,1
AB066,initial,13,4,5.694,1.5623075256827015,-1.084293567145016,0.9300699300699301,1
AB005,initial,14,3,4.788,1.645528414754289,-1.0865810544310686,0.9300699300699301,1
AB004,initial,63,22,25.951,3.4182280911728644,-1.1558620123106913,0.903096903096903,1
AB056,initial,38,11,14.232,2.760760365877089,-1.1706919731054595,0.913086913086913,1
AB010,final,47,15,18.521,2.9452051258330436,-1.195502469120583,0.9200799200799201,1
AB021,final,18,4,6.381,1.9702082937397052,-1.2085016632838146,0.935064935064935,1
AB073,initial,72,22,26.809,3.8597171420217333,-1.2459462243083,0.916083916083916,1
AB041,final,91,35,40.271,4.0703964336569385,-1.2949598610139337,0.9230769230769231,1
A310,final,8,1,2.744,1.3424851083964642,-1.2990833113099682,0.965034965034965,1
AB059,initial,110,37,43.209,4.673238508588895,-1.3286289558276447,0.929070929070929,1
AB080,final,89,27,33.015,4.092373702696581,-1.469807118552381,0.948051948051948,1
A301,initial,11,3,4.948,1.3149239616894297,-1.4814544846358928,0.977022977022977,1
AB044,initial,10,1,3.251,1.483981536678001,-1.5168652334037962,0.983016983016983,1
AB077,final,98,36,42.724,4.350258469188785,-1.5456552863751691,0.9560439560439561,1
AB013,initial,20,5,8.261,1.9648765202270955,-1.659646276206253,0.981018981018981,1
AB078,final,37,12,16.632,2.6637701987355573,-1.7388887382998452,0.9790209790209791,1
AB003,final,85,27,34.456,4.226810846244474,-1.7639776822813509,0.971028971028971,1
AB045,initial,30,8,12.318,2.408043744344084,-1.7931567938256703,0.983016983016983,1
A309,final,12,3,5.714,1.3986279563058077,-1.9404731528236296,1.0,1
AB034,final,9,0,2.711,1.3650429818662644,-1.9860180492584674,1.0,1
A310,initial,8,0,2.745,1.3325729813975484,-2.0599247008003685,1.0,1
AB118,initial,18,2,6.58,1.9676055172395384,-2.327702356936635,0.998001998001998,1
AB026,initial,70,21,29.882,3.7282671545875004,-2.3823400072258814,0.9920079920079921,1
AB067,final,94,28,39.881,4.374697358329714,-2.7158450120847304,0.998001998001998,1
AB055,initial,45,8,16.261,3.020265054759433,-2.7351904055513416,0.998001998001998,1
AB028,final,104,25,39.527,4.481668925339795,-3.241426406547552,1.0,1
AB017,initial,34,5,13.379,2.5772079855923544,-3.2511927818173905,1.0,1
AB060,initial,87,20,33.521,3.992179416872004,-3.3868718281690158,1.0,1
AB065,initial,33,4,12.649,2.4714179951814925,-3.4996103519772443,1.0,1
AB024,initial,43,6,16.231,2.8875555366047903,-3.5431353164655284,1.0,1
AB053,initial,73,11,24.92,3.8784845806890407,-3.589030640809461,1.0,1
AB030,initial,49,6,17.642,3.2373316660972993,-3.596171539023921,1.0,1
AB009,initial,52,8,19.336,3.1351129059306513,-3.615818740867622,1.0,1
AB016,final,30,2,10.502,2.3472335856291564,-3.6221363106139735,1.0,1
AB001,final,103,18,37.206,4.734763138952357,-4.056380316471256,1.0,1
AB037,initial,78,13,28.458,3.8048275536103753,-4.062733404390958,1.0,1
AB027,initial,92,17,36.577,4.190421295124231,-4.671845292209363,1.0,1
AB006,initial,103,15,36.935,4.482730180355479,-4.893223352171637,1.0,1
AB076,initial,43,4,19.961,3.204332496284795,-4.981068605865867,1.0,1
AB031,final,84,10,34.116,4.328426882746118,-5.571539188089483,1.0,1
AB081,final,140,20,58.917,5.508398447230688,-7.065029948871124,1.0,1
AB008,final,142,20,57.317,5.273739026850241,-7.076004294108521,1.0,1
AB002,initial,92,14,46.834,4.426967589901923,-7.416815084640685,1.0,1
