n,slot,pattern,sites_where_independently_strong,site_list
3,0,* A306 AB069,1,HT
3,0,* A310 AB028,1,HT
3,0,* A703 A703,1,HT
3,0,* A704 A705,1,HT
3,0,* A707 A704,1,HT
3,0,* A707 AB030,1,HT
3,0,* AB001 AB027,1,HT
3,0,* AB001 AB081,1,HT
3,0,* AB002 A707,1,HT
3,0,* AB003 AB057,1,HT
3,0,* AB003 AB060,1,HT
3,0,* AB006 AB010,1,HT
3,0,* AB006 AB037,1,HT
3,0,* AB007 AB006,1,HT
3,0,* AB007 AB060,1,HT
3,0,* AB017 AB009,1,ZA
3,0,* AB026 AB080,1,HT
3,0,* AB026 AB081,1,HT
3,0,* AB027 AB007,1,HT
3,0,* AB027 AB059,1,HT
3,0,* AB027 AB081,1,HT
3,0,* AB030 A703,1,HT
3,0,* AB030 AB131,1,HT
3,0,* AB031 AB026,1,HT
3,0,* AB031 AB076,1,HT
3,0,* AB037 AB001,1,HT
3,0,* AB041 AB118,1,HT
3,0,* AB053 AB006,1,HT
3,0,* AB059 AB006,1,HT
3,0,* AB067 AB002,1,HT
3,0,* AB073 AB006,1,HT
3,0,* AB073 AB055,1,HT
3,0,* AB076 AB120,1,HT
3,0,* AB080 AB007,1,HT
3,0,* AB081 AB002,1,HT
3,0,* AB081 AB003,1,HT
3,0,* AB081 AB027,1,HT
3,0,* AB081 AB030,1,HT
3,0,* AB081 AB056,1,HT
3,0,* AB120 A304,1,HT
3,0,* AB120 AB302,1,HT
3,1,A704 * A704,1,HT
3,1,A707 * A707,1,HT
3,1,A707 * AB001,1,HT
3,1,AB001 * AB081,1,HT
3,1,AB003 * AB024,1,HT
3,1,AB006 * A707,1,HT
3,1,AB007 * A707,1,HT
3,1,AB007 * AB010,1,HT
3,1,AB010 * AB017,1,HT
3,1,AB027 * AB002,1,HT
3,1,AB027 * AB006,1,HT
3,1,AB053 * AB080,1,HT
3,1,AB067 * AB059,1,HT
3,1,AB081 * A707,1,HT
3,1,AB081 * AB006,1,HT
3,1,AB081 * AB081,1,HT
3,1,AB120 * A608,1,HT
3,2,A306 AB069 *,1,HT
3,2,A703 A703 *,1,HT
3,2,A707 A704 *,1,HT
3,2,AB001 AB027 *,1,HT
3,2,AB001 AB081 *,1,HT
3,2,AB003 AB009 *,1,HT
3,2,AB003 AB057 *,1,HT
3,2,AB003 AB060 *,1,HT
3,2,AB006 AB010 *,1,HT
3,2,AB006 AB037 *,1,HT
3,2,AB007 AB006 *,1,HT
3,2,AB008 AB051 *,1,HT
3,2,AB017 AB009 *,1,ZA
3,2,AB026 AB080 *,1,HT
3,2,AB026 AB081 *,1,HT
3,2,AB027 AB007 *,1,HT
3,2,AB027 AB059 *,1,HT
3,2,AB027 AB081 *,1,HT
3,2,AB030 AB131 *,1,HT
3,2,AB031 AB002 *,1,HT
3,2,AB031 AB026 *,1,HT
3,2,AB031 AB076 *,1,HT
3,2,AB031 AB080 *,1,HT
3,2,AB037 AB001 *,1,HT
3,2,AB039 AB059 *,1,HT
3,2,AB041 AB118 *,1,HT
3,2,AB053 AB006 *,1,HT
3,2,AB056 AB030 *,1,HT
3,2,AB056 AB055 *,1,HT
3,2,AB059 AB006 *,1,HT
3,2,AB067 AB002 *,1,HT
3,2,AB067 AB027 *,1,HT
3,2,AB073 AB006 *,1,HT
3,2,AB073 AB055 *,1,HT
3,2,AB076 A303 *,1,HT
3,2,AB076 AB120 *,1,HT
3,2,AB077 AB003 *,1,HT
3,2,AB077 AB026 *,1,HT
3,2,AB077 AB081 *,1,HT
3,2,AB080 AB007 *,1,HT
3,2,AB081 AB002 *,1,HT
3,2,AB081 AB027 *,1,HT
3,2,AB081 AB030 *,1,HT
3,2,AB081 AB056 *,1,HT
3,2,AB120 AB302 *,1,HT
4,0,* AB027 AB081 AB002,1,HT
4,0,* AB031 AB076 A303,1,HT
4,0,* AB031 AB076 AB120,1,HT
4,0,* AB081 AB056 AB055,1,HT
4,3,AB007 AB006 AB010 *,1,HT
4,3,AB031 AB076 A303 *,1,HT
4,3,AB031 AB076 AB120 *,1,HT
4,3,AB081 AB056 AB055 *,1,HT
