sign_sequence,count,documents
AB081 AB002,34,31
AB031 AB076,17,17
AB067 AB002,16,12
AB008,14,13
AB041,13,11
AB059,11,11
AB081,10,10
AB002,10,10
AB008 AB051,9,9
AB027,8,8
AB077,8,8
AB081 AB056 AB055,8,7
AB028 AB076,8,8
AB067,7,7
AB006,7,7
AB060,7,7
AB057,7,6
AB028,7,7
AB069,7,7
AB001 AB027,6,6
AB026,6,6
AB080 AB007,6,5
AB031 AB026,6,6
AB078,6,6
AB004,6,6
AB010,5,5
AB077 AB003,5,5
AB081 AB003,5,5
AB086,5,5
AB024,5,5
AB007 AB006 AB010,5,4
AB001 AB077,5,5
AB041 AB077,5,5
AB067 AB027 AB059 AB006,4,4
AB081 AB030 AB058,4,4
AB031 AB080,4,4
AB001 AB053 AB001,4,4
AB059 AB006 AB037,4,4
A306 AB069,4,4
AB001 AB041 AB118,4,4
AB003,4,4
AB007,4,4
AB016 A310 AB028,4,4
AB051,4,4
AB046 AB007,4,4
AB037,4,3
AB031 AB002,4,4
AB003 AB057 AB027,4,4
AB009,4,4
AB080,4,4
AB008 AB080,3,3
AB010 A325 AB017,3,2
AB073,3,3
AB021 AB069 AB024,3,3
AB016 AB016 AB026,3,3
AB001 AB078 AB060,3,3
AB001 AB013,3,3
A324 AB007 AB060,3,3
AB003 AB045,3,3
AB027 AB017,3,3
AB004 AB069,3,3
AB008 AB009,3,3
AB010 AB034 AB041,3,2
AB008 AB053,3,2
AB077 AB081 AB003,3,3
AB008 AB077 AB026,3,3
AB059 AB028 AB123,3,3
AB079,3,3
AB056 AB030 AB006,3,2
AB073 AB055 AB004,3,3
AB003 AB009 AB057,3,3
AB045,3,3
AB017,3,3
AB021 AB118,3,3
A309,3,1
AB051 AB027 AB017 AB009,3,3
AB028 AB055 AB080 AB027,3,3
AB008 AB060,2,2
AB008 AB003,2,2
AB056,2,2
AB008 AB065,2,2
AB053,2,2
AB041 AB004,2,2
AB001,2,2
AB078 AB076 AB010,2,2
AB056 AB030,2,2
AB007 AB053 AB006,2,2
AB028 AB077,2,2
AB067 AB060,2,2
AB013 AB017,2,2
AB067 AB053 AB066,2,2
AB003 AB060 AB024,2,2
AB050 AB076,2,2
AB016 AB055 AB080,2,2
AB080 AB077 AB053 AB004,2,2
AB010 AB073 AB006 AB041,2,2
AB073 AB069,2,2
AB067 AB001 AB002,2,2
AB081 AB027 AB065,2,2
AB007 AB067 AB009,2,2
AB081 AB056 AB006 AB069,2,2
AB100 AB028,2,2
AB001 AB028,2,2
AB003 AB028 AB005,2,2
AB004 AB067,2,2
AB041 AB001 AB027,2,2
AB011 AB005 AB081 AB002,2,2
AB050 AB131,2,2
AB039 AB031,2,2
AB077 AB006,2,2
AB008 AB006,2,2
AB010 AB049,2,2
AB039,2,2
AB003 AB060,2,2
AB081 AB079 AB030,2,2
AB028 AB016 AB118,2,2
AB066,2,2
AB061,2,2
AB060 AB164 AB037,2,2
AB003 AB009,2,2
AB050,2,2
AB008 AB053 AB030 AB059,2,2
AB028 AB037,2,2
AB059 AB037,2,2
AB008 AB041 AB057 AB077,2,2
AB057 AB021,2,2
AB026 AB080 AB059,2,2
AB007 AB006,2,2
AB023 AB026,2,2
AB077 AB067,2,1
AB081 AB027,2,2
AB079 AB051,2,2
AB055,2,2
AB065,2,2
AB054 AB051 AB030 AB073,2,2
AB077 AB026,2,2
AB081 AB030,2,2
AB055 AB037,2,2
AB007 AB045 AB026,2,2
AB004 A301,2,2
AB004 AB053,2,2
AB003 AB059 AB024,2,2
AB008 AB003 AB060 AB024,2,2
AB078 AB050,2,2
AB041 AB069,2,2
AB188 AB051,2,2
A301,2,2
AB054 AB007 AB030,2,2
AB079 AB007 AB060,2,2
AB003 AB059 AB001,2,2
AB046,2,2
A303,2,2
AB008 AB073,2,2
AB008 AB051 AB017,2,2
AB058,2,2
AB040,2,2
AB008 AB057,2,2
A411,2,2
AB078 AB045 AB073 AB055,2,2
AB080 AB077 AB028 AB059,2,2
A309 AB053 AB065,2,1
AB001 AB028 AB039 AB059,2,2
AB078 AB041 AB079 AB038,2,2
AB077 AB007,2,2
AB013,2,2
AB028 AB001,2,2
AB041 AB039 AB067,2,2
AB028 AB009,2,1
AB059 AB039,1,1
AB008 AB058 AB073 AB118,1,1
AB073 AB067 AB031 AB024,1,1
AB057 AB027,1,1
AB041 AB001 AB004,1,1
AB081 AB060 AB131,1,1
AB008 AB041 AB001 AB005 AB028,1,1
AB079 A301 AB009 AB045 AB021 AB118,1,1
AB008 AB058 AB050 AB054,1,1
AB026 AB073,1,1
AB077 AB024,1,1
AB067 AB055,1,1
AB057 AB039,1,1
AB039 A314,1,1
AB030 AB059,1,1
AB045 AB058 AB047 AB004,1,1
AB039 AB037 AB024 AB008,1,1
AB045 AB073,1,1
AB028 AB047,1,1
AB008 AB067 AB002,1,1
AB017 AB041 AB079,1,1
AB008 AB051 AB030 AB059 AB006,1,1
AB008 AB001 AB002,1,1
AB001 AB006 AB069,1,1
AB041 AB002 AB003,1,1
AB081 AB009,1,1
AB009 AB041,1,1
AB008 AB031 AB058 AB080 AB028 AB009,1,1
AB079 AB058,1,1
AB007 AB007 AB017 AB044,1,1
AB008 AB060 AB006 AB027,1,1
AB079 AB022 AB007,1,1
AB080 AB079,1,1
AB010 AB066,1,1
AB056 AB001 AB081 AB009 AB024,1,1
AB001 AB081 AB006,1,1
AB001 AB081 AB009 AB024,1,1
AB059 AB003,1,1
AB001 AB081 AB009 AB024 AB037,1,1
AB028 AB051 AB037,1,1
AB003 AB001 AB058 AB037,1,1
AB007 AB006 AB002,1,1
AB051 AB058 AB030,1,1
AB076 AB037 AB065,1,1
AB008 AB060 AB065,1,1
A305 AB026,1,1
AB010 AB037,1,1
AB059 AB053 AB006,1,1
A312 AB059,1,1
AB077 AB031 AB026,1,1
AB041 AB051 AB034 AB081 AB073,1,1
AB069 AB003,1,1
AB060 AB053 AB045,1,1
AB040 AB031,1,1
AB047 AB055 AB060 AB056,1,1
AB053 AB059 AB080 AB055 AB040,1,1
AB006 AB021 AB024 AB073 AB006,1,1
AB009 AB081 AB069,1,1
AB008 AB009 AB057 A718,1,1
AB077 AB011 AB026,1,1
AB037 AB055 AB057,1,1
AB055 AB040,1,1
AB051 AB056 AB006,1,1
AB081 AB026 AB080,1,1
A306 AB069 AB057,1,1
AB008 AB028,1,1
AB081 AB059,1,1
AB010 AB059 AB002,1,1
AB081 AB003 AB057,1,1
AB039 AB034 AB004,1,1
AB041 AB067 AB024,1,1
AB010 AB058,1,1
AB081 AB060 AB023,1,1
AB080 AB026,1,1
AB069 AB065 AB080,1,1
AB010 AB007 AB073,1,1
AB073 AB026 AB059 AB060 AB027,1,1
AB004 AB056 AB027,1,1
AB006 AB001 AB027,1,1
AB031 AB059,1,1
AB081 AB081 AB001 AB060,1,1
AB070 AB031 AB028 AB037,1,1
AB001 AB073 AB055,1,1
AB001 AB024 AB081 AB037,1,1
AB008 AB053 AB058,1,1
AB053 AB026 AB080,1,1
AB053 AB073 AB041,1,1
AB070 AB057,1,1
AB057 A345,1,1
A327 AB065,1,1
AB008 AB026 AB060,1,1
AB077 AB002 AB006,1,1
A322 AB053,1,1
AB008 AB058 AB057,1,1
AB045 AB055,1,1
AB026 AB076,1,1
AB026 AB079 AB006,1,1
AB031 AB078 AB053,1,1
AB016 AB037 AB001 AB004,1,1
AB078 AB069 AB024,1,1
AB001 AB010 AB049,1,1
AB060 AB053,1,1
AB010 AB045 AB017,1,1
AB057 AB073 AB001 AB027,1,1
AB003 AB053 AB024,1,1
AB081 AB001,1,1
A306 AB067 AB066,1,1
AB008 AB060 AB065 AB010 AB045 AB017,1,1
AB067 AB059 AB028,1,1
A308,1,1
AB001 AB067,1,1
AB037 AB001 AB059,1,1
AB188,1,1
AB069 AB002 AB007 AB001,1,1
AB041 AB051,1,1
AB051 AB080 AB028 AB006,1,1
AB001 AB006 AB041,1,1
AB041 AB007 AB057,1,1
AB051 AB024 AB073,1,1
A629 AB001 AB047 AB081,1,1
AB069 AB026 AB056 AB009 AB013,1,1
AB054 AB069 AB080 AB027,1,1
AB073 AB059,1,1
A579,1,1
AB080 AB053,1,1
AB100 A329,1,1
AB069 AB026 AB066,1,1
AB069 AB021 AB053 AB006,1,1
AB077 AB010 AB045 AB059,1,1
AB028 AB051 AB024 AB041,1,1
AB076,1,1
AB016 AB027 AB005,1,1
AB024 AB073 AB006,1,1
AB073 AB077,1,1
AB006 AB021 AB024,1,1
AB034 AB059 AB024,1,1
AB050 AB080 AB081,1,1
AB077 AB076,1,1
AB008 AB029 AB006 AB051,1,1
AB086 AB041 AB030,1,1
AB118 AB077,1,1
AB077 AB080,1,1
AB026 AB007,1,1
AB053 A305,1,1
AB053 AB077 AB059,1,1
AB051 AB123 AB008,1,1
AB069 AB013 AB003 AB057,1,1
AB006 AB073,1,1
AB055 AB027,1,1
AB031 AB011,1,1
AB051 AB013 AB007,1,1
AB003 AB002 AB058,1,1
AB081 AB080 AB065,1,1
AB078 AB081 AB027,1,1
AB031 AB027 AB065,1,1
AB039 AB059 AB077 AB009,1,1
AB021 AB053 AB069 AB016,1,1
AB031 AB031 AB013,1,1
AB070 AB026,1,1
AB030 AB060,1,1
AB023,1,1
AB081 AB056 AB053 AB057,1,1
AB003 AB031 AB053 AB057,1,1
AB026 AB028 AB070,1,1
AB026 AB030,1,1
AB010 AB027 AB040,1,1
AB069 AB078 AB055,1,1
AB079 AB065 AB029,1,1
AB051 AB026 AB040,1,1
AB028 AB067 AB060,1,1
AB040 AB004 AB002,1,1
A312 AB004 AB004,1,1
AB073 AB067 AB009 AB006,1,1
AB010 AB055 AB021,1,1
AB003 AB002 AB030,1,1
AB077 AB010 AB079 AB030,1,1
AB028 A308,1,1
AB188 AB086,1,1
AB037 AB030 AB059,1,1
AB028 AB073 AB031 AB060,1,1
AB067 AB001,1,1
AB067 A310,1,1
AB081 A305,1,1
AB031 AB060 AB007,1,1
AB073 AB001,1,1
AB031 AB072,1,1
AB008 AB026 AB001 AB060,1,1
AB028 AB059 AB057,1,1
AB040 AB007 AB006,1,1
AB007 AB057 AB028,1,1
AB031 A323 AB073,1,1
A340 AB067 AB059,1,1
AB008 AB027 AB001 AB028,1,1
AB077 AB051 AB080 AB024,1,1
AB078 AB076 AB057,1,1
AB041 AB069 AB076 AB027,1,1
AB031 AB060 AB060,1,1
AB037 AB031,1,1
AB050 AB070,1,1
AB016 AB056,1,1
AB058 AB050,1,1
AB077 AB002 AB056,1,1
AB031 AB057 AB080,1,1
AB067 AB045 AB080 A323 AB006,1,1
AB058 AB056 AB060,1,1
AB003 AB059 AB078,1,1
AB058 AB027,1,1
AB001 AB065 AB004,1,1
AB041 A516,1,1
AB037 AB037 AB081,1,1
AB028 AB081 AB059,1,1
AB051 AB079 AB054,1,1
AB027 AB058,1,1
AB067 A310 AB027,1,1
AB001 AB002 AB003,1,1
AB031 AB080 AB037,1,1
A306 AB037 AB077 AB008 AB027,1,1
AB051 AB053 AB004,1,1
AB003 AB027,1,1
AB059 AB039 AB041 AB007,1,1
AB055 AB051 A331,1,1
AB067 AB001 AB059,1,1
AB078 AB069,1,1
AB073 AB001 AB030,1,1
AB003 AB057,1,1
AB058 AB051,1,1
AB027 AB069,1,1
AB080 AB041 AB051,1,1
AB003 A342 AB028,1,1
AB002 AB008,1,1
AB073 AB055 AB073,1,1
AB060 AB006 AB027,1,1
AB076 AB051,1,1
AB058 AB067,1,1
AB037 AB051 AB030,1,1
AB041 AB060,1,1
AB008 AB026,1,1
AB069 AB058 AB029,1,1
A307,1,1
AB080 AB041,1,1
AB040 AB051,1,1
AB037 AB030,1,1
AB081 AB013 AB059,1,1
AB007 AB077 AB069,1,1
AB031 AB024,1,1
AB081 AB073 AB006 AB078,1,1
AB073 AB076,1,1
AB080 AB027,1,1
AB041 AB026,1,1
AB053 AB057,1,1
AB031,1,1
AB078 AB037 AB060 AB051,1,1
AB073 AB037,1,1
AB031 AB060,1,1
AB077 AB081,1,1
AB100,1,1
AB070,1,1
AB003 AB028 AB067,1,1
AB031 AB002 AB078,1,1
AB077 AB037,1,1
AB058 AB029,1,1
AB081 AB079 AB006,1,1
AB026 AB080,1,1
AB059 AB073,1,1
AB001 AB059 AB060,1,1
AB039 AB059 AB057,1,1
A717,1,1
AB080 A321,1,1
AB061 AB076 AB007 AB024,1,1
AB077 AB003 AB078,1,1
AB078 AB039 AB059,1,1
AB060 AB037 AB009,1,1
AB080 AB053 AB028,1,1
AB051 AB001 AB080,1,1
AB051 AB067,1,1
AB016 AB118 AB031,1,1
AB041 AB100,1,1
AB023 A312,1,1
AB001 AB056,1,1
AB069 AB003 AB053,1,1
AB078 AB037,1,1
AB028 AB026 AB057,1,1
AB051 AB057,1,1
AB001 AB026 A329,1,1
AB065 AB060,1,1
AB053 AB058 AB080,1,1
AB021 AB057 AB051,1,1
AB004 AB044,1,1
AB067 AB067 AB060 AB057,1,1
AB067 AB027 AB066,1,1
AB078 AB077,1,1
AB027 AB007 AB009,1,1
AB016 AB076 AB054,1,1
AB007 AB045,1,1
AB039 AB059 AB044 AB041,1,1
AB057 AB027 AB073,1,1
AB078 AB058 AB050,1,1
AB081 AB026 AB081,1,1
AB008 AB060 AB008 AB069,1,1
AB067 AB067 AB006,1,1
AB081 AB056 AB056,1,1
AB077 AB065,1,1
AB031 AB080 AB002,1,1
AB001 AB059 AB027,1,1
AB008 AB031 AB076,1,1
AB080 AB028 AB073,1,1
AB059 AB060,1,1
AB131,1,1
AB056 AB077 AB060 AB037,1,1
AB041 AB067 AB060,1,1
AB058 AB029 AB188,1,1
AB056 AB188,1,1
AB028 AB081 AB053 AB006,1,1
AB041 AB026 AB080 AB053 AB066,1,1
AB067 AB007 AB030,1,1
AB045 AB065 AB081,1,1
AB061 AB037,1,1
A318 A306,1,1
AB069 AB080,1,1
AB045 AB007,1,1
AB044 AB067 AB026,1,1
AB060 AB045 AB013 AB004,1,1
AB021 AB069,1,1
AB001 AB051 AB080 AB059,1,1
AB007 AB045 AB026 AB078 AB076 AB010,1,1
AB001 AB017,1,1
AB028 AB037 AB037 AB081 AB030,1,1
AB008 AB123 AB004,1,1
AB041 AB073 AB059,1,1
AB026 AB031,1,1
AB039 AB059 AB060,1,1
AB081 AB080 AB002,1,1
AB016 AB118 AB060 AB027,1,1
AB077 AB055 AB037,1,1
AB006 AB037 AB080 AB007,1,1
AB007 AB027 AB007 AB006,1,1
AB002 AB044,1,1
AB077 AB053 A310 AB028,1,1
AB001 AB026 AB024 AB004,1,1
AB008 AB026 AB081 AB002,1,1
AB054 AB057 AB039,1,1
AB077 A305,1,1
AB008 AB041,1,1
A629,1,1
AB046 AB059 AB006,1,1
AB077 AB027 AB002,1,1
AB079 AB030 AB077,1,1
AB059 AB030 AB077,1,1
AB054 AB061 AB073,1,1
AB060 A314 AB060,1,1
AB026 AB057 AB059 AB007,1,1
A333 AB007 AB058 AB077,1,1
A333 AB007 AB006 AB058 AB077,1,1
AB027 AB002,1,1
AB081 AB073 AB006,1,1
AB016 AB081 AB027 AB006 A306,1,1
AB069 AB009 AB058 AB067,1,1
AB058 AB067 AB053 AB004 AB028 AB057,1,1
AB008 AB006 AB055 AB041 AB057 AB009,1,1
AB051 AB029 AB027,1,1
AB041 AB050,1,1
AB006 AB080 AB080 AB037 AB037 A319,1,1
AB059 AB057,1,1
AB040 AB057 AB058,1,1
AB080 AB037 AB037 A319,1,1
AB077 AB031,1,1
AB057 AB041 AB038,1,1
AB028 AB003 AB031 AB057,1,1
AB016 AB118,1,1
AB008 AB067 AB039 AB038 AB004,1,1
A352 A306,1,1
AB003 AB047,1,1
AB067 AB037,1,1
AB008 AB005 A349 AB005 AB028,1,1
AB008 AB059 A350,1,1
A651,1,1
AB008 AB009 AB027 AB017,1,1
AB008 AB080 AB057,1,1
AB010 AB059 AB028 AB041,1,1
AB028 AB081 AB039,1,1
AB008 AB041 AB067 AB060,1,1
AB051 AB027 AB017,1,1
A306 AB078 AB051,1,1
AB028 A331,1,1
AB008 AB059,1,1
AB008 AB051 AB027,1,1
AB041 AB006,1,1
AB077 AB059 AB027,1,1
N800,1,1
A335,1,1
AB016 AB024,1,1
A306,1,1
AB008 AB001 AB067 AB041 AB077,1,1
AB008 AB060 AB010 AB001,1,1
AB040 AB031 AB031 AB024,1,1
AB040 AB006 AB051,1,1
A301 AB006,1,1
AB081 AB003 AB079,1,1
AB041 AB028 AB041,1,1
AB059 AB010,1,1
AB008 AB013 AB123,1,1
AB020,1,1
AB008 A301,1,1
AB007 AB041,1,1
AB004 AB055 AB027,1,1
AB067 AB031 AB024,1,1
AB053 AB059 AB046,1,1
AB085 AB027 AB004,1,1
AB060 AB067 AB059 AB006 AB041,1,1
AB030,1,1
AB057 AB001 AB058,1,1
AB003 AB001,1,1
AB073 AB006,1,1
AB003 AB059,1,1
AB003 AB001 AB030,1,1
AB038 AB006 AB041,1,1
AB028 AB057 AB003 AB013,1,1
AB059 AB059,1,1
AB016 AB037 AB067,1,1
AB009 A305,1,1
AB081 AB070 AB038,1,1
AB010 AB059 AB028 AB009,1,1
AB003 AB006 AB069,1,1
AB008 AB007 AB024,1,1
AB039 AB055,1,1
AB050 AB045,1,1
AB008 AB041 AB058 AB011 AB008,1,1
AB028 AB041,1,1
AB080 AB059 AB053 AB059,1,1
AB008 AB001 AB021 AB053,1,1
AB081 AB030 AB004,1,1
AB006 AB067,1,1
AB003 AB053 AB045,1,1
AB008 AB041 AB118,1,1
AB081 AB077,1,1
A640,1,1
A501,1,1
AB077 AB006 AB030 AB037,1,1
AB100 A352 AB057,1,1
AB057 AB081 AB037,1,1
AB057 AB051 AB060 AB037,1,1
AB026 AB006,1,1
AB058 AB065 AB059,1,1
AB077 AB046,1,1
AB011 AB007 AB056,1,1
AB080 AB058 AB073 AB006,1,1
AB008 AB077 AB059,1,1
AB031 AB050,1,1
AB057 AB058,1,1
AB016 AB067,1,1
AB055 AB009,1,1
AB026 AB057,1,1
AB030 AB039,1,1
AB077 AB028 AB077,1,1
AB057 AB060,1,1
AB059 AB055 AB023 AB037,1,1
AB057 AB031 AB031 AB060 AB080,1,1
AB001 AB054 AB051 AB054 AB005,1,1
AB028 AB057,1,1
AB057 AB078,1,1
AB057 AB054,1,1
AB006 AB008 AB056,1,1
AB057 AB041,1,1
AB008 AB003 AB067,1,1
AB010 AB006 AB008,1,1
AB008 AB069 AB053 AB041 AB037,1,1
AB034 AB037 AB053,1,1
AB008 AB007 AB001 AB067 AB037 AB003 AB081,1,1
AB030 AB057 AB055,1,1
AB065 AB081 AB006 AB003 AB081 AB055 AB010 AB028 AB079,1,1
AB008 AB077 AB055 AB074 AB037,1,1
AB051 AB060 AB027,1,1
AB008 AB079 AB060,1,1
AB057 AB031 AB060 AB008 AB006 AB024 AB040 AB039,1,1
AB008 AB039,1,1
AB008 AB027 AB024 AB041 AB007 A301 AB039 AB044 AB003 AB057 AB059 AB053 AB009 AB004 AB053 AB023 AB008 AB057 AB081,1,1
AB051 AB039 AB004 AB054,1,1
AB028 AB051 AB040,1,1
AB051 AB060,1,1
AB027 AB037,1,1
AB057 AB081,1,1
AB010 AB006 AB006,1,1
AB057 AB080 AB010 AB037,1,1
AB008 AB031 AB001 AB077,1,1
AB051 AB077,1,1
AB043,1,1
AB008 AB081 AB065 AB003 AB118,1,1
AB010 AB077 AB027,1,1
AB008 AB009 AB041 AB006,1,1
AB081 AB003 AB053,1,1
AB038 AB077,1,1
AB026 AB039,1,1
AB031 A305 AB073,1,1
AB008 A325 AB017,1,1
AB008 AB053 AB003,1,1
AB016 AB016 AB001,1,1
AB005 AB013,1,1
AB005 AB049 AB027,1,1
AB028 AB006 AB004,1,1
AB059 AB006 AB080 AB046,1,1
A355 AB038 A354,1,1
AB180 A339 AB100,1,1
A328,1,1
A356,1,1
AB004 AB079,1,1
AB057 A304,1,1
AB080 AB004 AB027,1,1
A357,1,1
A320 AB006,1,1
A358 AB030,1,1
AB057 AB031,1,1
A320,1,1
A359,1,1
A360,1,1
AB040 AB057,1,1
AB039 AB061,1,1
AB007 AB060 AB007 AB006,1,1
AB008 AB009 AB069 AB021,1,1
AB060 AB061 AB007 AB067,1,1
AB039 AB026 AB038 AB065,1,1
AB009 AB031 AB056,1,1
AB002 AB038,1,1
A314,1,1
AB008 AB056,1,1
AB057 AB067 AB056,1,1
AB008 AB053 AB057,1,1
AB037 AB053,1,1
AB080 AB027 AB053 AB073 AB045,1,1
AB051 AB053,1,1
AB053 AB026 AB080 AB037,1,1
AB008 AB073 AB001 AB061,1,1
AB005,1,1
AB028 AB031 AB053 AB044,1,1
AB051 AB037,1,1
AB028 AB006 AB054,1,1
AB028 AB079 AB053 AB030 AB059,1,1
AB028 AB001 AB056 AB028 AB031 AB053,1,1
AB007 AB003 AB057,1,1
AB010 AB007 AB053 AB067,1,1
AB057 AB026 AB080 AB024,1,1
AB057 AB041 AB001 AB060,1,1
AB001 AB060,1,1
A317 AB078 A353,1,1
AB058 AB067 AB060 AB059,1,1
AB077 A314 AB041,1,1
A314 AB059 AB080,1,1
AB057 AB007,1,1
A320 A320 AB080,1,1
AB008 AB024 AB037,1,1
AB077 AB016,1,1
AB066 AB059 AB027,1,1
AB066 AB037 AB004,1,1
AB061 AB077 AB073 AB017 AB028 AB006,1,1
AB061 AB004 AB057,1,1
AB060 AB006 AB069 AB058,1,1
AB030 AB073,1,1
AB069 AB058,1,1
AB080 AB037 AB017 AB028 AB004,1,1
AB080 AB004 AB037,1,1
AB059 AB006 AB028 A301 AB037,1,1
AB057 AB037,1,1
AB057 AB031 AB031 AB060 AB013,1,1
AB027 AB028 AB044,1,1
AB037 AB080 AB026 AB040 AB004,1,1
AB008 AB059 AB028 A301 AB054 AB057,1,1
AB057 AB028 AB048 AB017,1,1
AB056 AB030 AB040,1,1
AB004 AB023 AB031 AB009,1,1
A309 AB034 AB050 AB039,1,1
A309 AB067 AB050,1,1
A309 AB001 AB050,1,1
AB003 AB001 AB026,1,1
A309 AB065 AB067,1,1
A309 AB053 AB001 AB065,1,1
A309 AB053 AB077 AB026,1,1
A309 AB053 AB054 AB065,1,1
AB017 A321,1,1
AB008 AB001,1,1
AB070 AB008 AB051 AB054,1,1
AB008 AB081 AB069 A361,1,1
AB067 AB053 AB041,1,1
AB039 AB081 AB079,1,1
AB003 AB073,1,1
AB059 AB006 AB004,1,1
AB008 AB081 AB073 AB006,1,1
AB008 AB059 AB006 AB004,1,1
AB008 AB073 AB001 AB010,1,1
AB008 AB051 AB081 AB073 AB006,1,1
AB054 A362,1,1
AB080 AB017,1,1
AB080 AB067 AB045 AB004,1,1
AB008 AB045,1,1
AB008 AB073 AB059,1,1
AB076 AB002 AB027,1,1
AB077 AB081 AB024 AB004,1,1
AB007 AB007 AB070 AB060 AB013 AB066,1,1
AB060 AB080 AB041,1,1
AB038 AB081 AB026,1,1
AB039 A310 AB008,1,1
AB038 AB005 AB053,1,1
AB031 A301 AB053,1,1
AB028 AB045,1,1
AB058 AB003,1,1
AB013 AB067 AB007,1,1
AB050 AB030 AB077 A363,1,1
AB016 AB037 AB065,1,1
AB081 AB039,1,1
AB069 AB073 AB037 AB017 AB009,1,1
AB003 AB055 AB078,1,1
AB057 AB040,1,1
AB047 AB081 AB006,1,1
AB028 AB037 AB030 AB031,1,1
AB073 AB017 AB009,1,1
AB041 AB067,1,1
AB057 AB031 AB023,1,1
AB073 AB001 AB038,1,1
A364 AB044 AB080 AB009,1,1
AB001 AB027 AB081,1,1
AB081 A321,1,1
AB060 AB004,1,1
AB067 AB027 AB017,1,1
AB038 AB073,1,1
AB041 AB004 AB069,1,1
AB004 AB123,1,1
AB026 AB080 AB059 AB009,1,1
AB081 AB060,1,1
AB039 AB023,1,1
AB059 AB044,1,1
AB059 AB080 AB039,1,1
AB118 AB073,1,1
AB031 AB053,1,1
AB051 AB065,1,1
AB004 AB004,1,1
AB073 AB027,1,1
AB007 AB007,1,1
AB057 AB067,1,1
AB007 AB067,1,1
AB061 AB073,1,1
AB039 AB009,1,1
AB057 AB005 AB057,1,1
AB008 AB037 AB026,1,1
AB057 AB003,1,1
AB069 AB013 AB009,1,1
AB038 AB082,1,1
AB067 AB030 AB080,1,1
AB061 AB059 AB030 AB017 AB009,1,1
AB031 AB073 AB001 AB038,1,1
A305 AB054 AB006,1,1
AB034 AB065 AB004 AB073,1,1
AB029 AB076,1,1
AB028 AB081 AB065 AB037 AB028,1,1
A312 AB066,1,1
AB003 AB017,1,1
AB028 AB080,1,1
AB010 AB065,1,1
AB008 AB060 AB069,1,1
AB008 AB027 AB069 AB073,1,1
AB008 AB059 AB027,1,1
AB081 AB069 AB070 AB027,1,1
AB059 AB028 AB055 AB080 AB003,1,1
AB080 AB077 AB028 AB009,1,1
AB077 AB028 AB002,1,1
AB002 AB041 AB060,1,1
AB008 AB059 AB006,1,1
AB080 AB065,1,1
AB040 AB060 AB027 AB073 AB004,1,1
AB008 AB037 AB077,1,1
AB008 AB051 AB070 AB073,1,1
