review_id	review_type	source_record_id	evidence_path	evidence_locator	question	decision	reviewer	review_date	decision_evidence	independent_review
U001	disagreement	HT 17	research/critical-disagreement-comparison.csv	U001	Trace each alternative to an attributed witness and locator; assess graphical ambiguity without silently selecting a canonical reading.	UNREVIEWED				false
U002	disagreement	HT 15	research/critical-disagreement-comparison.csv	U002	Trace each alternative to an attributed witness and locator; assess graphical ambiguity without silently selecting a canonical reading.	UNREVIEWED				false
U003	disagreement	HT 17	research/critical-disagreement-comparison.csv	U003	Trace each alternative to an attributed witness and locator; assess graphical ambiguity without silently selecting a canonical reading.	UNREVIEWED				false
U004	disagreement	HT 34	research/critical-disagreement-comparison.csv	U004	Trace each alternative to an attributed witness and locator; assess graphical ambiguity without silently selecting a canonical reading.	UNREVIEWED				false
U005	disagreement	HT 34	research/critical-disagreement-comparison.csv	U005	Trace each alternative to an attributed witness and locator; assess graphical ambiguity without silently selecting a canonical reading.	UNREVIEWED				false
U006	disagreement	HT 49a	research/critical-disagreement-comparison.csv	U006	Trace each alternative to an attributed witness and locator; assess graphical ambiguity without silently selecting a canonical reading.	UNREVIEWED				false
U007	disagreement	KH 74	research/critical-disagreement-comparison.csv	U007	Trace each alternative to an attributed witness and locator; assess graphical ambiguity without silently selecting a canonical reading.	UNREVIEWED				false
U008	disagreement	KH 8	research/critical-disagreement-comparison.csv	U008	Trace each alternative to an attributed witness and locator; assess graphical ambiguity without silently selecting a canonical reading.	UNREVIEWED				false
U009	disagreement	MA 10b	research/critical-disagreement-comparison.csv	U009	Trace each alternative to an attributed witness and locator; assess graphical ambiguity without silently selecting a canonical reading.	UNREVIEWED				false
U010	disagreement		research/critical-disagreement-comparison.csv	U010	Trace each alternative to an attributed witness and locator; assess graphical ambiguity without silently selecting a canonical reading.	UNREVIEWED				false
U011	disagreement	KN Zc 6	research/critical-disagreement-comparison.csv	U011	Trace each alternative to an attributed witness and locator; assess graphical ambiguity without silently selecting a canonical reading.	UNREVIEWED				false
U012	disagreement		research/critical-disagreement-comparison.csv	U012	Trace each alternative to an attributed witness and locator; assess graphical ambiguity without silently selecting a canonical reading.	UNREVIEWED				false
U013	disagreement		research/critical-disagreement-comparison.csv	U013	Trace each alternative to an attributed witness and locator; assess graphical ambiguity without silently selecting a canonical reading.	UNREVIEWED				false
U014	disagreement		research/critical-disagreement-comparison.csv	U014	Trace each alternative to an attributed witness and locator; assess graphical ambiguity without silently selecting a canonical reading.	UNREVIEWED				false
U015	disagreement		research/critical-disagreement-comparison.csv	U015	Trace each alternative to an attributed witness and locator; assess graphical ambiguity without silently selecting a canonical reading.	UNREVIEWED				false
ENTRY-HT15	context_and_layout	HT 15	research/critical-pilot.json	/documents/77	Verify caption, layout, missingness and quantities against linked edition pages. Check modern inventory and fragment/face relations separately.	UNREVIEWED				false
ENTRY-HT17	context_and_layout	HT 17	research/critical-pilot.json	/documents/91	Verify caption, layout, missingness and quantities against linked edition pages. Check modern inventory and fragment/face relations separately.	UNREVIEWED				false
ENTRY-HT34	context_and_layout	HT 34	research/critical-pilot.json	/documents/116	Verify caption, layout, missingness and quantities against linked edition pages. Check modern inventory and fragment/face relations separately.	UNREVIEWED				false
ENTRY-HT49a	context_and_layout	HT 49a	research/critical-pilot.json	/documents/136	Verify caption, layout, missingness and quantities against linked edition pages. Check modern inventory and fragment/face relations separately.	UNREVIEWED				false
ENTRY-KH74	context_and_layout	KH 74	research/critical-pilot.json	/documents/466	Verify caption, layout, missingness and quantities against linked edition pages. Check modern inventory and fragment/face relations separately.	UNREVIEWED				false
ENTRY-KH8	context_and_layout	KH 8	research/critical-pilot.json	/documents/475	Verify caption, layout, missingness and quantities against linked edition pages. Check modern inventory and fragment/face relations separately.	UNREVIEWED				false
ENTRY-MA10b	context_and_layout	MA 10b	research/critical-pilot.json	/documents/651	Verify caption, layout, missingness and quantities against linked edition pages. Check modern inventory and fragment/face relations separately.	UNREVIEWED				false
ENTRY-KNZc6	context_and_layout	KN Zc 6	research/critical-pilot.json	/documents/644	Verify caption, layout, missingness and quantities against linked edition pages. Check modern inventory and fragment/face relations separately.	UNREVIEWED				false
ENTRY-ARKH2	context_and_layout	ARKH 2	research/critical-pilot.json	/documents/2	Verify caption, layout, missingness and quantities against linked edition pages. Check modern inventory and fragment/face relations separately.	UNREVIEWED				false
ENTRY-KNZb40	context_and_layout	KN Zb 40	research/critical-pilot.json	/documents/642	Verify caption, layout, missingness and quantities against linked edition pages. Check modern inventory and fragment/face relations separately.	UNREVIEWED				false
