claim_id,claim,status,evidence,limitations
C001,"The tested SigLA snapshot decodes to 802 documents and 5,144 attestations.",validated_decoder_structure,0.6 validation + prior independent executable audit,Not epigraphic correctness.
C002,"Two separately implemented executable decoding paths agreed on all 5,144 attestations across 46,296 compared fields on the same snapshot.",validated_same_snapshot_semantics,independent executable audit,Not literal execution of both unmodified source trees; not GORILA agreement.
C003,"The serialized SigLA document graph contains 1,401 Word objects, 1,283 nonempty and 118 empty.",validated_source_structure,0.6 source-word validation,Word is SigLA's source-defined unit; no linguistic semantics beyond source definition.
C004,Six checked current SigLA pages agree with decoded Word counts.,validated_spot_check,6/6 live-page count checks,"Six-page validation sample, not exhaustive manual review."
C005,Twenty-two source-word positional sign cases passed the 0.7 within-word permutation BH-FDR screen.,reproducible_analysis,0.7 positional null,Model-dependent structural enrichment.
C006,Twelve of those 22 survived the 0.8 strict adversarial composite screen.,robust_structural_candidates,0.8 robustness matrix,Composite screen chosen as robustness test; not probability of morphology.
C007,The displayed historical type-level table reports twelve frozen candidates; its Holm arithmetic was checked separately. The historical internal-position negative control is superseded.,corrected_historical_claim,C018 and C019; analysis/candidate_type_multiverse.csv,The superseded negative control is not supporting evidence; selection on the same corpus precludes an independent confirmation claim.
C008,f3 has a stable evidence-tiered structural representation but unresolved global semantics.,unresolved,0.4 RC10-RC15 forensics,Must not be used as universal word coordinates.
C009,The inherited 0.6 site_id was a document-label-prefix heuristic and is not canonical site metadata.,correction,0.7 audit,Canonical source-explicit site mapping remains future work.
C010,Independent identity-level replication of the twelve positional candidates has not yet been established.,open,0.9 external replication ledger,Methodological comparators exist; exact independent replication not claimed.
C011,Known-answer Linear B calibration of this exact detector is not included in 1.0.,open,0.9 blocker,Requires a license-reviewed aligned Linear B word corpus.
C012,All twelve frozen positional candidates survived leave-one-canonical-site-out sensitivity in the 1.1 mapped source-word corpus.,robust_structural_candidates,1.1 canonical site leave-one-out,Site mapping is reviewed identifier mapping; direct raw find-place per-record provenance remains an enhancement.
C013,All twelve frozen candidates reproduced their enriched boundary direction at type-level z > 1.96 in the pinned mwenge cross-representation corpus.,cross_representation_replication,1.3 replication table,Not independent epigraphic replication; important shared GORILA/Douros ancestry.
C014,Eleven of twelve frozen candidates participate in at least two attested one-edge-removal type pairs.,structural_form_relation,1.5 edge alternations,"Does not establish stems, affixes, paradigms or morphology."
C015,6 of twelve frozen candidates retain a document-cluster-bootstrap 2.5th-percentile enrichment z > 1.96.,robustness_sensitivity,1.7 document cluster bootstrap,"Corpus-composition sensitivity, not linguistic confidence interval."
C016,The source-word type graph contains 651 directed one-edge-removal relations versus a within-type-shuffle null mean of 587.2.,reproducible_analysis,1.8 edge alternation null,Order-sensitive form structure; not a test of morphological interpretation.
C017,"Known-answer Linear B calibration remains unexecuted: exact source bytes are authenticated, but legitimate linguistic gold and the required graphical baseline remain missing.",open,Linear-B current-status and gold acquisition gate,Acquisition completion is not calibration performance; conventional transcription is not graphical sign identity.
C018,The historical 0.9 random-internal-position negative control is superseded because boundary and internal-position populations have mismatched eligibility/support.,correction,2.5 statistical inheritance audit,Does not by itself invalidate the separate type-level multiverse or document-cluster bootstrap.
C019,The displayed 0.9 Holm-adjusted p-values are consistent with standard step-down Holm adjustment for the 12 displayed raw p-values.,validated_audit,2.5 Holm arithmetic recheck,Validates correction arithmetic only; does not strengthen the underlying null model.
C020,2.4.2 establishes a multi-witness representation in which evidential support is counted by source lineage rather than number of digital representations.,validated_architecture,2.4.2 schemas and lineage-aware validator,Infrastructure claim; source-by-source population remains incomplete.
C021,The separately frozen statistical repair executed twice with identical result bytes on the historical corpus; the historical 2.5 implementation remains quarantined.,conditional_historical_sensitivity,research/structural-sensitivity-repair-v1.json; analysis/structural-sensitivity-repair-v1-execution.json,"Candidates were selected on this corpus; corrected diagnostic p-values do not undo selection bias or establish prospective, linguistic or independent confirmation."
