document_id,identifier_prefix,canonical_site_id,canonical_site_name,mapping_status,basis,source_explicit_find_place_join
ARKH 1a,ARKH,ARKH,Arkhanes,reviewed_identifier_mapping,Reviewed GORILA/SigLA document identifier convention; canonical site label corroborated by source inventories.,pending_direct_per_record_export
ARKH 1b,ARKH,ARKH,Arkhanes,reviewed_identifier_mapping,Reviewed GORILA/SigLA document identifier convention; canonical site label corroborated by source inventories.,pending_direct_per_record_export
ARKH 2,ARKH,ARKH,Arkhanes,reviewed_identifier_mapping,Reviewed GORILA/SigLA document identifier convention; canonical site label corroborated by source inventories.,pending_direct_per_record_export
ARKH 3a,ARKH,ARKH,Arkhanes,reviewed_identifier_mapping,Reviewed GORILA/SigLA document identifier convention; canonical site label corroborated by source inventories.,pending_direct_per_record_export
ARKH 3b,ARKH,ARKH,Arkhanes,reviewed_identifier_mapping,Reviewed GORILA/SigLA document identifier convention; canonical site label corroborated by source inventories.,pending_direct_per_record_export
ARKH 4a,ARKH,ARKH,Arkhanes,reviewed_identifier_mapping,Reviewed GORILA/SigLA document identifier convention; canonical site label corroborated by source inventories.,pending_direct_per_record_export
ARKH 4b,ARKH,ARKH,Arkhanes,reviewed_identifier_mapping,Reviewed GORILA/SigLA document identifier convention; canonical site label corroborated by source inventories.,pending_direct_per_record_export
ARKH 5,ARKH,ARKH,Arkhanes,reviewed_identifier_mapping,Reviewed GORILA/SigLA document identifier convention; canonical site label corroborated by source inventories.,pending_direct_per_record_export
ARKH 6,ARKH,ARKH,Arkhanes,reviewed_identifier_mapping,Reviewed GORILA/SigLA document identifier convention; canonical site label corroborated by source inventories.,pending_direct_per_record_export
ARKH 7,ARKH,ARKH,Arkhanes,reviewed_identifier_mapping,Reviewed GORILA/SigLA document identifier convention; canonical site label corroborated by source inventories.,pending_direct_per_record_export
GO 2a,GO,GO,Gournia,reviewed_identifier_mapping,Reviewed GORILA/SigLA document identifier convention; canonical site label corroborated by source inventories.,pending_direct_per_record_export
GO 2b,GO,GO,Gournia,reviewed_identifier_mapping,Reviewed GORILA/SigLA document identifier convention; canonical site label corroborated by source inventories.,pending_direct_per_record_export
GO Wc 1a,GO,GO,Gournia,reviewed_identifier_mapping,Reviewed GORILA/SigLA document identifier convention; canonical site label corroborated by source inventories.,pending_direct_per_record_export
HS Zg 1,HS,HS,Haghios Stephanos,reviewed_identifier_mapping,Reviewed GORILA/SigLA document identifier convention; canonical site label corroborated by source inventories.,pending_direct_per_record_export
HT 1,HT,HT,Haghia Triada,reviewed_identifier_mapping,Reviewed GORILA/SigLA document identifier convention; canonical site label corroborated by source inventories.,pending_direct_per_record_export
HT 100,HT,HT,Haghia Triada,reviewed_identifier_mapping,Reviewed GORILA/SigLA document identifier convention; canonical site label corroborated by source inventories.,pending_direct_per_record_export
HT 101,HT,HT,Haghia Triada,reviewed_identifier_mapping,Reviewed GORILA/SigLA document identifier convention; canonical site label corroborated by source inventories.,pending_direct_per_record_export
HT 102,HT,HT,Haghia Triada,reviewed_identifier_mapping,Reviewed GORILA/SigLA document identifier convention; canonical site label corroborated by source inventories.,pending_direct_per_record_export
HT 103,HT,HT,Haghia Triada,reviewed_identifier_mapping,Reviewed GORILA/SigLA document identifier convention; canonical site label corroborated by source inventories.,pending_direct_per_record_export
HT 104,HT,HT,Haghia Triada,reviewed_identifier_mapping,Reviewed GORILA/SigLA document identifier convention; canonical site label corroborated by source inventories.,pending_direct_per_record_export
HT 108,HT,HT,Haghia Triada,reviewed_identifier_mapping,Reviewed GORILA/SigLA document identifier convention; canonical site label corroborated by source inventories.,pending_direct_per_record_export
HT 109,HT,HT,Haghia Triada,reviewed_identifier_mapping,Reviewed GORILA/SigLA document identifier convention; canonical site label corroborated by source inventories.,pending_direct_per_record_export
HT 10a,HT,HT,Haghia Triada,reviewed_identifier_mapping,Reviewed GORILA/SigLA document identifier convention; canonical site label corroborated by source inventories.,pending_direct_per_record_export
HT 10b,HT,HT,Haghia Triada,reviewed_identifier_mapping,Reviewed GORILA/SigLA document identifier convention; canonical site label corroborated by source inventories.,pending_direct_per_record_export
HT 110a,HT,HT,Haghia Triada,reviewed_identifier_mapping,Reviewed GORILA/SigLA document identifier convention; canonical site label corroborated by source inventories.,pending_direct_per_record_export
HT 110b,HT,HT,Haghia Triada,reviewed_identifier_mapping,Reviewed GORILA/SigLA document identifier convention; canonical site label corroborated by source inventories.,pending_direct_per_record_export
HT 112a,HT,HT,Haghia Triada,reviewed_identifier_mapping,Reviewed GORILA/SigLA document identifier convention; canonical site label corroborated by source inventories.,pending_direct_per_record_export
HT 112b,HT,HT,Haghia Triada,reviewed_identifier_mapping,Reviewed GORILA/SigLA document identifier convention; canonical site label corroborated by source inventories.,pending_direct_per_record_export
HT 113,HT,HT,Haghia Triada,reviewed_identifier_mapping,Reviewed GORILA/SigLA document identifier convention; canonical site label corroborated by source inventories.,pending_direct_per_record_export
HT 113 ter,HT,HT,Haghia Triada,reviewed_identifier_mapping,Reviewed GORILA/SigLA document identifier convention; canonical site label corroborated by source inventories.,pending_direct_per_record_export
HT 114a,HT,HT,Haghia Triada,reviewed_identifier_mapping,Reviewed GORILA/SigLA document identifier convention; canonical site label corroborated by source inventories.,pending_direct_per_record_export
HT 115a,HT,HT,Haghia Triada,reviewed_identifier_mapping,Reviewed GORILA/SigLA document identifier convention; canonical site label corroborated by source inventories.,pending_direct_per_record_export
HT 115b,HT,HT,Haghia Triada,reviewed_identifier_mapping,Reviewed GORILA/SigLA document identifier convention; canonical site label corroborated by source inventories.,pending_direct_per_record_export
HT 116a,HT,HT,Haghia Triada,reviewed_identifier_mapping,Reviewed GORILA/SigLA document identifier convention; canonical site label corroborated by source inventories.,pending_direct_per_record_export
HT 116b,HT,HT,Haghia Triada,reviewed_identifier_mapping,Reviewed GORILA/SigLA document identifier convention; canonical site label corroborated by source inventories.,pending_direct_per_record_export
HT 117a,HT,HT,Haghia Triada,reviewed_identifier_mapping,Reviewed GORILA/SigLA document identifier convention; canonical site label corroborated by source inventories.,pending_direct_per_record_export
HT 117b,HT,HT,Haghia Triada,reviewed_identifier_mapping,Reviewed GORILA/SigLA document identifier convention; canonical site label corroborated by source inventories.,pending_direct_per_record_export
HT 118,HT,HT,Haghia Triada,reviewed_identifier_mapping,Reviewed GORILA/SigLA document identifier convention; canonical site label corroborated by source inventories.,pending_direct_per_record_export
HT 119,HT,HT,Haghia Triada,reviewed_identifier_mapping,Reviewed GORILA/SigLA document identifier convention; canonical site label corroborated by source inventories.,pending_direct_per_record_export
HT 11a,HT,HT,Haghia Triada,reviewed_identifier_mapping,Reviewed GORILA/SigLA document identifier convention; canonical site label corroborated by source inventories.,pending_direct_per_record_export
HT 11b,HT,HT,Haghia Triada,reviewed_identifier_mapping,Reviewed GORILA/SigLA document identifier convention; canonical site label corroborated by source inventories.,pending_direct_per_record_export
HT 12,HT,HT,Haghia Triada,reviewed_identifier_mapping,Reviewed GORILA/SigLA document identifier convention; canonical site label corroborated by source inventories.,pending_direct_per_record_export
HT 120,HT,HT,Haghia Triada,reviewed_identifier_mapping,Reviewed GORILA/SigLA document identifier convention; canonical site label corroborated by source inventories.,pending_direct_per_record_export
HT 121,HT,HT,Haghia Triada,reviewed_identifier_mapping,Reviewed GORILA/SigLA document identifier convention; canonical site label corroborated by source inventories.,pending_direct_per_record_export
HT 122a,HT,HT,Haghia Triada,reviewed_identifier_mapping,Reviewed GORILA/SigLA document identifier convention; canonical site label corroborated by source inventories.,pending_direct_per_record_export
HT 122b,HT,HT,Haghia Triada,reviewed_identifier_mapping,Reviewed GORILA/SigLA document identifier convention; canonical site label corroborated by source inventories.,pending_direct_per_record_export
HT 123a,HT,HT,Haghia Triada,reviewed_identifier_mapping,Reviewed GORILA/SigLA document identifier convention; canonical site label corroborated by source inventories.,pending_direct_per_record_export
HT 123b,HT,HT,Haghia Triada,reviewed_identifier_mapping,Reviewed GORILA/SigLA document identifier convention; canonical site label corroborated by source inventories.,pending_direct_per_record_export
HT 126a,HT,HT,Haghia Triada,reviewed_identifier_mapping,Reviewed GORILA/SigLA document identifier convention; canonical site label corroborated by source inventories.,pending_direct_per_record_export
HT 127a,HT,HT,Haghia Triada,reviewed_identifier_mapping,Reviewed GORILA/SigLA document identifier convention; canonical site label corroborated by source inventories.,pending_direct_per_record_export
HT 127b,HT,HT,Haghia Triada,reviewed_identifier_mapping,Reviewed GORILA/SigLA document identifier convention; canonical site label corroborated by source inventories.,pending_direct_per_record_export
HT 128a,HT,HT,Haghia Triada,reviewed_identifier_mapping,Reviewed GORILA/SigLA document identifier convention; canonical site label corroborated by source inventories.,pending_direct_per_record_export
HT 128b,HT,HT,Haghia Triada,reviewed_identifier_mapping,Reviewed GORILA/SigLA document identifier convention; canonical site label corroborated by source inventories.,pending_direct_per_record_export
HT 129,HT,HT,Haghia Triada,reviewed_identifier_mapping,Reviewed GORILA/SigLA document identifier convention; canonical site label corroborated by source inventories.,pending_direct_per_record_export
HT 13,HT,HT,Haghia Triada,reviewed_identifier_mapping,Reviewed GORILA/SigLA document identifier convention; canonical site label corroborated by source inventories.,pending_direct_per_record_export
HT 130,HT,HT,Haghia Triada,reviewed_identifier_mapping,Reviewed GORILA/SigLA document identifier convention; canonical site label corroborated by source inventories.,pending_direct_per_record_export
HT 131a,HT,HT,Haghia Triada,reviewed_identifier_mapping,Reviewed GORILA/SigLA document identifier convention; canonical site label corroborated by source inventories.,pending_direct_per_record_export
HT 131b,HT,HT,Haghia Triada,reviewed_identifier_mapping,Reviewed GORILA/SigLA document identifier convention; canonical site label corroborated by source inventories.,pending_direct_per_record_export
HT 132,HT,HT,Haghia Triada,reviewed_identifier_mapping,Reviewed GORILA/SigLA document identifier convention; canonical site label corroborated by source inventories.,pending_direct_per_record_export
HT 133,HT,HT,Haghia Triada,reviewed_identifier_mapping,Reviewed GORILA/SigLA document identifier convention; canonical site label corroborated by source inventories.,pending_direct_per_record_export
HT 135a,HT,HT,Haghia Triada,reviewed_identifier_mapping,Reviewed GORILA/SigLA document identifier convention; canonical site label corroborated by source inventories.,pending_direct_per_record_export
HT 135b,HT,HT,Haghia Triada,reviewed_identifier_mapping,Reviewed GORILA/SigLA document identifier convention; canonical site label corroborated by source inventories.,pending_direct_per_record_export
HT 136a,HT,HT,Haghia Triada,reviewed_identifier_mapping,Reviewed GORILA/SigLA document identifier convention; canonical site label corroborated by source inventories.,pending_direct_per_record_export
HT 137,HT,HT,Haghia Triada,reviewed_identifier_mapping,Reviewed GORILA/SigLA document identifier convention; canonical site label corroborated by source inventories.,pending_direct_per_record_export
HT 139,HT,HT,Haghia Triada,reviewed_identifier_mapping,Reviewed GORILA/SigLA document identifier convention; canonical site label corroborated by source inventories.,pending_direct_per_record_export
HT 14,HT,HT,Haghia Triada,reviewed_identifier_mapping,Reviewed GORILA/SigLA document identifier convention; canonical site label corroborated by source inventories.,pending_direct_per_record_export
HT 140,HT,HT,Haghia Triada,reviewed_identifier_mapping,Reviewed GORILA/SigLA document identifier convention; canonical site label corroborated by source inventories.,pending_direct_per_record_export
HT 141,HT,HT,Haghia Triada,reviewed_identifier_mapping,Reviewed GORILA/SigLA document identifier convention; canonical site label corroborated by source inventories.,pending_direct_per_record_export
HT 142,HT,HT,Haghia Triada,reviewed_identifier_mapping,Reviewed GORILA/SigLA document identifier convention; canonical site label corroborated by source inventories.,pending_direct_per_record_export
HT 144,HT,HT,Haghia Triada,reviewed_identifier_mapping,Reviewed GORILA/SigLA document identifier convention; canonical site label corroborated by source inventories.,pending_direct_per_record_export
HT 146,HT,HT,Haghia Triada,reviewed_identifier_mapping,Reviewed GORILA/SigLA document identifier convention; canonical site label corroborated by source inventories.,pending_direct_per_record_export
HT 147,HT,HT,Haghia Triada,reviewed_identifier_mapping,Reviewed GORILA/SigLA document identifier convention; canonical site label corroborated by source inventories.,pending_direct_per_record_export
HT 15,HT,HT,Haghia Triada,reviewed_identifier_mapping,Reviewed GORILA/SigLA document identifier convention; canonical site label corroborated by source inventories.,pending_direct_per_record_export
HT 154,HT,HT,Haghia Triada,reviewed_identifier_mapping,Reviewed GORILA/SigLA document identifier convention; canonical site label corroborated by source inventories.,pending_direct_per_record_export
HT 154A,HT,HT,Haghia Triada,reviewed_identifier_mapping,Reviewed GORILA/SigLA document identifier convention; canonical site label corroborated by source inventories.,pending_direct_per_record_export
HT 154C,HT,HT,Haghia Triada,reviewed_identifier_mapping,Reviewed GORILA/SigLA document identifier convention; canonical site label corroborated by source inventories.,pending_direct_per_record_export
HT 154E,HT,HT,Haghia Triada,reviewed_identifier_mapping,Reviewed GORILA/SigLA document identifier convention; canonical site label corroborated by source inventories.,pending_direct_per_record_export
HT 154G,HT,HT,Haghia Triada,reviewed_identifier_mapping,Reviewed GORILA/SigLA document identifier convention; canonical site label corroborated by source inventories.,pending_direct_per_record_export
HT 154Ja,HT,HT,Haghia Triada,reviewed_identifier_mapping,Reviewed GORILA/SigLA document identifier convention; canonical site label corroborated by source inventories.,pending_direct_per_record_export
HT 154Jb,HT,HT,Haghia Triada,reviewed_identifier_mapping,Reviewed GORILA/SigLA document identifier convention; canonical site label corroborated by source inventories.,pending_direct_per_record_export
HT 154K,HT,HT,Haghia Triada,reviewed_identifier_mapping,Reviewed GORILA/SigLA document identifier convention; canonical site label corroborated by source inventories.,pending_direct_per_record_export
HT 154M,HT,HT,Haghia Triada,reviewed_identifier_mapping,Reviewed GORILA/SigLA document identifier convention; canonical site label corroborated by source inventories.,pending_direct_per_record_export
HT 154N,HT,HT,Haghia Triada,reviewed_identifier_mapping,Reviewed GORILA/SigLA document identifier convention; canonical site label corroborated by source inventories.,pending_direct_per_record_export
HT 16,HT,HT,Haghia Triada,reviewed_identifier_mapping,Reviewed GORILA/SigLA document identifier convention; canonical site label corroborated by source inventories.,pending_direct_per_record_export
HT 17,HT,HT,Haghia Triada,reviewed_identifier_mapping,Reviewed GORILA/SigLA document identifier convention; canonical site label corroborated by source inventories.,pending_direct_per_record_export
HT 18,HT,HT,Haghia Triada,reviewed_identifier_mapping,Reviewed GORILA/SigLA document identifier convention; canonical site label corroborated by source inventories.,pending_direct_per_record_export
HT 19,HT,HT,Haghia Triada,reviewed_identifier_mapping,Reviewed GORILA/SigLA document identifier convention; canonical site label corroborated by source inventories.,pending_direct_per_record_export
HT 2,HT,HT,Haghia Triada,reviewed_identifier_mapping,Reviewed GORILA/SigLA document identifier convention; canonical site label corroborated by source inventories.,pending_direct_per_record_export
HT 20,HT,HT,Haghia Triada,reviewed_identifier_mapping,Reviewed GORILA/SigLA document identifier convention; canonical site label corroborated by source inventories.,pending_direct_per_record_export
HT 21,HT,HT,Haghia Triada,reviewed_identifier_mapping,Reviewed GORILA/SigLA document identifier convention; canonical site label corroborated by source inventories.,pending_direct_per_record_export
HT 23a,HT,HT,Haghia Triada,reviewed_identifier_mapping,Reviewed GORILA/SigLA document identifier convention; canonical site label corroborated by source inventories.,pending_direct_per_record_export
HT 23b,HT,HT,Haghia Triada,reviewed_identifier_mapping,Reviewed GORILA/SigLA document identifier convention; canonical site label corroborated by source inventories.,pending_direct_per_record_export
HT 24a,HT,HT,Haghia Triada,reviewed_identifier_mapping,Reviewed GORILA/SigLA document identifier convention; canonical site label corroborated by source inventories.,pending_direct_per_record_export
HT 25a,HT,HT,Haghia Triada,reviewed_identifier_mapping,Reviewed GORILA/SigLA document identifier convention; canonical site label corroborated by source inventories.,pending_direct_per_record_export
HT 25b,HT,HT,Haghia Triada,reviewed_identifier_mapping,Reviewed GORILA/SigLA document identifier convention; canonical site label corroborated by source inventories.,pending_direct_per_record_export
HT 26a,HT,HT,Haghia Triada,reviewed_identifier_mapping,Reviewed GORILA/SigLA document identifier convention; canonical site label corroborated by source inventories.,pending_direct_per_record_export
HT 26b,HT,HT,Haghia Triada,reviewed_identifier_mapping,Reviewed GORILA/SigLA document identifier convention; canonical site label corroborated by source inventories.,pending_direct_per_record_export
HT 27a,HT,HT,Haghia Triada,reviewed_identifier_mapping,Reviewed GORILA/SigLA document identifier convention; canonical site label corroborated by source inventories.,pending_direct_per_record_export
HT 27b,HT,HT,Haghia Triada,reviewed_identifier_mapping,Reviewed GORILA/SigLA document identifier convention; canonical site label corroborated by source inventories.,pending_direct_per_record_export
HT 28a,HT,HT,Haghia Triada,reviewed_identifier_mapping,Reviewed GORILA/SigLA document identifier convention; canonical site label corroborated by source inventories.,pending_direct_per_record_export
HT 28b,HT,HT,Haghia Triada,reviewed_identifier_mapping,Reviewed GORILA/SigLA document identifier convention; canonical site label corroborated by source inventories.,pending_direct_per_record_export
HT 29,HT,HT,Haghia Triada,reviewed_identifier_mapping,Reviewed GORILA/SigLA document identifier convention; canonical site label corroborated by source inventories.,pending_direct_per_record_export
HT 3,HT,HT,Haghia Triada,reviewed_identifier_mapping,Reviewed GORILA/SigLA document identifier convention; canonical site label corroborated by source inventories.,pending_direct_per_record_export
HT 30,HT,HT,Haghia Triada,reviewed_identifier_mapping,Reviewed GORILA/SigLA document identifier convention; canonical site label corroborated by source inventories.,pending_direct_per_record_export
HT 31,HT,HT,Haghia Triada,reviewed_identifier_mapping,Reviewed GORILA/SigLA document identifier convention; canonical site label corroborated by source inventories.,pending_direct_per_record_export
HT 32,HT,HT,Haghia Triada,reviewed_identifier_mapping,Reviewed GORILA/SigLA document identifier convention; canonical site label corroborated by source inventories.,pending_direct_per_record_export
HT 33,HT,HT,Haghia Triada,reviewed_identifier_mapping,Reviewed GORILA/SigLA document identifier convention; canonical site label corroborated by source inventories.,pending_direct_per_record_export
HT 34,HT,HT,Haghia Triada,reviewed_identifier_mapping,Reviewed GORILA/SigLA document identifier convention; canonical site label corroborated by source inventories.,pending_direct_per_record_export
HT 35,HT,HT,Haghia Triada,reviewed_identifier_mapping,Reviewed GORILA/SigLA document identifier convention; canonical site label corroborated by source inventories.,pending_direct_per_record_export
HT 36,HT,HT,Haghia Triada,reviewed_identifier_mapping,Reviewed GORILA/SigLA document identifier convention; canonical site label corroborated by source inventories.,pending_direct_per_record_export
HT 37,HT,HT,Haghia Triada,reviewed_identifier_mapping,Reviewed GORILA/SigLA document identifier convention; canonical site label corroborated by source inventories.,pending_direct_per_record_export
HT 38,HT,HT,Haghia Triada,reviewed_identifier_mapping,Reviewed GORILA/SigLA document identifier convention; canonical site label corroborated by source inventories.,pending_direct_per_record_export
HT 39,HT,HT,Haghia Triada,reviewed_identifier_mapping,Reviewed GORILA/SigLA document identifier convention; canonical site label corroborated by source inventories.,pending_direct_per_record_export
HT 4,HT,HT,Haghia Triada,reviewed_identifier_mapping,Reviewed GORILA/SigLA document identifier convention; canonical site label corroborated by source inventories.,pending_direct_per_record_export
HT 40,HT,HT,Haghia Triada,reviewed_identifier_mapping,Reviewed GORILA/SigLA document identifier convention; canonical site label corroborated by source inventories.,pending_direct_per_record_export
HT 41a,HT,HT,Haghia Triada,reviewed_identifier_mapping,Reviewed GORILA/SigLA document identifier convention; canonical site label corroborated by source inventories.,pending_direct_per_record_export
HT 41b,HT,HT,Haghia Triada,reviewed_identifier_mapping,Reviewed GORILA/SigLA document identifier convention; canonical site label corroborated by source inventories.,pending_direct_per_record_export
HT 42+59,HT,HT,Haghia Triada,reviewed_identifier_mapping,Reviewed GORILA/SigLA document identifier convention; canonical site label corroborated by source inventories.,pending_direct_per_record_export
HT 43,HT,HT,Haghia Triada,reviewed_identifier_mapping,Reviewed GORILA/SigLA document identifier convention; canonical site label corroborated by source inventories.,pending_direct_per_record_export
HT 44a,HT,HT,Haghia Triada,reviewed_identifier_mapping,Reviewed GORILA/SigLA document identifier convention; canonical site label corroborated by source inventories.,pending_direct_per_record_export
HT 44b,HT,HT,Haghia Triada,reviewed_identifier_mapping,Reviewed GORILA/SigLA document identifier convention; canonical site label corroborated by source inventories.,pending_direct_per_record_export
HT 45a,HT,HT,Haghia Triada,reviewed_identifier_mapping,Reviewed GORILA/SigLA document identifier convention; canonical site label corroborated by source inventories.,pending_direct_per_record_export
HT 45b,HT,HT,Haghia Triada,reviewed_identifier_mapping,Reviewed GORILA/SigLA document identifier convention; canonical site label corroborated by source inventories.,pending_direct_per_record_export
HT 46a,HT,HT,Haghia Triada,reviewed_identifier_mapping,Reviewed GORILA/SigLA document identifier convention; canonical site label corroborated by source inventories.,pending_direct_per_record_export
HT 47a,HT,HT,Haghia Triada,reviewed_identifier_mapping,Reviewed GORILA/SigLA document identifier convention; canonical site label corroborated by source inventories.,pending_direct_per_record_export
HT 47b,HT,HT,Haghia Triada,reviewed_identifier_mapping,Reviewed GORILA/SigLA document identifier convention; canonical site label corroborated by source inventories.,pending_direct_per_record_export
HT 49a,HT,HT,Haghia Triada,reviewed_identifier_mapping,Reviewed GORILA/SigLA document identifier convention; canonical site label corroborated by source inventories.,pending_direct_per_record_export
HT 49b,HT,HT,Haghia Triada,reviewed_identifier_mapping,Reviewed GORILA/SigLA document identifier convention; canonical site label corroborated by source inventories.,pending_direct_per_record_export
HT 5,HT,HT,Haghia Triada,reviewed_identifier_mapping,Reviewed GORILA/SigLA document identifier convention; canonical site label corroborated by source inventories.,pending_direct_per_record_export
HT 50a,HT,HT,Haghia Triada,reviewed_identifier_mapping,Reviewed GORILA/SigLA document identifier convention; canonical site label corroborated by source inventories.,pending_direct_per_record_export
HT 50b,HT,HT,Haghia Triada,reviewed_identifier_mapping,Reviewed GORILA/SigLA document identifier convention; canonical site label corroborated by source inventories.,pending_direct_per_record_export
HT 51a,HT,HT,Haghia Triada,reviewed_identifier_mapping,Reviewed GORILA/SigLA document identifier convention; canonical site label corroborated by source inventories.,pending_direct_per_record_export
HT 51b,HT,HT,Haghia Triada,reviewed_identifier_mapping,Reviewed GORILA/SigLA document identifier convention; canonical site label corroborated by source inventories.,pending_direct_per_record_export
HT 52a,HT,HT,Haghia Triada,reviewed_identifier_mapping,Reviewed GORILA/SigLA document identifier convention; canonical site label corroborated by source inventories.,pending_direct_per_record_export
HT 52b,HT,HT,Haghia Triada,reviewed_identifier_mapping,Reviewed GORILA/SigLA document identifier convention; canonical site label corroborated by source inventories.,pending_direct_per_record_export
HT 53a,HT,HT,Haghia Triada,reviewed_identifier_mapping,Reviewed GORILA/SigLA document identifier convention; canonical site label corroborated by source inventories.,pending_direct_per_record_export
HT 53b,HT,HT,Haghia Triada,reviewed_identifier_mapping,Reviewed GORILA/SigLA document identifier convention; canonical site label corroborated by source inventories.,pending_direct_per_record_export
HT 54a,HT,HT,Haghia Triada,reviewed_identifier_mapping,Reviewed GORILA/SigLA document identifier convention; canonical site label corroborated by source inventories.,pending_direct_per_record_export
HT 54b,HT,HT,Haghia Triada,reviewed_identifier_mapping,Reviewed GORILA/SigLA document identifier convention; canonical site label corroborated by source inventories.,pending_direct_per_record_export
HT 55a,HT,HT,Haghia Triada,reviewed_identifier_mapping,Reviewed GORILA/SigLA document identifier convention; canonical site label corroborated by source inventories.,pending_direct_per_record_export
HT 55b,HT,HT,Haghia Triada,reviewed_identifier_mapping,Reviewed GORILA/SigLA document identifier convention; canonical site label corroborated by source inventories.,pending_direct_per_record_export
HT 56a,HT,HT,Haghia Triada,reviewed_identifier_mapping,Reviewed GORILA/SigLA document identifier convention; canonical site label corroborated by source inventories.,pending_direct_per_record_export
HT 57a,HT,HT,Haghia Triada,reviewed_identifier_mapping,Reviewed GORILA/SigLA document identifier convention; canonical site label corroborated by source inventories.,pending_direct_per_record_export
HT 58,HT,HT,Haghia Triada,reviewed_identifier_mapping,Reviewed GORILA/SigLA document identifier convention; canonical site label corroborated by source inventories.,pending_direct_per_record_export
HT 61,HT,HT,Haghia Triada,reviewed_identifier_mapping,Reviewed GORILA/SigLA document identifier convention; canonical site label corroborated by source inventories.,pending_direct_per_record_export
HT 62+73,HT,HT,Haghia Triada,reviewed_identifier_mapping,Reviewed GORILA/SigLA document identifier convention; canonical site label corroborated by source inventories.,pending_direct_per_record_export
HT 63,HT,HT,Haghia Triada,reviewed_identifier_mapping,Reviewed GORILA/SigLA document identifier convention; canonical site label corroborated by source inventories.,pending_direct_per_record_export
HT 64,HT,HT,Haghia Triada,reviewed_identifier_mapping,Reviewed GORILA/SigLA document identifier convention; canonical site label corroborated by source inventories.,pending_direct_per_record_export
HT 66,HT,HT,Haghia Triada,reviewed_identifier_mapping,Reviewed GORILA/SigLA document identifier convention; canonical site label corroborated by source inventories.,pending_direct_per_record_export
HT 68,HT,HT,Haghia Triada,reviewed_identifier_mapping,Reviewed GORILA/SigLA document identifier convention; canonical site label corroborated by source inventories.,pending_direct_per_record_export
HT 69,HT,HT,Haghia Triada,reviewed_identifier_mapping,Reviewed GORILA/SigLA document identifier convention; canonical site label corroborated by source inventories.,pending_direct_per_record_export
HT 6a,HT,HT,Haghia Triada,reviewed_identifier_mapping,Reviewed GORILA/SigLA document identifier convention; canonical site label corroborated by source inventories.,pending_direct_per_record_export
HT 6b,HT,HT,Haghia Triada,reviewed_identifier_mapping,Reviewed GORILA/SigLA document identifier convention; canonical site label corroborated by source inventories.,pending_direct_per_record_export
HT 70,HT,HT,Haghia Triada,reviewed_identifier_mapping,Reviewed GORILA/SigLA document identifier convention; canonical site label corroborated by source inventories.,pending_direct_per_record_export
HT 72,HT,HT,Haghia Triada,reviewed_identifier_mapping,Reviewed GORILA/SigLA document identifier convention; canonical site label corroborated by source inventories.,pending_direct_per_record_export
HT 74,HT,HT,Haghia Triada,reviewed_identifier_mapping,Reviewed GORILA/SigLA document identifier convention; canonical site label corroborated by source inventories.,pending_direct_per_record_export
HT 75,HT,HT,Haghia Triada,reviewed_identifier_mapping,Reviewed GORILA/SigLA document identifier convention; canonical site label corroborated by source inventories.,pending_direct_per_record_export
HT 78,HT,HT,Haghia Triada,reviewed_identifier_mapping,Reviewed GORILA/SigLA document identifier convention; canonical site label corroborated by source inventories.,pending_direct_per_record_export
HT 79+83,HT,HT,Haghia Triada,reviewed_identifier_mapping,Reviewed GORILA/SigLA document identifier convention; canonical site label corroborated by source inventories.,pending_direct_per_record_export
HT 7a,HT,HT,Haghia Triada,reviewed_identifier_mapping,Reviewed GORILA/SigLA document identifier convention; canonical site label corroborated by source inventories.,pending_direct_per_record_export
HT 7b,HT,HT,Haghia Triada,reviewed_identifier_mapping,Reviewed GORILA/SigLA document identifier convention; canonical site label corroborated by source inventories.,pending_direct_per_record_export
HT 80,HT,HT,Haghia Triada,reviewed_identifier_mapping,Reviewed GORILA/SigLA document identifier convention; canonical site label corroborated by source inventories.,pending_direct_per_record_export
HT 81,HT,HT,Haghia Triada,reviewed_identifier_mapping,Reviewed GORILA/SigLA document identifier convention; canonical site label corroborated by source inventories.,pending_direct_per_record_export
HT 82,HT,HT,Haghia Triada,reviewed_identifier_mapping,Reviewed GORILA/SigLA document identifier convention; canonical site label corroborated by source inventories.,pending_direct_per_record_export
HT 84,HT,HT,Haghia Triada,reviewed_identifier_mapping,Reviewed GORILA/SigLA document identifier convention; canonical site label corroborated by source inventories.,pending_direct_per_record_export
HT 85a,HT,HT,Haghia Triada,reviewed_identifier_mapping,Reviewed GORILA/SigLA document identifier convention; canonical site label corroborated by source inventories.,pending_direct_per_record_export
HT 85b,HT,HT,Haghia Triada,reviewed_identifier_mapping,Reviewed GORILA/SigLA document identifier convention; canonical site label corroborated by source inventories.,pending_direct_per_record_export
HT 86a,HT,HT,Haghia Triada,reviewed_identifier_mapping,Reviewed GORILA/SigLA document identifier convention; canonical site label corroborated by source inventories.,pending_direct_per_record_export
HT 86b,HT,HT,Haghia Triada,reviewed_identifier_mapping,Reviewed GORILA/SigLA document identifier convention; canonical site label corroborated by source inventories.,pending_direct_per_record_export
HT 87,HT,HT,Haghia Triada,reviewed_identifier_mapping,Reviewed GORILA/SigLA document identifier convention; canonical site label corroborated by source inventories.,pending_direct_per_record_export
HT 88,HT,HT,Haghia Triada,reviewed_identifier_mapping,Reviewed GORILA/SigLA document identifier convention; canonical site label corroborated by source inventories.,pending_direct_per_record_export
HT 89,HT,HT,Haghia Triada,reviewed_identifier_mapping,Reviewed GORILA/SigLA document identifier convention; canonical site label corroborated by source inventories.,pending_direct_per_record_export
HT 8a,HT,HT,Haghia Triada,reviewed_identifier_mapping,Reviewed GORILA/SigLA document identifier convention; canonical site label corroborated by source inventories.,pending_direct_per_record_export
HT 8b,HT,HT,Haghia Triada,reviewed_identifier_mapping,Reviewed GORILA/SigLA document identifier convention; canonical site label corroborated by source inventories.,pending_direct_per_record_export
HT 90,HT,HT,Haghia Triada,reviewed_identifier_mapping,Reviewed GORILA/SigLA document identifier convention; canonical site label corroborated by source inventories.,pending_direct_per_record_export
HT 91,HT,HT,Haghia Triada,reviewed_identifier_mapping,Reviewed GORILA/SigLA document identifier convention; canonical site label corroborated by source inventories.,pending_direct_per_record_export
HT 92,HT,HT,Haghia Triada,reviewed_identifier_mapping,Reviewed GORILA/SigLA document identifier convention; canonical site label corroborated by source inventories.,pending_direct_per_record_export
HT 93a,HT,HT,Haghia Triada,reviewed_identifier_mapping,Reviewed GORILA/SigLA document identifier convention; canonical site label corroborated by source inventories.,pending_direct_per_record_export
HT 93b,HT,HT,Haghia Triada,reviewed_identifier_mapping,Reviewed GORILA/SigLA document identifier convention; canonical site label corroborated by source inventories.,pending_direct_per_record_export
HT 94a,HT,HT,Haghia Triada,reviewed_identifier_mapping,Reviewed GORILA/SigLA document identifier convention; canonical site label corroborated by source inventories.,pending_direct_per_record_export
HT 94b,HT,HT,Haghia Triada,reviewed_identifier_mapping,Reviewed GORILA/SigLA document identifier convention; canonical site label corroborated by source inventories.,pending_direct_per_record_export
HT 95a,HT,HT,Haghia Triada,reviewed_identifier_mapping,Reviewed GORILA/SigLA document identifier convention; canonical site label corroborated by source inventories.,pending_direct_per_record_export
HT 95b,HT,HT,Haghia Triada,reviewed_identifier_mapping,Reviewed GORILA/SigLA document identifier convention; canonical site label corroborated by source inventories.,pending_direct_per_record_export
HT 96a,HT,HT,Haghia Triada,reviewed_identifier_mapping,Reviewed GORILA/SigLA document identifier convention; canonical site label corroborated by source inventories.,pending_direct_per_record_export
HT 96b,HT,HT,Haghia Triada,reviewed_identifier_mapping,Reviewed GORILA/SigLA document identifier convention; canonical site label corroborated by source inventories.,pending_direct_per_record_export
HT 97a,HT,HT,Haghia Triada,reviewed_identifier_mapping,Reviewed GORILA/SigLA document identifier convention; canonical site label corroborated by source inventories.,pending_direct_per_record_export
HT 97b,HT,HT,Haghia Triada,reviewed_identifier_mapping,Reviewed GORILA/SigLA document identifier convention; canonical site label corroborated by source inventories.,pending_direct_per_record_export
HT 98a,HT,HT,Haghia Triada,reviewed_identifier_mapping,Reviewed GORILA/SigLA document identifier convention; canonical site label corroborated by source inventories.,pending_direct_per_record_export
HT 98b,HT,HT,Haghia Triada,reviewed_identifier_mapping,Reviewed GORILA/SigLA document identifier convention; canonical site label corroborated by source inventories.,pending_direct_per_record_export
HT 99a,HT,HT,Haghia Triada,reviewed_identifier_mapping,Reviewed GORILA/SigLA document identifier convention; canonical site label corroborated by source inventories.,pending_direct_per_record_export
HT 99b,HT,HT,Haghia Triada,reviewed_identifier_mapping,Reviewed GORILA/SigLA document identifier convention; canonical site label corroborated by source inventories.,pending_direct_per_record_export
HT 9a,HT,HT,Haghia Triada,reviewed_identifier_mapping,Reviewed GORILA/SigLA document identifier convention; canonical site label corroborated by source inventories.,pending_direct_per_record_export
HT 9b,HT,HT,Haghia Triada,reviewed_identifier_mapping,Reviewed GORILA/SigLA document identifier convention; canonical site label corroborated by source inventories.,pending_direct_per_record_export
HT Wa 1001,HT,HT,Haghia Triada,reviewed_identifier_mapping,Reviewed GORILA/SigLA document identifier convention; canonical site label corroborated by source inventories.,pending_direct_per_record_export
HT Wa 1002,HT,HT,Haghia Triada,reviewed_identifier_mapping,Reviewed GORILA/SigLA document identifier convention; canonical site label corroborated by source inventories.,pending_direct_per_record_export
HT Wa 1003,HT,HT,Haghia Triada,reviewed_identifier_mapping,Reviewed GORILA/SigLA document identifier convention; canonical site label corroborated by source inventories.,pending_direct_per_record_export
HT Wa 1004,HT,HT,Haghia Triada,reviewed_identifier_mapping,Reviewed GORILA/SigLA document identifier convention; canonical site label corroborated by source inventories.,pending_direct_per_record_export
HT Wa 1005,HT,HT,Haghia Triada,reviewed_identifier_mapping,Reviewed GORILA/SigLA document identifier convention; canonical site label corroborated by source inventories.,pending_direct_per_record_export
HT Wa 1006,HT,HT,Haghia Triada,reviewed_identifier_mapping,Reviewed GORILA/SigLA document identifier convention; canonical site label corroborated by source inventories.,pending_direct_per_record_export
HT Wa 1007,HT,HT,Haghia Triada,reviewed_identifier_mapping,Reviewed GORILA/SigLA document identifier convention; canonical site label corroborated by source inventories.,pending_direct_per_record_export
HT Wa 1008,HT,HT,Haghia Triada,reviewed_identifier_mapping,Reviewed GORILA/SigLA document identifier convention; canonical site label corroborated by source inventories.,pending_direct_per_record_export
HT Wa 1009,HT,HT,Haghia Triada,reviewed_identifier_mapping,Reviewed GORILA/SigLA document identifier convention; canonical site label corroborated by source inventories.,pending_direct_per_record_export
HT Wa 1010,HT,HT,Haghia Triada,reviewed_identifier_mapping,Reviewed GORILA/SigLA document identifier convention; canonical site label corroborated by source inventories.,pending_direct_per_record_export
HT Wa 1011,HT,HT,Haghia Triada,reviewed_identifier_mapping,Reviewed GORILA/SigLA document identifier convention; canonical site label corroborated by source inventories.,pending_direct_per_record_export
HT Wa 1012,HT,HT,Haghia Triada,reviewed_identifier_mapping,Reviewed GORILA/SigLA document identifier convention; canonical site label corroborated by source inventories.,pending_direct_per_record_export
HT Wa 1013,HT,HT,Haghia Triada,reviewed_identifier_mapping,Reviewed GORILA/SigLA document identifier convention; canonical site label corroborated by source inventories.,pending_direct_per_record_export
HT Wa 1014,HT,HT,Haghia Triada,reviewed_identifier_mapping,Reviewed GORILA/SigLA document identifier convention; canonical site label corroborated by source inventories.,pending_direct_per_record_export
HT Wa 1015,HT,HT,Haghia Triada,reviewed_identifier_mapping,Reviewed GORILA/SigLA document identifier convention; canonical site label corroborated by source inventories.,pending_direct_per_record_export
HT Wa 1016,HT,HT,Haghia Triada,reviewed_identifier_mapping,Reviewed GORILA/SigLA document identifier convention; canonical site label corroborated by source inventories.,pending_direct_per_record_export
HT Wa 1017,HT,HT,Haghia Triada,reviewed_identifier_mapping,Reviewed GORILA/SigLA document identifier convention; canonical site label corroborated by source inventories.,pending_direct_per_record_export
HT Wa 1018,HT,HT,Haghia Triada,reviewed_identifier_mapping,Reviewed GORILA/SigLA document identifier convention; canonical site label corroborated by source inventories.,pending_direct_per_record_export
HT Wa 1019α,HT,HT,Haghia Triada,reviewed_identifier_mapping,Reviewed GORILA/SigLA document identifier convention; canonical site label corroborated by source inventories.,pending_direct_per_record_export
HT Wa 1019γ,HT,HT,Haghia Triada,reviewed_identifier_mapping,Reviewed GORILA/SigLA document identifier convention; canonical site label corroborated by source inventories.,pending_direct_per_record_export
HT Wa 1020α,HT,HT,Haghia Triada,reviewed_identifier_mapping,Reviewed GORILA/SigLA document identifier convention; canonical site label corroborated by source inventories.,pending_direct_per_record_export
HT Wa 1020γ,HT,HT,Haghia Triada,reviewed_identifier_mapping,Reviewed GORILA/SigLA document identifier convention; canonical site label corroborated by source inventories.,pending_direct_per_record_export
HT Wa 1021α,HT,HT,Haghia Triada,reviewed_identifier_mapping,Reviewed GORILA/SigLA document identifier convention; canonical site label corroborated by source inventories.,pending_direct_per_record_export
HT Wa 1028α,HT,HT,Haghia Triada,reviewed_identifier_mapping,Reviewed GORILA/SigLA document identifier convention; canonical site label corroborated by source inventories.,pending_direct_per_record_export
HT Wa 1028γ,HT,HT,Haghia Triada,reviewed_identifier_mapping,Reviewed GORILA/SigLA document identifier convention; canonical site label corroborated by source inventories.,pending_direct_per_record_export
HT Wa 1029α,HT,HT,Haghia Triada,reviewed_identifier_mapping,Reviewed GORILA/SigLA document identifier convention; canonical site label corroborated by source inventories.,pending_direct_per_record_export
HT Wa 1029γ,HT,HT,Haghia Triada,reviewed_identifier_mapping,Reviewed GORILA/SigLA document identifier convention; canonical site label corroborated by source inventories.,pending_direct_per_record_export
HT Wa 1242,HT,HT,Haghia Triada,reviewed_identifier_mapping,Reviewed GORILA/SigLA document identifier convention; canonical site label corroborated by source inventories.,pending_direct_per_record_export
HT Wc 3001,HT,HT,Haghia Triada,reviewed_identifier_mapping,Reviewed GORILA/SigLA document identifier convention; canonical site label corroborated by source inventories.,pending_direct_per_record_export
HT Wc 3002,HT,HT,Haghia Triada,reviewed_identifier_mapping,Reviewed GORILA/SigLA document identifier convention; canonical site label corroborated by source inventories.,pending_direct_per_record_export
HT Wc 3003,HT,HT,Haghia Triada,reviewed_identifier_mapping,Reviewed GORILA/SigLA document identifier convention; canonical site label corroborated by source inventories.,pending_direct_per_record_export
HT Wc 3004a,HT,HT,Haghia Triada,reviewed_identifier_mapping,Reviewed GORILA/SigLA document identifier convention; canonical site label corroborated by source inventories.,pending_direct_per_record_export
HT Wc 3005a,HT,HT,Haghia Triada,reviewed_identifier_mapping,Reviewed GORILA/SigLA document identifier convention; canonical site label corroborated by source inventories.,pending_direct_per_record_export
HT Wc 3006a,HT,HT,Haghia Triada,reviewed_identifier_mapping,Reviewed GORILA/SigLA document identifier convention; canonical site label corroborated by source inventories.,pending_direct_per_record_export
HT Wc 3006b,HT,HT,Haghia Triada,reviewed_identifier_mapping,Reviewed GORILA/SigLA document identifier convention; canonical site label corroborated by source inventories.,pending_direct_per_record_export
HT Wc 3007,HT,HT,Haghia Triada,reviewed_identifier_mapping,Reviewed GORILA/SigLA document identifier convention; canonical site label corroborated by source inventories.,pending_direct_per_record_export
HT Wc 3008a,HT,HT,Haghia Triada,reviewed_identifier_mapping,Reviewed GORILA/SigLA document identifier convention; canonical site label corroborated by source inventories.,pending_direct_per_record_export
HT Wc 3008b,HT,HT,Haghia Triada,reviewed_identifier_mapping,Reviewed GORILA/SigLA document identifier convention; canonical site label corroborated by source inventories.,pending_direct_per_record_export
HT Wc 3009a,HT,HT,Haghia Triada,reviewed_identifier_mapping,Reviewed GORILA/SigLA document identifier convention; canonical site label corroborated by source inventories.,pending_direct_per_record_export
HT Wc 3010,HT,HT,Haghia Triada,reviewed_identifier_mapping,Reviewed GORILA/SigLA document identifier convention; canonical site label corroborated by source inventories.,pending_direct_per_record_export
HT Wc 3011,HT,HT,Haghia Triada,reviewed_identifier_mapping,Reviewed GORILA/SigLA document identifier convention; canonical site label corroborated by source inventories.,pending_direct_per_record_export
HT Wc 3012a,HT,HT,Haghia Triada,reviewed_identifier_mapping,Reviewed GORILA/SigLA document identifier convention; canonical site label corroborated by source inventories.,pending_direct_per_record_export
HT Wc 3012b,HT,HT,Haghia Triada,reviewed_identifier_mapping,Reviewed GORILA/SigLA document identifier convention; canonical site label corroborated by source inventories.,pending_direct_per_record_export
HT Wc 3014a,HT,HT,Haghia Triada,reviewed_identifier_mapping,Reviewed GORILA/SigLA document identifier convention; canonical site label corroborated by source inventories.,pending_direct_per_record_export
HT Wc 3014b,HT,HT,Haghia Triada,reviewed_identifier_mapping,Reviewed GORILA/SigLA document identifier convention; canonical site label corroborated by source inventories.,pending_direct_per_record_export
HT Wc 3015a,HT,HT,Haghia Triada,reviewed_identifier_mapping,Reviewed GORILA/SigLA document identifier convention; canonical site label corroborated by source inventories.,pending_direct_per_record_export
HT Wc 3016a,HT,HT,Haghia Triada,reviewed_identifier_mapping,Reviewed GORILA/SigLA document identifier convention; canonical site label corroborated by source inventories.,pending_direct_per_record_export
HT Wc 3017a,HT,HT,Haghia Triada,reviewed_identifier_mapping,Reviewed GORILA/SigLA document identifier convention; canonical site label corroborated by source inventories.,pending_direct_per_record_export
HT Wc 3020a,HT,HT,Haghia Triada,reviewed_identifier_mapping,Reviewed GORILA/SigLA document identifier convention; canonical site label corroborated by source inventories.,pending_direct_per_record_export
HT Zb 158a,HT,HT,Haghia Triada,reviewed_identifier_mapping,Reviewed GORILA/SigLA document identifier convention; canonical site label corroborated by source inventories.,pending_direct_per_record_export
HT Zb 158b,HT,HT,Haghia Triada,reviewed_identifier_mapping,Reviewed GORILA/SigLA document identifier convention; canonical site label corroborated by source inventories.,pending_direct_per_record_export
HT Zb 159,HT,HT,Haghia Triada,reviewed_identifier_mapping,Reviewed GORILA/SigLA document identifier convention; canonical site label corroborated by source inventories.,pending_direct_per_record_export
HT Zb 160,HT,HT,Haghia Triada,reviewed_identifier_mapping,Reviewed GORILA/SigLA document identifier convention; canonical site label corroborated by source inventories.,pending_direct_per_record_export
HT Zb 161,HT,HT,Haghia Triada,reviewed_identifier_mapping,Reviewed GORILA/SigLA document identifier convention; canonical site label corroborated by source inventories.,pending_direct_per_record_export
HT Zd 155,HT,HT,Haghia Triada,reviewed_identifier_mapping,Reviewed GORILA/SigLA document identifier convention; canonical site label corroborated by source inventories.,pending_direct_per_record_export
HT Zd 156,HT,HT,Haghia Triada,reviewed_identifier_mapping,Reviewed GORILA/SigLA document identifier convention; canonical site label corroborated by source inventories.,pending_direct_per_record_export
HT Zd 157,HT,HT,Haghia Triada,reviewed_identifier_mapping,Reviewed GORILA/SigLA document identifier convention; canonical site label corroborated by source inventories.,pending_direct_per_record_export
KE 1,KE,KE,Kea,reviewed_identifier_mapping,Reviewed GORILA/SigLA document identifier convention; canonical site label corroborated by source inventories.,pending_direct_per_record_export
KE Zb 4,KE,KE,Kea,reviewed_identifier_mapping,Reviewed GORILA/SigLA document identifier convention; canonical site label corroborated by source inventories.,pending_direct_per_record_export
KH 1,KH,KH,Khania,reviewed_identifier_mapping,Reviewed GORILA/SigLA document identifier convention; canonical site label corroborated by source inventories.,pending_direct_per_record_export
KH 10,KH,KH,Khania,reviewed_identifier_mapping,Reviewed GORILA/SigLA document identifier convention; canonical site label corroborated by source inventories.,pending_direct_per_record_export
KH 100,KH,KH,Khania,reviewed_identifier_mapping,Reviewed GORILA/SigLA document identifier convention; canonical site label corroborated by source inventories.,pending_direct_per_record_export
KH 101,KH,KH,Khania,reviewed_identifier_mapping,Reviewed GORILA/SigLA document identifier convention; canonical site label corroborated by source inventories.,pending_direct_per_record_export
KH 102,KH,KH,Khania,reviewed_identifier_mapping,Reviewed GORILA/SigLA document identifier convention; canonical site label corroborated by source inventories.,pending_direct_per_record_export
KH 104,KH,KH,Khania,reviewed_identifier_mapping,Reviewed GORILA/SigLA document identifier convention; canonical site label corroborated by source inventories.,pending_direct_per_record_export
KH 105,KH,KH,Khania,reviewed_identifier_mapping,Reviewed GORILA/SigLA document identifier convention; canonical site label corroborated by source inventories.,pending_direct_per_record_export
KH 11,KH,KH,Khania,reviewed_identifier_mapping,Reviewed GORILA/SigLA document identifier convention; canonical site label corroborated by source inventories.,pending_direct_per_record_export
KH 12,KH,KH,Khania,reviewed_identifier_mapping,Reviewed GORILA/SigLA document identifier convention; canonical site label corroborated by source inventories.,pending_direct_per_record_export
KH 13,KH,KH,Khania,reviewed_identifier_mapping,Reviewed GORILA/SigLA document identifier convention; canonical site label corroborated by source inventories.,pending_direct_per_record_export
KH 14,KH,KH,Khania,reviewed_identifier_mapping,Reviewed GORILA/SigLA document identifier convention; canonical site label corroborated by source inventories.,pending_direct_per_record_export
KH 16,KH,KH,Khania,reviewed_identifier_mapping,Reviewed GORILA/SigLA document identifier convention; canonical site label corroborated by source inventories.,pending_direct_per_record_export
KH 17,KH,KH,Khania,reviewed_identifier_mapping,Reviewed GORILA/SigLA document identifier convention; canonical site label corroborated by source inventories.,pending_direct_per_record_export
KH 18,KH,KH,Khania,reviewed_identifier_mapping,Reviewed GORILA/SigLA document identifier convention; canonical site label corroborated by source inventories.,pending_direct_per_record_export
KH 2,KH,KH,Khania,reviewed_identifier_mapping,Reviewed GORILA/SigLA document identifier convention; canonical site label corroborated by source inventories.,pending_direct_per_record_export
KH 20,KH,KH,Khania,reviewed_identifier_mapping,Reviewed GORILA/SigLA document identifier convention; canonical site label corroborated by source inventories.,pending_direct_per_record_export
KH 21,KH,KH,Khania,reviewed_identifier_mapping,Reviewed GORILA/SigLA document identifier convention; canonical site label corroborated by source inventories.,pending_direct_per_record_export
KH 22,KH,KH,Khania,reviewed_identifier_mapping,Reviewed GORILA/SigLA document identifier convention; canonical site label corroborated by source inventories.,pending_direct_per_record_export
KH 23,KH,KH,Khania,reviewed_identifier_mapping,Reviewed GORILA/SigLA document identifier convention; canonical site label corroborated by source inventories.,pending_direct_per_record_export
KH 24,KH,KH,Khania,reviewed_identifier_mapping,Reviewed GORILA/SigLA document identifier convention; canonical site label corroborated by source inventories.,pending_direct_per_record_export
KH 28,KH,KH,Khania,reviewed_identifier_mapping,Reviewed GORILA/SigLA document identifier convention; canonical site label corroborated by source inventories.,pending_direct_per_record_export
KH 29,KH,KH,Khania,reviewed_identifier_mapping,Reviewed GORILA/SigLA document identifier convention; canonical site label corroborated by source inventories.,pending_direct_per_record_export
KH 3,KH,KH,Khania,reviewed_identifier_mapping,Reviewed GORILA/SigLA document identifier convention; canonical site label corroborated by source inventories.,pending_direct_per_record_export
KH 32,KH,KH,Khania,reviewed_identifier_mapping,Reviewed GORILA/SigLA document identifier convention; canonical site label corroborated by source inventories.,pending_direct_per_record_export
KH 33,KH,KH,Khania,reviewed_identifier_mapping,Reviewed GORILA/SigLA document identifier convention; canonical site label corroborated by source inventories.,pending_direct_per_record_export
KH 35,KH,KH,Khania,reviewed_identifier_mapping,Reviewed GORILA/SigLA document identifier convention; canonical site label corroborated by source inventories.,pending_direct_per_record_export
KH 36,KH,KH,Khania,reviewed_identifier_mapping,Reviewed GORILA/SigLA document identifier convention; canonical site label corroborated by source inventories.,pending_direct_per_record_export
KH 37,KH,KH,Khania,reviewed_identifier_mapping,Reviewed GORILA/SigLA document identifier convention; canonical site label corroborated by source inventories.,pending_direct_per_record_export
KH 39,KH,KH,Khania,reviewed_identifier_mapping,Reviewed GORILA/SigLA document identifier convention; canonical site label corroborated by source inventories.,pending_direct_per_record_export
KH 4,KH,KH,Khania,reviewed_identifier_mapping,Reviewed GORILA/SigLA document identifier convention; canonical site label corroborated by source inventories.,pending_direct_per_record_export
KH 40,KH,KH,Khania,reviewed_identifier_mapping,Reviewed GORILA/SigLA document identifier convention; canonical site label corroborated by source inventories.,pending_direct_per_record_export
KH 41,KH,KH,Khania,reviewed_identifier_mapping,Reviewed GORILA/SigLA document identifier convention; canonical site label corroborated by source inventories.,pending_direct_per_record_export
KH 44,KH,KH,Khania,reviewed_identifier_mapping,Reviewed GORILA/SigLA document identifier convention; canonical site label corroborated by source inventories.,pending_direct_per_record_export
KH 45,KH,KH,Khania,reviewed_identifier_mapping,Reviewed GORILA/SigLA document identifier convention; canonical site label corroborated by source inventories.,pending_direct_per_record_export
KH 47,KH,KH,Khania,reviewed_identifier_mapping,Reviewed GORILA/SigLA document identifier convention; canonical site label corroborated by source inventories.,pending_direct_per_record_export
KH 49,KH,KH,Khania,reviewed_identifier_mapping,Reviewed GORILA/SigLA document identifier convention; canonical site label corroborated by source inventories.,pending_direct_per_record_export
KH 5,KH,KH,Khania,reviewed_identifier_mapping,Reviewed GORILA/SigLA document identifier convention; canonical site label corroborated by source inventories.,pending_direct_per_record_export
KH 50,KH,KH,Khania,reviewed_identifier_mapping,Reviewed GORILA/SigLA document identifier convention; canonical site label corroborated by source inventories.,pending_direct_per_record_export
KH 51,KH,KH,Khania,reviewed_identifier_mapping,Reviewed GORILA/SigLA document identifier convention; canonical site label corroborated by source inventories.,pending_direct_per_record_export
KH 52,KH,KH,Khania,reviewed_identifier_mapping,Reviewed GORILA/SigLA document identifier convention; canonical site label corroborated by source inventories.,pending_direct_per_record_export
KH 53,KH,KH,Khania,reviewed_identifier_mapping,Reviewed GORILA/SigLA document identifier convention; canonical site label corroborated by source inventories.,pending_direct_per_record_export
KH 57,KH,KH,Khania,reviewed_identifier_mapping,Reviewed GORILA/SigLA document identifier convention; canonical site label corroborated by source inventories.,pending_direct_per_record_export
KH 58,KH,KH,Khania,reviewed_identifier_mapping,Reviewed GORILA/SigLA document identifier convention; canonical site label corroborated by source inventories.,pending_direct_per_record_export
KH 59,KH,KH,Khania,reviewed_identifier_mapping,Reviewed GORILA/SigLA document identifier convention; canonical site label corroborated by source inventories.,pending_direct_per_record_export
KH 6,KH,KH,Khania,reviewed_identifier_mapping,Reviewed GORILA/SigLA document identifier convention; canonical site label corroborated by source inventories.,pending_direct_per_record_export
KH 60,KH,KH,Khania,reviewed_identifier_mapping,Reviewed GORILA/SigLA document identifier convention; canonical site label corroborated by source inventories.,pending_direct_per_record_export
KH 61,KH,KH,Khania,reviewed_identifier_mapping,Reviewed GORILA/SigLA document identifier convention; canonical site label corroborated by source inventories.,pending_direct_per_record_export
KH 62,KH,KH,Khania,reviewed_identifier_mapping,Reviewed GORILA/SigLA document identifier convention; canonical site label corroborated by source inventories.,pending_direct_per_record_export
KH 63,KH,KH,Khania,reviewed_identifier_mapping,Reviewed GORILA/SigLA document identifier convention; canonical site label corroborated by source inventories.,pending_direct_per_record_export
KH 64,KH,KH,Khania,reviewed_identifier_mapping,Reviewed GORILA/SigLA document identifier convention; canonical site label corroborated by source inventories.,pending_direct_per_record_export
KH 65,KH,KH,Khania,reviewed_identifier_mapping,Reviewed GORILA/SigLA document identifier convention; canonical site label corroborated by source inventories.,pending_direct_per_record_export
KH 67,KH,KH,Khania,reviewed_identifier_mapping,Reviewed GORILA/SigLA document identifier convention; canonical site label corroborated by source inventories.,pending_direct_per_record_export
KH 68,KH,KH,Khania,reviewed_identifier_mapping,Reviewed GORILA/SigLA document identifier convention; canonical site label corroborated by source inventories.,pending_direct_per_record_export
KH 69,KH,KH,Khania,reviewed_identifier_mapping,Reviewed GORILA/SigLA document identifier convention; canonical site label corroborated by source inventories.,pending_direct_per_record_export
KH 70,KH,KH,Khania,reviewed_identifier_mapping,Reviewed GORILA/SigLA document identifier convention; canonical site label corroborated by source inventories.,pending_direct_per_record_export
KH 72,KH,KH,Khania,reviewed_identifier_mapping,Reviewed GORILA/SigLA document identifier convention; canonical site label corroborated by source inventories.,pending_direct_per_record_export
KH 73,KH,KH,Khania,reviewed_identifier_mapping,Reviewed GORILA/SigLA document identifier convention; canonical site label corroborated by source inventories.,pending_direct_per_record_export
KH 74,KH,KH,Khania,reviewed_identifier_mapping,Reviewed GORILA/SigLA document identifier convention; canonical site label corroborated by source inventories.,pending_direct_per_record_export
KH 76,KH,KH,Khania,reviewed_identifier_mapping,Reviewed GORILA/SigLA document identifier convention; canonical site label corroborated by source inventories.,pending_direct_per_record_export
KH 77,KH,KH,Khania,reviewed_identifier_mapping,Reviewed GORILA/SigLA document identifier convention; canonical site label corroborated by source inventories.,pending_direct_per_record_export
KH 79,KH,KH,Khania,reviewed_identifier_mapping,Reviewed GORILA/SigLA document identifier convention; canonical site label corroborated by source inventories.,pending_direct_per_record_export
KH 79+89,KH,KH,Khania,reviewed_identifier_mapping,Reviewed GORILA/SigLA document identifier convention; canonical site label corroborated by source inventories.,pending_direct_per_record_export
KH 7a,KH,KH,Khania,reviewed_identifier_mapping,Reviewed GORILA/SigLA document identifier convention; canonical site label corroborated by source inventories.,pending_direct_per_record_export
KH 7b,KH,KH,Khania,reviewed_identifier_mapping,Reviewed GORILA/SigLA document identifier convention; canonical site label corroborated by source inventories.,pending_direct_per_record_export
KH 8,KH,KH,Khania,reviewed_identifier_mapping,Reviewed GORILA/SigLA document identifier convention; canonical site label corroborated by source inventories.,pending_direct_per_record_export
KH 80,KH,KH,Khania,reviewed_identifier_mapping,Reviewed GORILA/SigLA document identifier convention; canonical site label corroborated by source inventories.,pending_direct_per_record_export
KH 81,KH,KH,Khania,reviewed_identifier_mapping,Reviewed GORILA/SigLA document identifier convention; canonical site label corroborated by source inventories.,pending_direct_per_record_export
KH 83,KH,KH,Khania,reviewed_identifier_mapping,Reviewed GORILA/SigLA document identifier convention; canonical site label corroborated by source inventories.,pending_direct_per_record_export
KH 84,KH,KH,Khania,reviewed_identifier_mapping,Reviewed GORILA/SigLA document identifier convention; canonical site label corroborated by source inventories.,pending_direct_per_record_export
KH 86,KH,KH,Khania,reviewed_identifier_mapping,Reviewed GORILA/SigLA document identifier convention; canonical site label corroborated by source inventories.,pending_direct_per_record_export
KH 88,KH,KH,Khania,reviewed_identifier_mapping,Reviewed GORILA/SigLA document identifier convention; canonical site label corroborated by source inventories.,pending_direct_per_record_export
KH 9,KH,KH,Khania,reviewed_identifier_mapping,Reviewed GORILA/SigLA document identifier convention; canonical site label corroborated by source inventories.,pending_direct_per_record_export
KH 90,KH,KH,Khania,reviewed_identifier_mapping,Reviewed GORILA/SigLA document identifier convention; canonical site label corroborated by source inventories.,pending_direct_per_record_export
KH 91,KH,KH,Khania,reviewed_identifier_mapping,Reviewed GORILA/SigLA document identifier convention; canonical site label corroborated by source inventories.,pending_direct_per_record_export
KH 92,KH,KH,Khania,reviewed_identifier_mapping,Reviewed GORILA/SigLA document identifier convention; canonical site label corroborated by source inventories.,pending_direct_per_record_export
KH 94,KH,KH,Khania,reviewed_identifier_mapping,Reviewed GORILA/SigLA document identifier convention; canonical site label corroborated by source inventories.,pending_direct_per_record_export
KH 95,KH,KH,Khania,reviewed_identifier_mapping,Reviewed GORILA/SigLA document identifier convention; canonical site label corroborated by source inventories.,pending_direct_per_record_export
KH 97,KH,KH,Khania,reviewed_identifier_mapping,Reviewed GORILA/SigLA document identifier convention; canonical site label corroborated by source inventories.,pending_direct_per_record_export
KH 97a,KH,KH,Khania,reviewed_identifier_mapping,Reviewed GORILA/SigLA document identifier convention; canonical site label corroborated by source inventories.,pending_direct_per_record_export
KH 97b,KH,KH,Khania,reviewed_identifier_mapping,Reviewed GORILA/SigLA document identifier convention; canonical site label corroborated by source inventories.,pending_direct_per_record_export
KH 99,KH,KH,Khania,reviewed_identifier_mapping,Reviewed GORILA/SigLA document identifier convention; canonical site label corroborated by source inventories.,pending_direct_per_record_export
KH Wa 1002α,KH,KH,Khania,reviewed_identifier_mapping,Reviewed GORILA/SigLA document identifier convention; canonical site label corroborated by source inventories.,pending_direct_per_record_export
KH Wa 1002γ,KH,KH,Khania,reviewed_identifier_mapping,Reviewed GORILA/SigLA document identifier convention; canonical site label corroborated by source inventories.,pending_direct_per_record_export
KH Wa 1003,KH,KH,Khania,reviewed_identifier_mapping,Reviewed GORILA/SigLA document identifier convention; canonical site label corroborated by source inventories.,pending_direct_per_record_export
KH Wa 1013α,KH,KH,Khania,reviewed_identifier_mapping,Reviewed GORILA/SigLA document identifier convention; canonical site label corroborated by source inventories.,pending_direct_per_record_export
KH Wa 1013γ,KH,KH,Khania,reviewed_identifier_mapping,Reviewed GORILA/SigLA document identifier convention; canonical site label corroborated by source inventories.,pending_direct_per_record_export
KH Wa 1014α,KH,KH,Khania,reviewed_identifier_mapping,Reviewed GORILA/SigLA document identifier convention; canonical site label corroborated by source inventories.,pending_direct_per_record_export
KH Wa 1014γ,KH,KH,Khania,reviewed_identifier_mapping,Reviewed GORILA/SigLA document identifier convention; canonical site label corroborated by source inventories.,pending_direct_per_record_export
KH Wa 1015α,KH,KH,Khania,reviewed_identifier_mapping,Reviewed GORILA/SigLA document identifier convention; canonical site label corroborated by source inventories.,pending_direct_per_record_export
KH Wa 1015γ,KH,KH,Khania,reviewed_identifier_mapping,Reviewed GORILA/SigLA document identifier convention; canonical site label corroborated by source inventories.,pending_direct_per_record_export
KH Wa 1016α,KH,KH,Khania,reviewed_identifier_mapping,Reviewed GORILA/SigLA document identifier convention; canonical site label corroborated by source inventories.,pending_direct_per_record_export
KH Wa 1016γ,KH,KH,Khania,reviewed_identifier_mapping,Reviewed GORILA/SigLA document identifier convention; canonical site label corroborated by source inventories.,pending_direct_per_record_export
KH Wc 2005,KH,KH,Khania,reviewed_identifier_mapping,Reviewed GORILA/SigLA document identifier convention; canonical site label corroborated by source inventories.,pending_direct_per_record_export
KH Wc 2008,KH,KH,Khania,reviewed_identifier_mapping,Reviewed GORILA/SigLA document identifier convention; canonical site label corroborated by source inventories.,pending_direct_per_record_export
KH Wc 2009,KH,KH,Khania,reviewed_identifier_mapping,Reviewed GORILA/SigLA document identifier convention; canonical site label corroborated by source inventories.,pending_direct_per_record_export
KH Wc 2035,KH,KH,Khania,reviewed_identifier_mapping,Reviewed GORILA/SigLA document identifier convention; canonical site label corroborated by source inventories.,pending_direct_per_record_export
KH Wc 2100,KH,KH,Khania,reviewed_identifier_mapping,Reviewed GORILA/SigLA document identifier convention; canonical site label corroborated by source inventories.,pending_direct_per_record_export
KN 1a,KN,KN,Knossos,reviewed_identifier_mapping,Reviewed GORILA/SigLA document identifier convention; canonical site label corroborated by source inventories.,pending_direct_per_record_export
KN 1b,KN,KN,Knossos,reviewed_identifier_mapping,Reviewed GORILA/SigLA document identifier convention; canonical site label corroborated by source inventories.,pending_direct_per_record_export
KN 2,KN,KN,Knossos,reviewed_identifier_mapping,Reviewed GORILA/SigLA document identifier convention; canonical site label corroborated by source inventories.,pending_direct_per_record_export
KN 22a,KN,KN,Knossos,reviewed_identifier_mapping,Reviewed GORILA/SigLA document identifier convention; canonical site label corroborated by source inventories.,pending_direct_per_record_export
KN 22b,KN,KN,Knossos,reviewed_identifier_mapping,Reviewed GORILA/SigLA document identifier convention; canonical site label corroborated by source inventories.,pending_direct_per_record_export
KN 22c,KN,KN,Knossos,reviewed_identifier_mapping,Reviewed GORILA/SigLA document identifier convention; canonical site label corroborated by source inventories.,pending_direct_per_record_export
KN 28b,KN,KN,Knossos,reviewed_identifier_mapping,Reviewed GORILA/SigLA document identifier convention; canonical site label corroborated by source inventories.,pending_direct_per_record_export
KN 32a,KN,KN,Knossos,reviewed_identifier_mapping,Reviewed GORILA/SigLA document identifier convention; canonical site label corroborated by source inventories.,pending_direct_per_record_export
KN 32b,KN,KN,Knossos,reviewed_identifier_mapping,Reviewed GORILA/SigLA document identifier convention; canonical site label corroborated by source inventories.,pending_direct_per_record_export
KN 49,KN,KN,Knossos,reviewed_identifier_mapping,Reviewed GORILA/SigLA document identifier convention; canonical site label corroborated by source inventories.,pending_direct_per_record_export
KN 54,KN,KN,Knossos,reviewed_identifier_mapping,Reviewed GORILA/SigLA document identifier convention; canonical site label corroborated by source inventories.,pending_direct_per_record_export
KN Wb 33a,KN,KN,Knossos,reviewed_identifier_mapping,Reviewed GORILA/SigLA document identifier convention; canonical site label corroborated by source inventories.,pending_direct_per_record_export
KN Wb 33b,KN,KN,Knossos,reviewed_identifier_mapping,Reviewed GORILA/SigLA document identifier convention; canonical site label corroborated by source inventories.,pending_direct_per_record_export
KN Wc 26a,KN,KN,Knossos,reviewed_identifier_mapping,Reviewed GORILA/SigLA document identifier convention; canonical site label corroborated by source inventories.,pending_direct_per_record_export
KN Wc 26b,KN,KN,Knossos,reviewed_identifier_mapping,Reviewed GORILA/SigLA document identifier convention; canonical site label corroborated by source inventories.,pending_direct_per_record_export
KN Wc 3,KN,KN,Knossos,reviewed_identifier_mapping,Reviewed GORILA/SigLA document identifier convention; canonical site label corroborated by source inventories.,pending_direct_per_record_export
KN Wc 30,KN,KN,Knossos,reviewed_identifier_mapping,Reviewed GORILA/SigLA document identifier convention; canonical site label corroborated by source inventories.,pending_direct_per_record_export
KN Wc <24a>,KN,KN,Knossos,reviewed_identifier_mapping,Reviewed GORILA/SigLA document identifier convention; canonical site label corroborated by source inventories.,pending_direct_per_record_export
KN Za 10a,KN,KN,Knossos,reviewed_identifier_mapping,Reviewed GORILA/SigLA document identifier convention; canonical site label corroborated by source inventories.,pending_direct_per_record_export
KN Za 10b,KN,KN,Knossos,reviewed_identifier_mapping,Reviewed GORILA/SigLA document identifier convention; canonical site label corroborated by source inventories.,pending_direct_per_record_export
KN Za 17,KN,KN,Knossos,reviewed_identifier_mapping,Reviewed GORILA/SigLA document identifier convention; canonical site label corroborated by source inventories.,pending_direct_per_record_export
KN Za 18,KN,KN,Knossos,reviewed_identifier_mapping,Reviewed GORILA/SigLA document identifier convention; canonical site label corroborated by source inventories.,pending_direct_per_record_export
KN Zb 20,KN,KN,Knossos,reviewed_identifier_mapping,Reviewed GORILA/SigLA document identifier convention; canonical site label corroborated by source inventories.,pending_direct_per_record_export
KN Zb 35,KN,KN,Knossos,reviewed_identifier_mapping,Reviewed GORILA/SigLA document identifier convention; canonical site label corroborated by source inventories.,pending_direct_per_record_export
KN Zb 4,KN,KN,Knossos,reviewed_identifier_mapping,Reviewed GORILA/SigLA document identifier convention; canonical site label corroborated by source inventories.,pending_direct_per_record_export
KN Zb 40,KN,KN,Knossos,reviewed_identifier_mapping,Reviewed GORILA/SigLA document identifier convention; canonical site label corroborated by source inventories.,pending_direct_per_record_export
KN Zb 5,KN,KN,Knossos,reviewed_identifier_mapping,Reviewed GORILA/SigLA document identifier convention; canonical site label corroborated by source inventories.,pending_direct_per_record_export
KN Zc 6,KN,KN,Knossos,reviewed_identifier_mapping,Reviewed GORILA/SigLA document identifier convention; canonical site label corroborated by source inventories.,pending_direct_per_record_export
KN Zc 7,KN,KN,Knossos,reviewed_identifier_mapping,Reviewed GORILA/SigLA document identifier convention; canonical site label corroborated by source inventories.,pending_direct_per_record_export
KN Ze 16,KN,KN,Knossos,reviewed_identifier_mapping,Reviewed GORILA/SigLA document identifier convention; canonical site label corroborated by source inventories.,pending_direct_per_record_export
KN Zf 13,KN,KN,Knossos,reviewed_identifier_mapping,Reviewed GORILA/SigLA document identifier convention; canonical site label corroborated by source inventories.,pending_direct_per_record_export
MA 10a,MA,MA,Mallia,reviewed_identifier_mapping,Reviewed GORILA/SigLA document identifier convention; canonical site label corroborated by source inventories.,pending_direct_per_record_export
MA 10b,MA,MA,Mallia,reviewed_identifier_mapping,Reviewed GORILA/SigLA document identifier convention; canonical site label corroborated by source inventories.,pending_direct_per_record_export
MA 1a,MA,MA,Mallia,reviewed_identifier_mapping,Reviewed GORILA/SigLA document identifier convention; canonical site label corroborated by source inventories.,pending_direct_per_record_export
MA 1b,MA,MA,Mallia,reviewed_identifier_mapping,Reviewed GORILA/SigLA document identifier convention; canonical site label corroborated by source inventories.,pending_direct_per_record_export
MA 1c,MA,MA,Mallia,reviewed_identifier_mapping,Reviewed GORILA/SigLA document identifier convention; canonical site label corroborated by source inventories.,pending_direct_per_record_export
MA 2a,MA,MA,Mallia,reviewed_identifier_mapping,Reviewed GORILA/SigLA document identifier convention; canonical site label corroborated by source inventories.,pending_direct_per_record_export
MA 2b,MA,MA,Mallia,reviewed_identifier_mapping,Reviewed GORILA/SigLA document identifier convention; canonical site label corroborated by source inventories.,pending_direct_per_record_export
MA 2c,MA,MA,Mallia,reviewed_identifier_mapping,Reviewed GORILA/SigLA document identifier convention; canonical site label corroborated by source inventories.,pending_direct_per_record_export
MA 4b,MA,MA,Mallia,reviewed_identifier_mapping,Reviewed GORILA/SigLA document identifier convention; canonical site label corroborated by source inventories.,pending_direct_per_record_export
MA Wc <5a>,MA,MA,Mallia,reviewed_identifier_mapping,Reviewed GORILA/SigLA document identifier convention; canonical site label corroborated by source inventories.,pending_direct_per_record_export
MI 2,MI,ME,Melos,reviewed_identifier_mapping,MI is the GORILA/Linear A identifier convention for Melos; reviewed against published MI 2 references.,pending_direct_per_record_export
MY Zf 2,MY,MY,Mycenae,reviewed_identifier_mapping,Reviewed GORILA/SigLA document identifier convention; canonical site label corroborated by source inventories.,pending_direct_per_record_export
PA 1,PA,PA,Palaikastro,reviewed_identifier_mapping,Reviewed GORILA/SigLA document identifier convention; canonical site label corroborated by source inventories.,pending_direct_per_record_export
PE 1,PE,PE,Petras,reviewed_identifier_mapping,Reviewed GORILA/SigLA document identifier convention; canonical site label corroborated by source inventories.,pending_direct_per_record_export
PE 2,PE,PE,Petras,reviewed_identifier_mapping,Reviewed GORILA/SigLA document identifier convention; canonical site label corroborated by source inventories.,pending_direct_per_record_export
PE 6,PE,PE,Petras,reviewed_identifier_mapping,Reviewed GORILA/SigLA document identifier convention; canonical site label corroborated by source inventories.,pending_direct_per_record_export
PH 10,PH,PH,Phaistos,reviewed_identifier_mapping,Reviewed GORILA/SigLA document identifier convention; canonical site label corroborated by source inventories.,pending_direct_per_record_export
PH 12a,PH,PH,Phaistos,reviewed_identifier_mapping,Reviewed GORILA/SigLA document identifier convention; canonical site label corroborated by source inventories.,pending_direct_per_record_export
PH 12b,PH,PH,Phaistos,reviewed_identifier_mapping,Reviewed GORILA/SigLA document identifier convention; canonical site label corroborated by source inventories.,pending_direct_per_record_export
PH 13a,PH,PH,Phaistos,reviewed_identifier_mapping,Reviewed GORILA/SigLA document identifier convention; canonical site label corroborated by source inventories.,pending_direct_per_record_export
PH 13b,PH,PH,Phaistos,reviewed_identifier_mapping,Reviewed GORILA/SigLA document identifier convention; canonical site label corroborated by source inventories.,pending_direct_per_record_export
PH 13c,PH,PH,Phaistos,reviewed_identifier_mapping,Reviewed GORILA/SigLA document identifier convention; canonical site label corroborated by source inventories.,pending_direct_per_record_export
PH 14a,PH,PH,Phaistos,reviewed_identifier_mapping,Reviewed GORILA/SigLA document identifier convention; canonical site label corroborated by source inventories.,pending_direct_per_record_export
PH 14b,PH,PH,Phaistos,reviewed_identifier_mapping,Reviewed GORILA/SigLA document identifier convention; canonical site label corroborated by source inventories.,pending_direct_per_record_export
PH 15a,PH,PH,Phaistos,reviewed_identifier_mapping,Reviewed GORILA/SigLA document identifier convention; canonical site label corroborated by source inventories.,pending_direct_per_record_export
PH 15b,PH,PH,Phaistos,reviewed_identifier_mapping,Reviewed GORILA/SigLA document identifier convention; canonical site label corroborated by source inventories.,pending_direct_per_record_export
PH 16a,PH,PH,Phaistos,reviewed_identifier_mapping,Reviewed GORILA/SigLA document identifier convention; canonical site label corroborated by source inventories.,pending_direct_per_record_export
PH 16b,PH,PH,Phaistos,reviewed_identifier_mapping,Reviewed GORILA/SigLA document identifier convention; canonical site label corroborated by source inventories.,pending_direct_per_record_export
PH 17a,PH,PH,Phaistos,reviewed_identifier_mapping,Reviewed GORILA/SigLA document identifier convention; canonical site label corroborated by source inventories.,pending_direct_per_record_export
PH 17b,PH,PH,Phaistos,reviewed_identifier_mapping,Reviewed GORILA/SigLA document identifier convention; canonical site label corroborated by source inventories.,pending_direct_per_record_export
PH 18a,PH,PH,Phaistos,reviewed_identifier_mapping,Reviewed GORILA/SigLA document identifier convention; canonical site label corroborated by source inventories.,pending_direct_per_record_export
PH 18b,PH,PH,Phaistos,reviewed_identifier_mapping,Reviewed GORILA/SigLA document identifier convention; canonical site label corroborated by source inventories.,pending_direct_per_record_export
PH 19,PH,PH,Phaistos,reviewed_identifier_mapping,Reviewed GORILA/SigLA document identifier convention; canonical site label corroborated by source inventories.,pending_direct_per_record_export
PH 1a,PH,PH,Phaistos,reviewed_identifier_mapping,Reviewed GORILA/SigLA document identifier convention; canonical site label corroborated by source inventories.,pending_direct_per_record_export
PH 1b,PH,PH,Phaistos,reviewed_identifier_mapping,Reviewed GORILA/SigLA document identifier convention; canonical site label corroborated by source inventories.,pending_direct_per_record_export
PH 2,PH,PH,Phaistos,reviewed_identifier_mapping,Reviewed GORILA/SigLA document identifier convention; canonical site label corroborated by source inventories.,pending_direct_per_record_export
PH 22b,PH,PH,Phaistos,reviewed_identifier_mapping,Reviewed GORILA/SigLA document identifier convention; canonical site label corroborated by source inventories.,pending_direct_per_record_export
PH 24,PH,PH,Phaistos,reviewed_identifier_mapping,Reviewed GORILA/SigLA document identifier convention; canonical site label corroborated by source inventories.,pending_direct_per_record_export
PH 25,PH,PH,Phaistos,reviewed_identifier_mapping,Reviewed GORILA/SigLA document identifier convention; canonical site label corroborated by source inventories.,pending_direct_per_record_export
PH 26,PH,PH,Phaistos,reviewed_identifier_mapping,Reviewed GORILA/SigLA document identifier convention; canonical site label corroborated by source inventories.,pending_direct_per_record_export
PH 27,PH,PH,Phaistos,reviewed_identifier_mapping,Reviewed GORILA/SigLA document identifier convention; canonical site label corroborated by source inventories.,pending_direct_per_record_export
PH 28a,PH,PH,Phaistos,reviewed_identifier_mapping,Reviewed GORILA/SigLA document identifier convention; canonical site label corroborated by source inventories.,pending_direct_per_record_export
PH 28b,PH,PH,Phaistos,reviewed_identifier_mapping,Reviewed GORILA/SigLA document identifier convention; canonical site label corroborated by source inventories.,pending_direct_per_record_export
PH 29a,PH,PH,Phaistos,reviewed_identifier_mapping,Reviewed GORILA/SigLA document identifier convention; canonical site label corroborated by source inventories.,pending_direct_per_record_export
PH 29b,PH,PH,Phaistos,reviewed_identifier_mapping,Reviewed GORILA/SigLA document identifier convention; canonical site label corroborated by source inventories.,pending_direct_per_record_export
PH 30,PH,PH,Phaistos,reviewed_identifier_mapping,Reviewed GORILA/SigLA document identifier convention; canonical site label corroborated by source inventories.,pending_direct_per_record_export
PH 31a,PH,PH,Phaistos,reviewed_identifier_mapping,Reviewed GORILA/SigLA document identifier convention; canonical site label corroborated by source inventories.,pending_direct_per_record_export
PH 31b,PH,PH,Phaistos,reviewed_identifier_mapping,Reviewed GORILA/SigLA document identifier convention; canonical site label corroborated by source inventories.,pending_direct_per_record_export
PH 3a,PH,PH,Phaistos,reviewed_identifier_mapping,Reviewed GORILA/SigLA document identifier convention; canonical site label corroborated by source inventories.,pending_direct_per_record_export
PH 3b,PH,PH,Phaistos,reviewed_identifier_mapping,Reviewed GORILA/SigLA document identifier convention; canonical site label corroborated by source inventories.,pending_direct_per_record_export
PH 54,PH,PH,Phaistos,reviewed_identifier_mapping,Reviewed GORILA/SigLA document identifier convention; canonical site label corroborated by source inventories.,pending_direct_per_record_export
PH 6,PH,PH,Phaistos,reviewed_identifier_mapping,Reviewed GORILA/SigLA document identifier convention; canonical site label corroborated by source inventories.,pending_direct_per_record_export
PH 7a,PH,PH,Phaistos,reviewed_identifier_mapping,Reviewed GORILA/SigLA document identifier convention; canonical site label corroborated by source inventories.,pending_direct_per_record_export
PH 7b,PH,PH,Phaistos,reviewed_identifier_mapping,Reviewed GORILA/SigLA document identifier convention; canonical site label corroborated by source inventories.,pending_direct_per_record_export
PH 9a,PH,PH,Phaistos,reviewed_identifier_mapping,Reviewed GORILA/SigLA document identifier convention; canonical site label corroborated by source inventories.,pending_direct_per_record_export
PH Wa 32,PH,PH,Phaistos,reviewed_identifier_mapping,Reviewed GORILA/SigLA document identifier convention; canonical site label corroborated by source inventories.,pending_direct_per_record_export
PH Wc 37a,PH,PH,Phaistos,reviewed_identifier_mapping,Reviewed GORILA/SigLA document identifier convention; canonical site label corroborated by source inventories.,pending_direct_per_record_export
PH Wc 38,PH,PH,Phaistos,reviewed_identifier_mapping,Reviewed GORILA/SigLA document identifier convention; canonical site label corroborated by source inventories.,pending_direct_per_record_export
PH Wc 39a,PH,PH,Phaistos,reviewed_identifier_mapping,Reviewed GORILA/SigLA document identifier convention; canonical site label corroborated by source inventories.,pending_direct_per_record_export
PH Wc 40a,PH,PH,Phaistos,reviewed_identifier_mapping,Reviewed GORILA/SigLA document identifier convention; canonical site label corroborated by source inventories.,pending_direct_per_record_export
PH Wc 45,PH,PH,Phaistos,reviewed_identifier_mapping,Reviewed GORILA/SigLA document identifier convention; canonical site label corroborated by source inventories.,pending_direct_per_record_export
PK 1a,PK,PA,Palaikastro,reviewed_identifier_mapping,PK is the conventional Palaikastro document prefix; reviewed against published PK 1 references.,pending_direct_per_record_export
PK 1b,PK,PA,Palaikastro,reviewed_identifier_mapping,PK is the conventional Palaikastro document prefix; reviewed against published PK 1 references.,pending_direct_per_record_export
PS Za 2,PS,PS,Psykhro,reviewed_identifier_mapping,Reviewed GORILA/SigLA document identifier convention; canonical site label corroborated by source inventories.,pending_direct_per_record_export
PYR 1,PY,PY,Pyrgos,reviewed_identifier_mapping,Reviewed GORILA/SigLA document identifier convention; canonical site label corroborated by source inventories.,pending_direct_per_record_export
SY Za 4,SY,SY,Syme,reviewed_identifier_mapping,Reviewed GORILA/SigLA document identifier convention; canonical site label corroborated by source inventories.,pending_direct_per_record_export
THE 10,TH,TH,Thera,reviewed_identifier_mapping,Reviewed GORILA/SigLA document identifier convention; canonical site label corroborated by source inventories.,pending_direct_per_record_export
THE 8,TH,TH,Thera,reviewed_identifier_mapping,Reviewed GORILA/SigLA document identifier convention; canonical site label corroborated by source inventories.,pending_direct_per_record_export
THE 9,TH,TH,Thera,reviewed_identifier_mapping,Reviewed GORILA/SigLA document identifier convention; canonical site label corroborated by source inventories.,pending_direct_per_record_export
TY 2,TY,TY,Tylissos,reviewed_identifier_mapping,Reviewed GORILA/SigLA document identifier convention; canonical site label corroborated by source inventories.,pending_direct_per_record_export
TY 3a,TY,TY,Tylissos,reviewed_identifier_mapping,Reviewed GORILA/SigLA document identifier convention; canonical site label corroborated by source inventories.,pending_direct_per_record_export
TY 3b,TY,TY,Tylissos,reviewed_identifier_mapping,Reviewed GORILA/SigLA document identifier convention; canonical site label corroborated by source inventories.,pending_direct_per_record_export
ZA 10a,ZA,ZA,Zakros,reviewed_identifier_mapping,Reviewed GORILA/SigLA document identifier convention; canonical site label corroborated by source inventories.,pending_direct_per_record_export
ZA 10b,ZA,ZA,Zakros,reviewed_identifier_mapping,Reviewed GORILA/SigLA document identifier convention; canonical site label corroborated by source inventories.,pending_direct_per_record_export
ZA 11a,ZA,ZA,Zakros,reviewed_identifier_mapping,Reviewed GORILA/SigLA document identifier convention; canonical site label corroborated by source inventories.,pending_direct_per_record_export
ZA 11b,ZA,ZA,Zakros,reviewed_identifier_mapping,Reviewed GORILA/SigLA document identifier convention; canonical site label corroborated by source inventories.,pending_direct_per_record_export
ZA 13,ZA,ZA,Zakros,reviewed_identifier_mapping,Reviewed GORILA/SigLA document identifier convention; canonical site label corroborated by source inventories.,pending_direct_per_record_export
ZA 14,ZA,ZA,Zakros,reviewed_identifier_mapping,Reviewed GORILA/SigLA document identifier convention; canonical site label corroborated by source inventories.,pending_direct_per_record_export
ZA 15a,ZA,ZA,Zakros,reviewed_identifier_mapping,Reviewed GORILA/SigLA document identifier convention; canonical site label corroborated by source inventories.,pending_direct_per_record_export
ZA 15b,ZA,ZA,Zakros,reviewed_identifier_mapping,Reviewed GORILA/SigLA document identifier convention; canonical site label corroborated by source inventories.,pending_direct_per_record_export
ZA 16,ZA,ZA,Zakros,reviewed_identifier_mapping,Reviewed GORILA/SigLA document identifier convention; canonical site label corroborated by source inventories.,pending_direct_per_record_export
ZA 18a,ZA,ZA,Zakros,reviewed_identifier_mapping,Reviewed GORILA/SigLA document identifier convention; canonical site label corroborated by source inventories.,pending_direct_per_record_export
ZA 19,ZA,ZA,Zakros,reviewed_identifier_mapping,Reviewed GORILA/SigLA document identifier convention; canonical site label corroborated by source inventories.,pending_direct_per_record_export
ZA 1a,ZA,ZA,Zakros,reviewed_identifier_mapping,Reviewed GORILA/SigLA document identifier convention; canonical site label corroborated by source inventories.,pending_direct_per_record_export
ZA 1b,ZA,ZA,Zakros,reviewed_identifier_mapping,Reviewed GORILA/SigLA document identifier convention; canonical site label corroborated by source inventories.,pending_direct_per_record_export
ZA 20,ZA,ZA,Zakros,reviewed_identifier_mapping,Reviewed GORILA/SigLA document identifier convention; canonical site label corroborated by source inventories.,pending_direct_per_record_export
ZA 21a,ZA,ZA,Zakros,reviewed_identifier_mapping,Reviewed GORILA/SigLA document identifier convention; canonical site label corroborated by source inventories.,pending_direct_per_record_export
ZA 21b,ZA,ZA,Zakros,reviewed_identifier_mapping,Reviewed GORILA/SigLA document identifier convention; canonical site label corroborated by source inventories.,pending_direct_per_record_export
ZA 22,ZA,ZA,Zakros,reviewed_identifier_mapping,Reviewed GORILA/SigLA document identifier convention; canonical site label corroborated by source inventories.,pending_direct_per_record_export
ZA 23,ZA,ZA,Zakros,reviewed_identifier_mapping,Reviewed GORILA/SigLA document identifier convention; canonical site label corroborated by source inventories.,pending_direct_per_record_export
ZA 24a,ZA,ZA,Zakros,reviewed_identifier_mapping,Reviewed GORILA/SigLA document identifier convention; canonical site label corroborated by source inventories.,pending_direct_per_record_export
ZA 24b,ZA,ZA,Zakros,reviewed_identifier_mapping,Reviewed GORILA/SigLA document identifier convention; canonical site label corroborated by source inventories.,pending_direct_per_record_export
ZA 25,ZA,ZA,Zakros,reviewed_identifier_mapping,Reviewed GORILA/SigLA document identifier convention; canonical site label corroborated by source inventories.,pending_direct_per_record_export
ZA 26a,ZA,ZA,Zakros,reviewed_identifier_mapping,Reviewed GORILA/SigLA document identifier convention; canonical site label corroborated by source inventories.,pending_direct_per_record_export
ZA 27,ZA,ZA,Zakros,reviewed_identifier_mapping,Reviewed GORILA/SigLA document identifier convention; canonical site label corroborated by source inventories.,pending_direct_per_record_export
ZA 29,ZA,ZA,Zakros,reviewed_identifier_mapping,Reviewed GORILA/SigLA document identifier convention; canonical site label corroborated by source inventories.,pending_direct_per_record_export
ZA 31,ZA,ZA,Zakros,reviewed_identifier_mapping,Reviewed GORILA/SigLA document identifier convention; canonical site label corroborated by source inventories.,pending_direct_per_record_export
ZA 32,ZA,ZA,Zakros,reviewed_identifier_mapping,Reviewed GORILA/SigLA document identifier convention; canonical site label corroborated by source inventories.,pending_direct_per_record_export
ZA 4a,ZA,ZA,Zakros,reviewed_identifier_mapping,Reviewed GORILA/SigLA document identifier convention; canonical site label corroborated by source inventories.,pending_direct_per_record_export
ZA 5a,ZA,ZA,Zakros,reviewed_identifier_mapping,Reviewed GORILA/SigLA document identifier convention; canonical site label corroborated by source inventories.,pending_direct_per_record_export
ZA 5b,ZA,ZA,Zakros,reviewed_identifier_mapping,Reviewed GORILA/SigLA document identifier convention; canonical site label corroborated by source inventories.,pending_direct_per_record_export
ZA 6a,ZA,ZA,Zakros,reviewed_identifier_mapping,Reviewed GORILA/SigLA document identifier convention; canonical site label corroborated by source inventories.,pending_direct_per_record_export
ZA 6b,ZA,ZA,Zakros,reviewed_identifier_mapping,Reviewed GORILA/SigLA document identifier convention; canonical site label corroborated by source inventories.,pending_direct_per_record_export
ZA 7a,ZA,ZA,Zakros,reviewed_identifier_mapping,Reviewed GORILA/SigLA document identifier convention; canonical site label corroborated by source inventories.,pending_direct_per_record_export
ZA 7b,ZA,ZA,Zakros,reviewed_identifier_mapping,Reviewed GORILA/SigLA document identifier convention; canonical site label corroborated by source inventories.,pending_direct_per_record_export
ZA 8,ZA,ZA,Zakros,reviewed_identifier_mapping,Reviewed GORILA/SigLA document identifier convention; canonical site label corroborated by source inventories.,pending_direct_per_record_export
ZA 9,ZA,ZA,Zakros,reviewed_identifier_mapping,Reviewed GORILA/SigLA document identifier convention; canonical site label corroborated by source inventories.,pending_direct_per_record_export
ZA Wc 2,ZA,ZA,Zakros,reviewed_identifier_mapping,Reviewed GORILA/SigLA document identifier convention; canonical site label corroborated by source inventories.,pending_direct_per_record_export
