sign_id,position,boundary_count,random_internal_mean,random_internal_sd,z_vs_random_internal,empirical_p
AB004,final,37,7.38,0.859266162686707,34.47127477635775,0.000999000999000999
AB006,final,56,28.235,1.9742524338778646,14.063551106006972,0.000999000999000999
AB008,initial,130,2.569,0.9550660454393461,133.4263746559848,0.000999000999000999
AB010,initial,30,3.345,1.1821050597863,22.54875721860007,0.000999000999000999
AB016,initial,22,6,0.0,0,0.000999000999000999
AB024,final,31,5.453,1.3651573735854245,18.71359338806765,0.000999000999000999
AB027,final,56,18.562,1.8573113916641995,20.15709383360567,0.000999000999000999
AB028,initial,55,19.497,2.0751619930254352,17.108543872393888,0.000999000999000999
AB037,final,44,15.147,1.6721803692147528,17.25471757185454,0.000999000999000999
AB065,final,21,7.446,0.9273316256571561,14.616130438121228,0.000999000999000999
AB081,initial,98,19.885,2.1411117110882745,36.48338365320325,0.000999000999000999
AB118,final,14,1.497,0.5002411830719671,24.993943767723056,0.000999000999000999
