left,right,count,p_right_given_left,p_left_given_right,confident_count,documents,sites
A325,AB017,4,1.0,0.125,4,3,2
A324,AB007,3,1.0,0.036145,3,3,1
A571,A624,3,0.75,0.2,3,1,1
A310,AB028,5,0.555556,0.059524,5,5,1
AB046,AB007,4,0.5,0.048193,4,4,1
A309,AB053,5,0.454545,0.068493,0,1,1
A703,A703,7,0.35,0.304348,7,5,1
AB034,AB041,3,0.333333,0.039474,3,2,1
A306,AB069,5,0.3125,0.087719,5,5,1
A608,A304,3,0.3,0.130435,3,2,1
A707,A704,26,0.27957,0.382353,26,20,2
AB302,AB030,3,0.272727,0.029412,3,3,2
A626,AB030,4,0.266667,0.039216,4,4,2
AB081,AB002,37,0.264286,0.435294,37,33,3
AB076,AB120,8,0.25,0.153846,8,8,1
A306,A303,4,0.25,0.102564,4,4,2
A308,A704,3,0.25,0.044118,3,1,1
AB188,AB051,3,0.25,0.045455,3,3,1
AB066,AB120,3,0.230769,0.057692,3,3,1
A618,A622,4,0.222222,0.210526,2,3,2
AB005,AB028,3,0.214286,0.035714,3,3,3
AB056,AB055,8,0.210526,0.2,8,7,2
A303,AB030,8,0.210526,0.078431,8,8,2
AB039,AB059,7,0.205882,0.069307,7,6,2
AB031,AB076,18,0.2,0.428571,18,18,1
A304,A707,4,0.2,0.036697,4,4,2
AB017,AB009,6,0.1875,0.125,6,6,1
A708,AB131,3,0.1875,0.061224,3,3,2
AB065,AB081,6,0.181818,0.044776,6,6,3
AB067,AB002,17,0.180851,0.2,17,13,2
AB055,AB080,7,0.166667,0.083333,7,7,3
A618,A707,3,0.166667,0.027523,3,3,1
AB073,AB006,10,0.163934,0.10101,10,9,4
AB016,AB118,5,0.16129,0.217391,5,5,2
AB079,AB030,4,0.16,0.039216,4,4,1
AB007,AB006,13,0.158537,0.131313,13,12,3
AB056,AB030,6,0.157895,0.058824,6,5,2
A303,A707,6,0.157895,0.055046,6,6,2
A702,A702,3,0.157895,0.15,3,3,2
AB076,A303,5,0.15625,0.128205,5,5,1
AB059,AB006,16,0.15534,0.161616,16,15,6
AB021,AB069,5,0.151515,0.087719,5,5,1
A703,AB131,3,0.15,0.061224,3,2,1
A610,A622,3,0.15,0.157895,2,3,2
AB122,A308,3,0.15,0.25,3,1,1
A610,AB077,3,0.15,0.034091,3,1,1
AB045,AB008,4,0.148148,0.045455,4,4,3
AB054,AB051,3,0.142857,0.045455,3,3,2
AB058,AB067,6,0.139535,0.065934,5,6,2
AB026,AB080,9,0.134328,0.107143,9,9,3
AB016,AB016,4,0.129032,0.153846,4,4,2
AB016,A310,4,0.129032,0.444444,4,4,1
AB078,AB076,4,0.125,0.095238,4,4,1
AB008,AB051,16,0.121212,0.242424,17,15,6
AB021,AB118,4,0.121212,0.173913,4,4,3
AB021,AB053,4,0.121212,0.054795,4,4,3
AB065,A309,4,0.121212,0.363636,0,1,1
AB001,AB027,12,0.12,0.130435,12,11,4
AB120,AB302,6,0.12,0.4,6,6,2
AB120,A304,6,0.12,0.26087,6,5,2
AB100,A574,3,0.12,0.166667,3,2,2
AB100,AB028,3,0.12,0.035714,3,3,1
AB026,AB081,8,0.119403,0.059701,8,8,2
AB009,AB057,5,0.119048,0.0625,5,5,2
AB131,A707,5,0.116279,0.045872,5,4,2
AB073,AB055,7,0.114754,0.175,7,7,2
AB073,AB001,7,0.114754,0.076923,7,7,3
AB003,AB057,10,0.11236,0.125,10,10,4
AB045,AB073,3,0.111111,0.043478,3,3,2
AB045,AB026,3,0.111111,0.046154,3,3,1
AB056,AB006,4,0.105263,0.040404,4,4,2
AB027,AB017,9,0.103448,0.28125,9,9,3
AB002,A707,7,0.101449,0.06422,7,6,1
AB120,A707,5,0.1,0.045872,5,4,2
AB016,AB026,3,0.096774,0.046154,3,3,1
AB016,AB037,3,0.096774,0.04,3,3,3
A704,A705,5,0.096154,0.3125,5,5,1
AB024,AB008,4,0.095238,0.045455,4,4,2
AB010,AB045,4,0.095238,0.142857,4,4,2
AB024,AB073,4,0.095238,0.057971,4,3,1
AB024,AB081,4,0.095238,0.029851,4,4,2
AB076,AB010,3,0.09375,0.078947,3,3,1
AB078,AB053,3,0.09375,0.041096,3,3,1
AB078,AB060,3,0.09375,0.038961,3,3,1
AB017,AB028,3,0.09375,0.035714,3,2,2
AB131,AB008,4,0.093023,0.045455,4,4,3
AB058,AB080,4,0.093023,0.047619,4,4,3
AB081,AB056,13,0.092857,0.333333,13,11,2
AB051,AB027,6,0.092308,0.065217,6,6,3
AB027,AB059,8,0.091954,0.079208,8,8,2
AB069,AB024,5,0.090909,0.116279,5,5,2
AB021,AB024,3,0.090909,0.069767,3,3,2
AB021,AB021,3,0.090909,0.1,3,2,2
AB060,AB008,7,0.089744,0.079545,7,7,5
AB039,AB067,3,0.088235,0.032967,3,3,2
AB081,AB003,12,0.085714,0.139535,12,12,4
AB080,AB007,7,0.083333,0.084337,7,6,2
AB037,AB001,6,0.081081,0.065934,6,6,1
AB027,AB081,7,0.08046,0.052239,6,7,2
AB077,AB003,7,0.079545,0.081395,7,6,1
AB077,AB081,7,0.079545,0.052239,7,7,2
AB077,AB026,7,0.079545,0.107692,7,7,2
AB028,AB076,8,0.079208,0.190476,8,8,1
A303,A704,3,0.078947,0.044118,3,3,2
A303,AB131,3,0.078947,0.061224,3,3,2
AB003,AB059,7,0.078652,0.069307,7,7,4
AB031,AB026,7,0.077778,0.107692,7,7,1
AB031,AB060,7,0.077778,0.090909,7,6,3
AB059,AB028,8,0.07767,0.095238,8,8,4
A704,AB081,4,0.076923,0.029851,4,4,2
A704,AB067,4,0.076923,0.043956,4,2,1
AB030,AB131,7,0.075269,0.142857,7,7,2
AB067,AB060,7,0.074468,0.090909,7,7,4
AB006,AB010,7,0.073684,0.184211,7,6,1
AB007,AB060,6,0.073171,0.077922,6,6,2
AB080,AB077,6,0.071429,0.068182,6,6,3
AB080,AB027,6,0.071429,0.065217,6,6,3
AB053,AB006,5,0.071429,0.050505,5,5,1
AB053,AB001,5,0.071429,0.054945,4,5,2
AB024,AB120,3,0.071429,0.057692,3,3,2
AB009,AB024,3,0.071429,0.069767,3,2,1
AB024,A707,3,0.071429,0.027523,3,3,1
AB010,A325,3,0.071429,0.75,3,2,1
AB010,AB059,3,0.071429,0.029703,3,3,2
AB010,AB049,3,0.071429,0.75,3,3,2
AB024,AB041,3,0.071429,0.039474,3,3,3
AB010,AB034,3,0.071429,0.428571,3,2,1
AB055,AB037,3,0.071429,0.04,3,3,2
AB055,AB004,3,0.071429,0.040541,3,3,1
AB057,AB027,6,0.070588,0.065217,6,6,3
AB058,AB073,3,0.069767,0.043478,3,3,3
AB058,AB050,3,0.069767,0.166667,3,3,2
AB058,AB029,3,0.069767,0.428571,3,3,1
AB027,AB007,6,0.068966,0.072289,6,5,1
AB037,AB057,5,0.067568,0.0625,5,4,4
AB037,AB037,5,0.067568,0.066667,5,5,2
AB003,AB001,6,0.067416,0.065934,6,6,3
AB003,AB060,6,0.067416,0.077922,6,6,2
AB041,AB118,6,0.067416,0.26087,6,6,2
AB041,AB077,6,0.067416,0.068182,6,6,2
AB031,AB080,6,0.066667,0.071429,6,6,2
AB030,AB059,6,0.064516,0.059406,6,6,4
AB081,AB030,9,0.064286,0.088235,9,9,3
AB067,AB027,6,0.06383,0.065217,6,6,2
AB006,AB041,6,0.063158,0.078947,6,6,2
AB004,AB120,5,0.0625,0.096154,5,5,2
AB051,AB030,4,0.061538,0.039216,4,4,2
AB007,AB007,5,0.060976,0.060241,4,5,2
AB007,AB067,5,0.060976,0.054945,5,5,3
AB008,AB060,8,0.060606,0.103896,8,8,4
AB008,AB053,8,0.060606,0.109589,8,7,4
AB001,AB081,6,0.06,0.044776,6,4,2
AB001,AB077,6,0.06,0.068182,6,6,2
AB120,A622,3,0.06,0.157895,4,2,1
AB120,AB030,3,0.06,0.029412,3,2,1
AB026,AB007,4,0.059701,0.048193,4,4,1
AB026,AB057,4,0.059701,0.05,4,4,3
AB080,AB059,5,0.059524,0.049505,5,5,3
AB080,AB037,5,0.059524,0.066667,5,5,3
AB080,AB004,5,0.059524,0.067568,5,5,4
AB057,AB031,5,0.058824,0.058824,5,5,4
A704,AB030,3,0.057692,0.029412,3,3,1
A704,AB001,3,0.057692,0.032967,3,3,1
A704,A610,3,0.057692,0.142857,3,3,2
AB027,AB008,5,0.057471,0.056818,5,5,5
AB053,AB004,4,0.057143,0.054054,4,4,1
AB053,AB057,4,0.057143,0.05,4,3,2
AB077,AB028,5,0.056818,0.059524,5,4,3
AB041,AB001,5,0.05618,0.054945,5,4,3
AB003,AB009,5,0.05618,0.104167,5,5,1
AB041,AB057,5,0.05618,0.0625,5,5,2
AB031,AB002,5,0.055556,0.058824,5,5,1
AB069,AB081,3,0.054545,0.022388,3,3,2
AB069,AB003,3,0.054545,0.034884,3,3,2
AB069,AB073,3,0.054545,0.043478,3,3,2
AB069,AB058,3,0.054545,0.076923,3,2,2
AB037,A707,4,0.054054,0.036697,4,3,1
AB037,AB081,4,0.054054,0.029851,4,4,1
AB030,A703,5,0.053763,0.217391,5,3,1
A707,AB003,5,0.053763,0.05814,5,5,2
A707,AB030,5,0.053763,0.04902,5,4,1
AB067,AB053,5,0.053191,0.068493,6,5,2
AB008,AB041,7,0.05303,0.092105,7,7,3
AB008,AB009,7,0.05303,0.145833,7,7,4
AB006,AB069,5,0.052632,0.087719,5,5,4
AB006,AB037,5,0.052632,0.066667,5,5,1
AB060,AB024,4,0.051282,0.093023,4,4,1
AB060,AB027,4,0.051282,0.043478,4,4,3
AB001,AB028,5,0.05,0.059524,5,5,3
AB001,AB067,5,0.05,0.054945,5,5,4
AB004,AB069,4,0.05,0.070175,4,4,2
AB004,AB131,4,0.05,0.081633,4,4,1
AB004,AB059,4,0.05,0.039604,4,4,3
AB028,AB009,5,0.049505,0.104167,5,4,3
AB028,AB037,5,0.049505,0.066667,5,5,2
AB073,AB028,3,0.04918,0.035714,3,3,3
AB073,AB069,3,0.04918,0.052632,3,3,2
AB073,AB059,3,0.04918,0.029703,3,3,2
AB007,AB001,4,0.04878,0.043956,4,4,2
AB007,AB045,4,0.04878,0.142857,4,4,1
AB059,AB027,5,0.048544,0.054348,5,5,5
AB080,AB028,4,0.047619,0.047619,4,4,2
AB080,AB053,4,0.047619,0.054795,4,4,1
AB057,AB081,4,0.047059,0.029851,4,4,3
AB051,AB080,3,0.046154,0.035714,3,3,1
AB051,AB060,3,0.046154,0.038961,3,3,2
AB027,AB041,4,0.045977,0.052632,4,4,2
AB008,AB059,6,0.045455,0.059406,6,6,3
AB077,AB077,4,0.045455,0.045455,4,2,1
AB077,AB006,4,0.045455,0.040404,4,4,2
AB041,AB004,4,0.044944,0.054054,4,4,3
AB041,AB067,4,0.044944,0.043956,4,4,3
AB003,AB053,4,0.044944,0.054795,4,4,3
AB041,AB069,4,0.044944,0.070175,4,4,3
AB031,AB024,4,0.044444,0.093023,4,4,3
AB031,AB027,4,0.044444,0.043478,4,2,1
AB031,AB031,4,0.044444,0.047059,4,4,4
AB031,AB053,4,0.044444,0.054795,4,4,3
AB002,AB120,3,0.043478,0.057692,3,3,3
AB002,AB031,3,0.043478,0.035294,3,3,1
AB002,AB008,3,0.043478,0.034091,3,3,1
AB002,AB004,3,0.043478,0.040541,3,3,1
AB002,AB081,3,0.043478,0.022388,3,3,1
AB002,AB041,3,0.043478,0.039474,4,3,2
AB002,A303,3,0.043478,0.076923,3,3,1
AB030,AB058,4,0.043011,0.102564,4,4,1
AB030,AB077,4,0.043011,0.045455,4,4,2
AB030,AB004,4,0.043011,0.054054,4,4,2
AB030,AB073,4,0.043011,0.057971,4,4,3
AB081,AB027,6,0.042857,0.065217,5,5,1
AB053,AB066,3,0.042857,0.230769,3,3,1
AB053,AB059,3,0.042857,0.029703,3,3,2
AB053,AB058,3,0.042857,0.076923,3,3,1
AB053,AB026,3,0.042857,0.046154,3,3,2
AB053,AB077,3,0.042857,0.034091,2,3,2
AB053,AB030,3,0.042857,0.029412,3,3,3
AB053,AB028,3,0.042857,0.035714,3,2,2
AB067,AB008,4,0.042553,0.045455,3,4,3
AB067,AB031,4,0.042553,0.047059,4,4,4
AB067,AB001,4,0.042553,0.043956,4,4,1
AB006,AB008,4,0.042105,0.045455,4,4,3
AB006,AB001,4,0.042105,0.043956,4,4,3
AB006,AB003,4,0.042105,0.046512,4,4,4
AB037,AB067,3,0.040541,0.032967,3,3,2
AB037,AB004,3,0.040541,0.040541,3,3,2
AB037,AB100,3,0.040541,0.111111,3,3,1
AB037,AB030,3,0.040541,0.029412,3,3,2
AB037,AB077,3,0.040541,0.034091,3,3,3
AB037,AB053,3,0.040541,0.041096,3,3,3
AB037,AB080,3,0.040541,0.035714,3,3,3
AB037,AB017,3,0.040541,0.09375,3,3,2
AB037,AB026,3,0.040541,0.046154,3,3,1
AB001,AB002,4,0.04,0.047059,4,4,2
AB001,AB053,4,0.04,0.054795,4,4,1
AB001,AB013,4,0.04,0.222222,4,4,1
AB001,AB060,4,0.04,0.051948,4,4,2
AB001,AB041,4,0.04,0.052632,4,4,1
AB001,AB059,4,0.04,0.039604,4,4,1
AB028,AB077,4,0.039604,0.045455,4,4,2
AB028,AB051,4,0.039604,0.060606,4,4,2
AB028,AB057,4,0.039604,0.05,4,4,3
AB028,AB006,4,0.039604,0.040404,4,4,4
AB028,AB059,4,0.039604,0.039604,4,4,3
AB028,AB081,4,0.039604,0.029851,4,4,3
AB028,AB055,4,0.039604,0.1,4,4,1
AB059,AB059,4,0.038835,0.039604,4,4,4
AB059,AB060,4,0.038835,0.051948,4,4,1
AB059,AB077,4,0.038835,0.045455,4,4,3
AB060,AB006,3,0.038462,0.030303,3,3,2
AB060,A707,3,0.038462,0.027523,3,3,1
AB060,AB003,3,0.038462,0.034884,3,3,2
AB060,AB078,3,0.038462,0.096774,3,3,1
AB060,AB004,3,0.038462,0.040541,3,3,2
AB060,AB037,3,0.038462,0.04,3,3,2
AB008,AB003,5,0.037879,0.05814,5,5,3
AB008,AB026,5,0.037879,0.076923,5,5,2
AB008,AB077,5,0.037879,0.056818,5,5,2
AB008,AB073,5,0.037879,0.072464,5,5,3
AB004,AB081,3,0.0375,0.022388,3,3,2
AB004,AB041,3,0.0375,0.039474,3,3,2
AB004,AB067,3,0.0375,0.032967,3,3,1
AB004,AB053,3,0.0375,0.041096,3,3,3
AB004,AB008,3,0.0375,0.034091,3,3,3
AB004,AB031,3,0.0375,0.035294,3,3,3
AB007,AB053,3,0.036585,0.041096,3,3,2
AB007,AB030,3,0.036585,0.029412,3,3,1
AB007,AB021,3,0.036585,0.1,3,3,2
AB081,AB073,5,0.035714,0.072464,5,4,2
AB080,AB003,3,0.035714,0.034884,3,3,2
AB080,AB041,3,0.035714,0.039474,3,3,2
AB057,AB028,3,0.035294,0.035714,3,3,2
AB057,AB007,3,0.035294,0.036145,3,3,3
AB057,AB080,3,0.035294,0.035714,3,3,3
AB057,AB051,3,0.035294,0.045455,3,3,2
AB057,AB059,3,0.035294,0.029703,3,3,2
AB057,AB067,3,0.035294,0.032967,3,3,3
AB057,AB041,3,0.035294,0.039474,3,3,3
AB057,AB057,3,0.035294,0.0375,3,2,2
AB027,AB004,3,0.034483,0.040541,3,3,2
AB027,AB065,3,0.034483,0.09375,3,3,1
AB077,AB031,3,0.034091,0.035294,3,3,2
AB077,AB053,3,0.034091,0.041096,3,3,1
AB077,AB010,3,0.034091,0.078947,3,3,1
AB077,A610,3,0.034091,0.142857,3,1,1
AB077,AB059,3,0.034091,0.029703,3,3,3
AB077,AB008,3,0.034091,0.034091,3,3,3
AB077,AB007,3,0.034091,0.036145,3,3,2
AB041,AB079,3,0.033708,0.12,3,3,2
AB003,AB031,3,0.033708,0.035294,3,3,2
AB041,AB051,3,0.033708,0.045455,3,3,1
AB003,AB081,3,0.033708,0.022388,3,2,2
AB003,AB028,3,0.033708,0.035714,3,3,1
AB003,AB045,3,0.033708,0.107143,3,3,1
AB041,AB007,3,0.033708,0.036145,3,3,2
AB041,AB031,3,0.033708,0.035294,3,3,1
AB041,A303,3,0.033708,0.076923,3,3,2
AB003,A707,3,0.033708,0.027523,3,3,1
AB041,AB060,3,0.033708,0.038961,3,3,3
A707,AB010,3,0.032258,0.078947,3,3,1
A707,AB077,3,0.032258,0.034091,3,3,1
AB030,A707,3,0.032258,0.027523,3,3,1
A707,AB051,3,0.032258,0.045455,3,3,1
A707,A308,3,0.032258,0.25,3,2,2
A707,AB004,3,0.032258,0.040541,3,3,1
A707,AB023,3,0.032258,0.214286,3,2,2
AB030,AB006,3,0.032258,0.030303,3,2,1
AB030,AB030,3,0.032258,0.029412,3,3,2
AB067,AB009,3,0.031915,0.0625,3,3,1
AB067,AB059,3,0.031915,0.029703,3,3,2
AB067,AB037,3,0.031915,0.04,2,3,3
AB006,AB080,3,0.031579,0.035714,3,3,2
AB006,AB081,3,0.031579,0.022388,3,3,3
AB006,AB078,3,0.031579,0.096774,2,3,1
AB006,A707,3,0.031579,0.027523,3,3,1
AB006,AB004,3,0.031579,0.040541,3,2,2
AB008,AB057,4,0.030303,0.05,4,4,4
AB008,AB001,4,0.030303,0.043956,4,4,3
AB008,AB080,4,0.030303,0.047619,4,4,4
AB008,AB006,4,0.030303,0.040404,3,4,2
AB008,AB027,4,0.030303,0.043478,3,4,3
AB001,AB078,3,0.03,0.096774,3,3,1
AB001,AB056,3,0.03,0.076923,3,3,2
AB001,AB026,3,0.03,0.046154,3,3,2
AB028,AB079,3,0.029703,0.12,3,3,3
AB028,AB031,3,0.029703,0.035294,3,3,2
AB028,AB123,3,0.029703,0.428571,3,3,1
AB028,AB041,3,0.029703,0.039474,3,3,1
AB028,AB001,3,0.029703,0.032967,3,3,2
AB059,AB039,3,0.029126,0.083333,3,3,2
AB059,AB081,3,0.029126,0.022388,3,3,1
AB059,AB053,3,0.029126,0.041096,3,3,3
AB059,AB080,3,0.029126,0.035714,3,3,3
AB059,AB024,3,0.029126,0.069767,3,3,1
AB059,AB057,3,0.029126,0.0375,3,3,1
AB059,AB008,3,0.029126,0.034091,3,3,3
AB059,AB120,3,0.029126,0.057692,3,3,1
AB059,AB001,3,0.029126,0.032967,3,3,2
AB081,AB009,4,0.028571,0.083333,4,3,2
AB081,AB079,4,0.028571,0.16,4,4,2
AB008,AB058,3,0.022727,0.076923,3,3,2
AB008,AB031,3,0.022727,0.035294,3,3,3
AB008,AB081,3,0.022727,0.022388,3,3,3
AB081,AB060,3,0.021429,0.038961,3,3,3
AB081,AB006,3,0.021429,0.030303,3,3,3
AB081,AB069,3,0.021429,0.052632,3,3,3
AB081,AB026,3,0.021429,0.046154,3,3,2
AB081,AB059,3,0.021429,0.029703,3,3,1
AB081,AB037,3,0.021429,0.04,3,3,3
AB081,A704,3,0.021429,0.044118,3,1,1
