marked_form,base_form,edge,added_sign,marked_tokens,base_tokens
AB030 AB060,AB060,initial,AB030,1,7
AB030 AB060,AB030,final,AB060,1,1
AB031 AB059,AB059,initial,AB031,1,11
AB031 AB059,AB031,final,AB059,1,1
AB001 AB028,AB028,initial,AB001,2,7
AB001 AB028,AB001,final,AB028,2,2
AB028 AB016 AB118,AB016 AB118,initial,AB028,2,1
AB002 AB044,AB002,final,AB044,1,10
AB056 AB188,AB188,initial,AB056,1,1
AB056 AB188,AB056,final,AB188,1,2
AB008 AB053 AB058,AB008 AB053,final,AB058,1,3
AB080 AB007,AB007,initial,AB080,6,4
AB080 AB007,AB080,final,AB007,6,4
AB051 AB053,AB053,initial,AB051,1,2
AB051 AB053,AB051,final,AB053,1,4
AB008 AB073,AB073,initial,AB008,2,3
AB008 AB073,AB008,final,AB073,2,14
AB003 AB059,AB059,initial,AB003,1,11
AB003 AB059,AB003,final,AB059,1,4
AB028 A331,AB028,final,A331,1,7
AB057 AB060,AB060,initial,AB057,1,7
AB057 AB060,AB057,final,AB060,1,7
AB051 AB077,AB077,initial,AB051,1,8
AB051 AB077,AB051,final,AB077,1,4
AB041 AB051,AB051,initial,AB041,1,4
AB041 AB051,AB041,final,AB051,1,13
AB081 AB001,AB001,initial,AB081,1,2
AB081 AB001,AB081,final,AB001,1,10
AB010 AB049,AB010,final,AB049,2,5
AB060 AB004,AB004,initial,AB060,1,6
AB060 AB004,AB060,final,AB004,1,7
AB061 AB037,AB037,initial,AB061,1,4
AB061 AB037,AB061,final,AB037,1,2
AB060 AB053 AB045,AB060 AB053,final,AB045,1,1
AB008 AB001 AB002,AB008 AB001,final,AB002,1,1
AB051 AB057,AB057,initial,AB051,1,7
AB051 AB057,AB051,final,AB057,1,4
AB006 AB067,AB067,initial,AB006,1,7
AB006 AB067,AB006,final,AB067,1,7
AB081 AB060 AB131,AB081 AB060,final,AB131,1,1
AB027 AB037,AB037,initial,AB027,1,4
AB027 AB037,AB027,final,AB037,1,8
AB057 AB078,AB078,initial,AB057,1,6
AB057 AB078,AB057,final,AB078,1,7
AB031 AB060 AB007,AB031 AB060,final,AB007,1,1
AB080 AB041 AB051,AB041 AB051,initial,AB080,1,1
AB080 AB041 AB051,AB080 AB041,final,AB051,1,1
AB008 AB003 AB060 AB024,AB003 AB060 AB024,initial,AB008,2,2
AB007 AB041,AB041,initial,AB007,1,13
AB007 AB041,AB007,final,AB041,1,4
AB080 AB053,AB053,initial,AB080,1,2
AB080 AB053,AB080,final,AB053,1,4
AB057 AB041,AB041,initial,AB057,1,13
AB057 AB041,AB057,final,AB041,1,7
AB001 AB010 AB049,AB010 AB049,initial,AB001,1,2
AB008 AB045,AB045,initial,AB008,1,3
AB008 AB045,AB008,final,AB045,1,14
AB050 AB045,AB045,initial,AB050,1,3
AB050 AB045,AB050,final,AB045,1,2
AB080 AB026,AB026,initial,AB080,1,6
AB080 AB026,AB080,final,AB026,1,4
AB058 AB027,AB027,initial,AB058,1,8
AB058 AB027,AB058,final,AB027,1,2
AB060 AB080 AB041,AB080 AB041,initial,AB060,1,1
AB010 AB066,AB066,initial,AB010,1,2
AB010 AB066,AB010,final,AB066,1,5
AB070 AB026,AB026,initial,AB070,1,6
AB070 AB026,AB070,final,AB026,1,1
AB081 A321,AB081,final,A321,1,10
AB030 AB073,AB073,initial,AB030,1,3
AB030 AB073,AB030,final,AB073,1,1
AB073 AB069,AB069,initial,AB073,2,7
AB073 AB069,AB073,final,AB069,2,3
AB057 AB027,AB027,initial,AB057,1,8
AB057 AB027,AB057,final,AB027,1,7
AB051 AB027 AB017,AB027 AB017,initial,AB051,1,3
AB077 AB065,AB065,initial,AB077,1,2
AB077 AB065,AB077,final,AB065,1,8
AB002 AB041 AB060,AB041 AB060,initial,AB002,1,1
AB008 AB080 AB057,AB008 AB080,final,AB057,1,3
AB008 AB059,AB059,initial,AB008,1,11
AB008 AB059,AB008,final,AB059,1,14
AB026 AB031,AB031,initial,AB026,1,1
AB026 AB031,AB026,final,AB031,1,6
AB188 AB086,AB086,initial,AB188,1,5
AB188 AB086,AB188,final,AB086,1,1
AB081 AB073 AB006,AB073 AB006,initial,AB081,1,1
AB077 AB081 AB003,AB081 AB003,initial,AB077,3,5
AB077 AB081 AB003,AB077 AB081,final,AB003,3,1
AB069 AB003,AB003,initial,AB069,1,4
AB069 AB003,AB069,final,AB003,1,7
AB041 AB067 AB024,AB041 AB067,final,AB024,1,1
AB057 A345,AB057,final,A345,1,7
AB023 A312,AB023,final,A312,1,1
AB078 AB058 AB050,AB058 AB050,initial,AB078,1,1
AB051 AB027 AB017 AB009,AB051 AB027 AB017,final,AB009,3,1
AB010 AB037,AB037,initial,AB010,1,4
AB010 AB037,AB010,final,AB037,1,5
AB008 AB028,AB028,initial,AB008,1,7
AB008 AB028,AB008,final,AB028,1,14
AB003 AB057 AB027,AB057 AB027,initial,AB003,4,1
AB003 AB057 AB027,AB003 AB057,final,AB027,4,1
AB081 AB003 AB079,AB081 AB003,final,AB079,1,5
AB009 AB041,AB041,initial,AB009,1,13
AB009 AB041,AB009,final,AB041,1,4
AB008 AB003 AB067,AB008 AB003,final,AB067,1,2
AB055 AB027,AB027,initial,AB055,1,8
AB055 AB027,AB055,final,AB027,1,2
AB003 AB059 AB078,AB003 AB059,final,AB078,1,1
AB081 AB073 AB006 AB078,AB081 AB073 AB006,final,AB078,1,1
AB059 AB073,AB073,initial,AB059,1,3
AB059 AB073,AB059,final,AB073,1,11
AB081 AB039,AB039,initial,AB081,1,2
AB081 AB039,AB081,final,AB039,1,10
AB030 AB059,AB059,initial,AB030,1,11
AB030 AB059,AB030,final,AB059,1,1
AB077 AB024,AB024,initial,AB077,1,5
AB077 AB024,AB077,final,AB024,1,8
AB057 AB081,AB081,initial,AB057,1,10
AB057 AB081,AB057,final,AB081,1,7
AB026 AB007,AB007,initial,AB026,1,4
AB026 AB007,AB026,final,AB007,1,6
AB081 AB080 AB065,AB080 AB065,initial,AB081,1,1
AB013 AB017,AB017,initial,AB013,2,3
AB013 AB017,AB013,final,AB017,2,2
AB004 AB069,AB069,initial,AB004,3,7
AB004 AB069,AB004,final,AB069,3,6
AB057 AB058,AB058,initial,AB057,1,2
AB057 AB058,AB057,final,AB058,1,7
AB038 AB077,AB077,initial,AB038,1,8
AB081 AB003,AB003,initial,AB081,5,4
AB081 AB003,AB081,final,AB003,5,10
AB073 AB001 AB038,AB073 AB001,final,AB038,1,1
AB118 AB073,AB073,initial,AB118,1,3
AB041 AB050,AB050,initial,AB041,1,2
AB041 AB050,AB041,final,AB050,1,13
AB055 AB009,AB009,initial,AB055,1,4
AB055 AB009,AB055,final,AB009,1,2
AB069 AB080,AB080,initial,AB069,1,4
AB069 AB080,AB069,final,AB080,1,7
AB081 AB002,AB002,initial,AB081,34,10
AB081 AB002,AB081,final,AB002,34,10
A312 AB059,AB059,initial,A312,1,11
AB073 AB067 AB031 AB024,AB067 AB031 AB024,initial,AB073,1,1
AB056 AB030,AB030,initial,AB056,2,1
AB056 AB030,AB056,final,AB030,2,2
AB003 AB009 AB057,AB003 AB009,final,AB057,3,2
AB027 AB002,AB002,initial,AB027,1,10
AB027 AB002,AB027,final,AB002,1,8
AB008 AB041 AB118,AB008 AB041,final,AB118,1,1
AB037 AB031,AB031,initial,AB037,1,1
AB037 AB031,AB037,final,AB031,1,4
AB078 AB050,AB050,initial,AB078,2,2
AB078 AB050,AB078,final,AB050,2,6
AB051 AB060,AB060,initial,AB051,1,7
AB051 AB060,AB051,final,AB060,1,4
AB027 AB017,AB017,initial,AB027,3,3
AB027 AB017,AB027,final,AB017,3,8
AB059 AB059,AB059,initial,AB059,1,11
AB059 AB059,AB059,final,AB059,1,11
AB053 AB026 AB080 AB037,AB053 AB026 AB080,final,AB037,1,1
AB050 AB131,AB131,initial,AB050,2,1
AB050 AB131,AB050,final,AB131,2,2
AB077 AB031 AB026,AB031 AB026,initial,AB077,1,6
AB077 AB031 AB026,AB077 AB031,final,AB026,1,1
AB028 AB081 AB039,AB081 AB039,initial,AB028,1,1
AB040 AB057,AB057,initial,AB040,1,7
AB040 AB057,AB040,final,AB057,1,2
AB040 AB007 AB006,AB007 AB006,initial,AB040,1,2
AB073 AB059,AB059,initial,AB073,1,11
AB073 AB059,AB073,final,AB059,1,3
AB059 AB010,AB010,initial,AB059,1,5
AB059 AB010,AB059,final,AB010,1,11
AB077 AB031,AB031,initial,AB077,1,1
AB077 AB031,AB077,final,AB031,1,8
AB031 AB072,AB031,final,AB072,1,1
AB041 AB028 AB041,AB028 AB041,initial,AB041,1,1
AB026 AB039,AB039,initial,AB026,1,2
AB026 AB039,AB026,final,AB039,1,6
AB008 AB067 AB002,AB067 AB002,initial,AB008,1,16
AB031 AB080 AB002,AB031 AB080,final,AB002,1,4
AB039 AB061,AB061,initial,AB039,1,2
AB039 AB061,AB039,final,AB061,1,2
AB004 AB123,AB004,final,AB123,1,6
AB008 AB031 AB076,AB031 AB076,initial,AB008,1,17
AB008 AB060 AB006 AB027,AB060 AB006 AB027,initial,AB008,1,1
AB065 AB060,AB060,initial,AB065,1,7
AB065 AB060,AB065,final,AB060,1,2
AB026 AB076,AB076,initial,AB026,1,1
AB026 AB076,AB026,final,AB076,1,6
A358 AB030,AB030,initial,A358,1,1
AB034 AB037 AB053,AB037 AB053,initial,AB034,1,1
AB008 AB059 AB006,AB008 AB059,final,AB006,1,1
AB031 AB002 AB078,AB031 AB002,final,AB078,1,4
AB079 AB058,AB058,initial,AB079,1,2
AB079 AB058,AB079,final,AB058,1,3
AB056 AB001 AB081 AB009 AB024,AB001 AB081 AB009 AB024,initial,AB056,1,1
AB028 A308,A308,initial,AB028,1,1
AB028 A308,AB028,final,A308,1,7
AB002 AB038,AB002,final,AB038,1,10
AB031 AB060 AB060,AB031 AB060,final,AB060,1,1
AB026 AB006,AB006,initial,AB026,1,7
AB026 AB006,AB026,final,AB006,1,6
AB031 AB024,AB024,initial,AB031,1,5
AB031 AB024,AB031,final,AB024,1,1
AB081 AB060 AB023,AB081 AB060,final,AB023,1,1
AB080 AB041,AB041,initial,AB080,1,13
AB080 AB041,AB080,final,AB041,1,4
AB041 AB001 AB027,AB001 AB027,initial,AB041,2,6
AB057 AB041 AB038,AB057 AB041,final,AB038,1,1
AB041 AB026,AB026,initial,AB041,1,6
AB041 AB026,AB041,final,AB026,1,13
AB057 AB040,AB040,initial,AB057,1,2
AB057 AB040,AB057,final,AB040,1,7
AB077 AB037,AB037,initial,AB077,1,4
AB077 AB037,AB077,final,AB037,1,8
AB045 AB073,AB073,initial,AB045,1,3
AB045 AB073,AB045,final,AB073,1,3
AB008 A301,A301,initial,AB008,1,2
AB008 A301,AB008,final,A301,1,14
AB031 AB076,AB076,initial,AB031,17,1
AB031 AB076,AB031,final,AB076,17,1
AB057 AB031 AB023,AB057 AB031,final,AB023,1,1
AB080 AB027,AB027,initial,AB080,1,8
AB080 AB027,AB080,final,AB027,1,4
AB008 AB065,AB065,initial,AB008,2,2
AB008 AB065,AB008,final,AB065,2,14
AB001 AB017,AB017,initial,AB001,1,3
AB001 AB017,AB001,final,AB017,1,2
A305 AB026,AB026,initial,A305,1,6
AB028 AB026 AB057,AB026 AB057,initial,AB028,1,1
AB077 AB007,AB007,initial,AB077,2,4
AB077 AB007,AB077,final,AB007,2,8
AB031 AB073 AB001 AB038,AB073 AB001 AB038,initial,AB031,1,1
AB008 AB051,AB051,initial,AB008,9,4
AB008 AB051,AB008,final,AB051,9,14
AB031 AB002,AB002,initial,AB031,4,10
AB031 AB002,AB031,final,AB002,4,1
AB009 A305,AB009,final,A305,1,4
AB001 AB067,AB067,initial,AB001,1,7
AB001 AB067,AB001,final,AB067,1,2
AB081 AB027,AB027,initial,AB081,2,8
AB081 AB027,AB081,final,AB027,2,10
AB081 AB030,AB030,initial,AB081,2,1
AB081 AB030,AB081,final,AB030,2,10
AB007 AB003 AB057,AB003 AB057,initial,AB007,1,1
AB057 AB067 AB056,AB057 AB067,final,AB056,1,1
AB100 A329,AB100,final,A329,1,1
AB007 AB006 AB010,AB007 AB006,final,AB010,5,2
AB026 AB080,AB080,initial,AB026,1,4
AB026 AB080,AB026,final,AB080,1,6
AB070 AB057,AB057,initial,AB070,1,7
AB070 AB057,AB070,final,AB057,1,1
AB041 AB100,AB100,initial,AB041,1,1
AB041 AB100,AB041,final,AB100,1,13
AB069 AB058,AB058,initial,AB069,1,2
AB069 AB058,AB069,final,AB058,1,7
AB081 AB077,AB077,initial,AB081,1,8
AB081 AB077,AB081,final,AB077,1,10
AB004 AB004,AB004,initial,AB004,1,6
AB004 AB004,AB004,final,AB004,1,6
AB028 AB051 AB037,AB051 AB037,initial,AB028,1,1
AB067 AB001,AB001,initial,AB067,1,2
AB067 AB001,AB067,final,AB001,1,7
AB003 AB017,AB017,initial,AB003,1,3
AB003 AB017,AB003,final,AB017,1,4
AB067 AB037,AB037,initial,AB067,1,4
AB067 AB037,AB067,final,AB037,1,7
AB077 AB026,AB026,initial,AB077,2,6
AB077 AB026,AB077,final,AB026,2,8
AB067 AB001 AB059,AB067 AB001,final,AB059,1,1
A306 AB069 AB057,A306 AB069,final,AB057,1,4
AB007 AB006 AB002,AB007 AB006,final,AB002,1,2
AB053 A305,AB053,final,A305,1,2
AB008 AB077 AB026,AB077 AB026,initial,AB008,3,2
AB041 AB006,AB006,initial,AB041,1,7
AB041 AB006,AB041,final,AB006,1,13
AB081 AB009,AB009,initial,AB081,1,4
AB081 AB009,AB081,final,AB009,1,10
AB031 AB080 AB037,AB031 AB080,final,AB037,1,4
AB031 AB050,AB050,initial,AB031,1,2
AB031 AB050,AB031,final,AB050,1,1
AB081 AB003 AB053,AB081 AB003,final,AB053,1,5
AB057 AB021,AB057,final,AB021,2,7
AB058 AB051,AB051,initial,AB058,1,4
AB058 AB051,AB058,final,AB051,1,2
AB057 A304,AB057,final,A304,1,7
AB059 AB037,AB037,initial,AB059,2,4
AB059 AB037,AB059,final,AB037,2,11
AB039 AB031,AB031,initial,AB039,2,1
AB039 AB031,AB039,final,AB031,2,2
AB051 AB060 AB027,AB051 AB060,final,AB027,1,1
AB077 AB055 AB037,AB055 AB037,initial,AB077,1,2
AB050 AB076,AB076,initial,AB050,2,1
AB050 AB076,AB050,final,AB076,2,2
AB008 AB026 AB060,AB008 AB026,final,AB060,1,1
AB081 AB003 AB057,AB003 AB057,initial,AB081,1,1
AB081 AB003 AB057,AB081 AB003,final,AB057,1,5
AB007 AB045,AB045,initial,AB007,1,3
AB007 AB045,AB007,final,AB045,1,4
AB001 AB056,AB056,initial,AB001,1,2
AB001 AB056,AB001,final,AB056,1,2
AB077 AB003 AB078,AB077 AB003,final,AB078,1,5
AB008 AB006,AB006,initial,AB008,2,7
AB008 AB006,AB008,final,AB006,2,14
AB076 AB051,AB051,initial,AB076,1,4
AB076 AB051,AB076,final,AB051,1,1
AB073 AB001,AB001,initial,AB073,1,2
AB073 AB001,AB073,final,AB001,1,3
AB054 AB057 AB039,AB057 AB039,initial,AB054,1,1
AB039 AB055,AB055,initial,AB039,1,2
AB039 AB055,AB039,final,AB055,1,2
AB017 A321,AB017,final,A321,1,3
AB029 AB076,AB076,initial,AB029,1,1
AB026 AB080 AB059 AB009,AB026 AB080 AB059,final,AB009,1,2
AB007 AB045 AB026,AB007 AB045,final,AB026,2,1
AB038 AB073,AB073,initial,AB038,1,3
AB073 AB037,AB037,initial,AB073,1,4
AB073 AB037,AB073,final,AB037,1,3
A306 AB069,AB069,initial,A306,4,7
A306 AB069,A306,final,AB069,4,1
AB041 AB067,AB067,initial,AB041,1,7
AB041 AB067,AB041,final,AB067,1,13
AB077 AB076,AB076,initial,AB077,1,1
AB077 AB076,AB077,final,AB076,1,8
AB077 AB003,AB003,initial,AB077,5,4
AB077 AB003,AB077,final,AB003,5,8
AB028 AB001,AB001,initial,AB028,2,2
AB028 AB001,AB028,final,AB001,2,7
AB006 AB073,AB073,initial,AB006,1,3
AB006 AB073,AB006,final,AB073,1,7
AB001 AB081 AB009 AB024 AB037,AB001 AB081 AB009 AB024,final,AB037,1,1
AB050 AB070,AB070,initial,AB050,1,1
AB050 AB070,AB050,final,AB070,1,2
AB008 AB081 AB073 AB006,AB081 AB073 AB006,initial,AB008,1,1
AB008 AB059 AB027,AB008 AB059,final,AB027,1,1
AB077 AB028 AB077,AB028 AB077,initial,AB077,1,2
AB028 AB037,AB037,initial,AB028,2,4
AB028 AB037,AB028,final,AB037,2,7
AB008 AB051 AB017,AB008 AB051,final,AB017,2,9
AB077 AB006,AB006,initial,AB077,2,7
AB077 AB006,AB077,final,AB006,2,8
AB003 AB001,AB001,initial,AB003,1,2
AB003 AB001,AB003,final,AB001,1,4
AB026 AB030,AB030,initial,AB026,1,1
AB026 AB030,AB026,final,AB030,1,6
AB031 AB011,AB031,final,AB011,1,1
AB081 AB027 AB065,AB081 AB027,final,AB065,2,2
A322 AB053,AB053,initial,A322,1,2
AB006 AB001 AB027,AB001 AB027,initial,AB006,1,6
AB041 AB060,AB060,initial,AB041,1,7
AB041 AB060,AB041,final,AB060,1,13
AB026 AB057,AB057,initial,AB026,1,7
AB026 AB057,AB026,final,AB057,1,6
AB021 AB069,AB069,initial,AB021,1,7
AB008 AB059 AB006 AB004,AB059 AB006 AB004,initial,AB008,1,1
AB008 AB059 AB006 AB004,AB008 AB059 AB006,final,AB004,1,1
AB040 AB057 AB058,AB057 AB058,initial,AB040,1,1
AB040 AB057 AB058,AB040 AB057,final,AB058,1,1
AB060 AB053,AB053,initial,AB060,1,2
AB060 AB053,AB060,final,AB053,1,7
AB077 AB067,AB067,initial,AB077,2,7
AB077 AB067,AB077,final,AB067,2,8
A320 AB006,AB006,initial,A320,1,7
A320 AB006,A320,final,AB006,1,1
AB031 AB053,AB053,initial,AB031,1,2
AB031 AB053,AB031,final,AB053,1,1
AB003 AB027,AB027,initial,AB003,1,8
AB003 AB027,AB003,final,AB027,1,4
AB031 AB026,AB026,initial,AB031,6,6
AB031 AB026,AB031,final,AB026,6,1
AB041 AB067 AB060,AB067 AB060,initial,AB041,1,2
AB041 AB067 AB060,AB041 AB067,final,AB060,1,1
AB059 AB039,AB039,initial,AB059,1,2
AB059 AB039,AB059,final,AB039,1,11
AB037 AB030 AB059,AB030 AB059,initial,AB037,1,1
AB037 AB030 AB059,AB037 AB030,final,AB059,1,1
AB077 AB080,AB080,initial,AB077,1,4
AB077 AB080,AB077,final,AB080,1,8
AB046 AB007,AB007,initial,AB046,4,4
AB046 AB007,AB046,final,AB007,4,2
AB010 AB058,AB058,initial,AB010,1,2
AB010 AB058,AB010,final,AB058,1,5
AB067 AB002,AB002,initial,AB067,16,10
AB067 AB002,AB067,final,AB002,16,7
AB069 AB003 AB053,AB069 AB003,final,AB053,1,1
AB039 AB059 AB060,AB059 AB060,initial,AB039,1,1
AB007 AB067 AB009,AB007 AB067,final,AB009,2,1
AB045 AB055,AB055,initial,AB045,1,2
AB045 AB055,AB045,final,AB055,1,3
AB028 AB081 AB059,AB081 AB059,initial,AB028,1,1
AB079 AB051,AB051,initial,AB079,2,4
AB079 AB051,AB079,final,AB051,2,3
AB008 AB001,AB001,initial,AB008,1,2
AB008 AB001,AB008,final,AB001,1,14
AB081 A305,AB081,final,A305,1,10
AB059 AB044,AB059,final,AB044,1,11
AB057 AB081 AB037,AB057 AB081,final,AB037,1,1
AB056 AB030 AB040,AB056 AB030,final,AB040,1,2
AB058 AB067,AB067,initial,AB058,1,7
AB058 AB067,AB058,final,AB067,1,2
AB059 AB003,AB003,initial,AB059,1,4
AB059 AB003,AB059,final,AB003,1,11
AB069 AB058 AB029,AB058 AB029,initial,AB069,1,1
AB069 AB058 AB029,AB069 AB058,final,AB029,1,1
AB008 AB056,AB056,initial,AB008,1,2
AB008 AB056,AB008,final,AB056,1,14
AB051 AB037,AB037,initial,AB051,1,4
AB051 AB037,AB051,final,AB037,1,4
AB058 AB050,AB050,initial,AB058,1,2
AB058 AB050,AB058,final,AB050,1,2
AB057 AB067,AB067,initial,AB057,1,7
AB057 AB067,AB057,final,AB067,1,7
AB003 AB057,AB057,initial,AB003,1,7
AB003 AB057,AB003,final,AB057,1,4
AB004 A301,A301,initial,AB004,2,2
AB004 A301,AB004,final,A301,2,6
AB003 AB009,AB009,initial,AB003,2,4
AB003 AB009,AB003,final,AB009,2,4
AB081 AB060,AB060,initial,AB081,1,7
AB081 AB060,AB081,final,AB060,1,10
AB003 AB059 AB024,AB003 AB059,final,AB024,2,1
AB073 AB076,AB076,initial,AB073,1,1
AB073 AB076,AB073,final,AB076,1,3
AB057 AB027 AB073,AB057 AB027,final,AB073,1,1
AB081 AB030 AB058,AB081 AB030,final,AB058,4,2
AB078 AB069 AB024,AB078 AB069,final,AB024,1,1
AB024 AB073 AB006,AB073 AB006,initial,AB024,1,1
AB041 AB077,AB077,initial,AB041,5,8
AB041 AB077,AB041,final,AB077,5,13
AB057 AB031,AB031,initial,AB057,1,1
AB057 AB031,AB057,final,AB031,1,7
AB067 AB027 AB017,AB027 AB017,initial,AB067,1,3
AB037 AB030,AB030,initial,AB037,1,1
AB037 AB030,AB037,final,AB030,1,4
AB045 AB007,AB007,initial,AB045,1,4
AB045 AB007,AB045,final,AB007,1,3
AB073 AB006,AB006,initial,AB073,1,7
AB073 AB006,AB073,final,AB006,1,3
A312 AB066,AB066,initial,A312,1,2
AB037 AB053,AB053,initial,AB037,1,2
AB037 AB053,AB037,final,AB053,1,4
AB058 AB029 AB188,AB058 AB029,final,AB188,1,1
AB028 AB076,AB076,initial,AB028,8,1
AB028 AB076,AB028,final,AB076,8,7
AB004 AB079,AB079,initial,AB004,1,3
AB004 AB079,AB004,final,AB079,1,6
AB051 AB065,AB065,initial,AB051,1,2
AB051 AB065,AB051,final,AB065,1,4
AB054 AB061 AB073,AB061 AB073,initial,AB054,1,1
A301 AB006,AB006,initial,A301,1,7
A301 AB006,A301,final,AB006,1,2
AB008 AB051 AB027,AB008 AB051,final,AB027,1,9
AB041 A516,AB041,final,A516,1,13
AB078 AB077,AB077,initial,AB078,1,8
AB078 AB077,AB078,final,AB077,1,6
AB058 AB029,AB058,final,AB029,1,2
A327 AB065,AB065,initial,A327,1,2
AB008 AB053,AB053,initial,AB008,3,2
AB008 AB053,AB008,final,AB053,3,14
AB003 AB060 AB024,AB003 AB060,final,AB024,2,2
AB008 AB026,AB026,initial,AB008,1,6
AB008 AB026,AB008,final,AB026,1,14
AB008 AB053 AB003,AB008 AB053,final,AB003,1,3
AB081 AB030 AB004,AB081 AB030,final,AB004,1,2
AB016 AB024,AB024,initial,AB016,1,5
AB041 AB073 AB059,AB073 AB059,initial,AB041,1,1
AB067 AB055,AB055,initial,AB067,1,2
AB067 AB055,AB067,final,AB055,1,7
AB057 AB037,AB037,initial,AB057,1,4
AB057 AB037,AB057,final,AB037,1,7
AB008 AB057,AB057,initial,AB008,2,7
AB008 AB057,AB008,final,AB057,2,14
AB028 AB059 AB057,AB059 AB057,initial,AB028,1,1
AB008 AB009,AB009,initial,AB008,3,4
AB008 AB009,AB008,final,AB009,3,14
AB039 AB059 AB057,AB059 AB057,initial,AB039,1,1
AB067 AB060,AB060,initial,AB067,2,7
AB067 AB060,AB067,final,AB060,2,7
AB080 A321,AB080,final,A321,1,4
AB007 AB007,AB007,initial,AB007,1,4
AB007 AB007,AB007,final,AB007,1,4
AB055 AB040,AB040,initial,AB055,1,2
AB055 AB040,AB055,final,AB040,1,2
AB061 AB073,AB073,initial,AB061,1,3
AB061 AB073,AB061,final,AB073,1,2
AB080 AB065,AB065,initial,AB080,1,2
AB080 AB065,AB080,final,AB065,1,4
A312 AB004 AB004,AB004 AB004,initial,A312,1,1
AB057 AB007,AB007,initial,AB057,1,4
AB057 AB007,AB057,final,AB007,1,7
AB057 AB054,AB057,final,AB054,1,7
AB026 AB080 AB059,AB026 AB080,final,AB059,2,1
AB004 AB044,AB004,final,AB044,1,6
AB002 AB008,AB008,initial,AB002,1,14
AB002 AB008,AB002,final,AB008,1,10
AB059 AB060,AB060,initial,AB059,1,7
AB059 AB060,AB059,final,AB060,1,11
AB008 AB039,AB039,initial,AB008,1,2
AB008 AB039,AB008,final,AB039,1,14
AB080 AB079,AB079,initial,AB080,1,3
AB080 AB079,AB080,final,AB079,1,4
AB031 AB080,AB080,initial,AB031,4,4
AB031 AB080,AB031,final,AB080,4,1
AB073 AB001 AB030,AB073 AB001,final,AB030,1,1
AB028 AB080,AB080,initial,AB028,1,4
AB028 AB080,AB028,final,AB080,1,7
AB001 AB060,AB060,initial,AB001,1,7
AB001 AB060,AB001,final,AB060,1,2
AB039 AB023,AB023,initial,AB039,1,1
AB039 AB023,AB039,final,AB023,1,2
AB021 AB069 AB024,AB021 AB069,final,AB024,3,1
AB041 AB004,AB004,initial,AB041,2,6
AB041 AB004,AB041,final,AB004,2,13
AB067 A310,AB067,final,A310,1,7
AB055 AB037,AB037,initial,AB055,2,4
AB055 AB037,AB055,final,AB037,2,2
AB008 AB003,AB003,initial,AB008,2,4
AB008 AB003,AB008,final,AB003,2,14
AB080 AB053 AB028,AB080 AB053,final,AB028,1,1
AB008 AB060 AB069,AB008 AB060,final,AB069,1,2
A318 A306,A306,initial,A318,1,1
AB016 AB067,AB067,initial,AB016,1,7
AB016 AB118 AB031,AB016 AB118,final,AB031,1,1
AB077 AB081,AB081,initial,AB077,1,10
AB077 AB081,AB077,final,AB081,1,8
AB040 AB031,AB031,initial,AB040,1,1
AB040 AB031,AB040,final,AB031,1,2
A352 A306,A306,initial,A352,1,1
AB031 AB060,AB060,initial,AB031,1,7
AB031 AB060,AB031,final,AB060,1,1
AB027 AB058,AB058,initial,AB027,1,2
AB027 AB058,AB027,final,AB058,1,8
AB081 AB059,AB059,initial,AB081,1,11
AB081 AB059,AB081,final,AB059,1,10
AB067 AB031 AB024,AB031 AB024,initial,AB067,1,1
AB004 AB067,AB067,initial,AB004,2,7
AB004 AB067,AB004,final,AB067,2,6
AB003 AB059 AB001,AB003 AB059,final,AB001,2,1
AB067 AB001 AB002,AB067 AB001,final,AB002,2,1
AB023 AB026,AB026,initial,AB023,2,6
AB023 AB026,AB023,final,AB026,2,1
AB077 AB027 AB002,AB027 AB002,initial,AB077,1,1
AB030 AB039,AB039,initial,AB030,1,2
AB030 AB039,AB030,final,AB039,1,1
AB039 A314,A314,initial,AB039,1,1
AB039 A314,AB039,final,A314,1,2
AB003 AB060,AB060,initial,AB003,2,7
AB003 AB060,AB003,final,AB060,2,4
AB056 AB030 AB006,AB056 AB030,final,AB006,3,2
AB001 AB027,AB027,initial,AB001,6,8
AB001 AB027,AB001,final,AB027,6,2
AB057 AB039,AB039,initial,AB057,1,2
AB057 AB039,AB057,final,AB039,1,7
AB001 AB059 AB060,AB059 AB060,initial,AB001,1,1
AB051 AB067,AB067,initial,AB051,1,7
AB051 AB067,AB051,final,AB067,1,4
AB041 AB069,AB069,initial,AB041,2,7
AB041 AB069,AB041,final,AB069,2,13
AB073 AB027,AB027,initial,AB073,1,8
AB073 AB027,AB073,final,AB027,1,3
AB058 AB003,AB003,initial,AB058,1,4
AB058 AB003,AB058,final,AB003,1,2
AB026 AB073,AB073,initial,AB026,1,3
AB026 AB073,AB026,final,AB073,1,6
AB001 AB077,AB077,initial,AB001,5,8
AB001 AB077,AB001,final,AB077,5,2
AB188 AB051,AB051,initial,AB188,2,4
AB188 AB051,AB188,final,AB051,2,1
AB028 AB041,AB041,initial,AB028,1,13
AB028 AB041,AB028,final,AB041,1,7
AB059 AB057,AB057,initial,AB059,1,7
AB059 AB057,AB059,final,AB057,1,11
AB008 AB080,AB080,initial,AB008,3,4
AB008 AB080,AB008,final,AB080,3,14
AB118 AB077,AB077,initial,AB118,1,8
AB057 AB003,AB003,initial,AB057,1,4
AB057 AB003,AB057,final,AB003,1,7
AB010 AB065,AB065,initial,AB010,1,2
AB010 AB065,AB010,final,AB065,1,5
AB007 AB006,AB006,initial,AB007,2,7
AB007 AB006,AB007,final,AB006,2,4
AB080 AB017,AB017,initial,AB080,1,3
AB080 AB017,AB080,final,AB017,1,4
AB028 AB047,AB028,final,AB047,1,7
AB073 AB077,AB077,initial,AB073,1,8
AB073 AB077,AB073,final,AB077,1,3
AB016 AB056,AB056,initial,AB016,1,2
AB078 AB069,AB069,initial,AB078,1,7
AB078 AB069,AB078,final,AB069,1,6
AB078 AB081 AB027,AB081 AB027,initial,AB078,1,2
AB077 AB046,AB046,initial,AB077,1,2
AB077 AB046,AB077,final,AB046,1,8
AB001 AB013,AB013,initial,AB001,3,2
AB001 AB013,AB001,final,AB013,3,2
AB003 AB047,AB003,final,AB047,1,4
AB008 AB059 A350,AB008 AB059,final,A350,1,1
AB081 AB026 AB080,AB026 AB080,initial,AB081,1,1
AB003 AB001 AB030,AB003 AB001,final,AB030,1,1
AB100 AB028,AB028,initial,AB100,2,7
AB100 AB028,AB100,final,AB028,2,1
AB028 AB077,AB077,initial,AB028,2,8
AB028 AB077,AB028,final,AB077,2,7
AB001 AB027 AB081,AB001 AB027,final,AB081,1,6
AB077 AB016,AB077,final,AB016,1,8
AB008 AB060,AB060,initial,AB008,2,7
AB008 AB060,AB008,final,AB060,2,14
AB041 AB004 AB069,AB004 AB069,initial,AB041,1,3
AB041 AB004 AB069,AB041 AB004,final,AB069,1,2
AB005 AB013,AB013,initial,AB005,1,2
AB005 AB013,AB005,final,AB013,1,1
AB008 AB073 AB059,AB073 AB059,initial,AB008,1,1
AB008 AB073 AB059,AB008 AB073,final,AB059,1,2
AB003 AB001 AB026,AB003 AB001,final,AB026,1,1
AB004 AB055 AB027,AB055 AB027,initial,AB004,1,1
AB003 AB073,AB073,initial,AB003,1,3
AB003 AB073,AB003,final,AB073,1,4
AB040 AB051,AB051,initial,AB040,1,4
AB040 AB051,AB040,final,AB051,1,2
AB028 AB057,AB057,initial,AB028,1,7
AB028 AB057,AB028,final,AB057,1,7
AB039 AB009,AB009,initial,AB039,1,4
AB039 AB009,AB039,final,AB009,1,2
AB028 AB009,AB009,initial,AB028,2,4
AB028 AB009,AB028,final,AB009,2,7
AB077 A305,AB077,final,A305,1,8
AB008 AB060 AB065,AB008 AB060,final,AB065,1,2
AB007 AB067,AB067,initial,AB007,1,7
AB007 AB067,AB007,final,AB067,1,4
AB027 AB069,AB069,initial,AB027,1,7
AB027 AB069,AB027,final,AB069,1,8
AB053 AB057,AB057,initial,AB053,1,7
AB053 AB057,AB053,final,AB057,1,2
AB051 AB053 AB004,AB051 AB053,final,AB004,1,1
AB008 AB041 AB067 AB060,AB041 AB067 AB060,initial,AB008,1,1
AB006 AB008 AB056,AB008 AB056,initial,AB006,1,1
AB008 AB053 AB057,AB053 AB057,initial,AB008,1,1
AB008 AB053 AB057,AB008 AB053,final,AB057,1,3
AB028 AB067 AB060,AB067 AB060,initial,AB028,1,2
AB028 AB045,AB045,initial,AB028,1,3
AB028 AB045,AB028,final,AB045,1,7
AB008 AB041,AB041,initial,AB008,1,13
AB008 AB041,AB008,final,AB041,1,14
AB053 AB026 AB080,AB026 AB080,initial,AB053,1,1
AB067 A310 AB027,AB067 A310,final,AB027,1,1
AB004 AB053,AB053,initial,AB004,2,2
AB004 AB053,AB004,final,AB053,2,6
AB078 AB037,AB037,initial,AB078,1,4
AB078 AB037,AB078,final,AB037,1,6
AB003 AB045,AB045,initial,AB003,3,3
AB003 AB045,AB003,final,AB045,3,4
