document,group_like_index,size,duplicate_positions,missing_positions,nonzero_start,shape
HT 24b,0,9,0;1,,False,direct
HT 44b,1,1,,0;1,True,direct
HT 45a,1,1,,0;1,True,direct
HT 46b,0,1,,0,True,direct
HT 92,1,1,,0;1,True,direct
HT Wa 1020β,0,1,,0,True,direct
HT Wa 1021β,0,2,1,0,True,direct
HT Wa 1021γ,1,2,0,,False,direct
HT Wa 1024,0,1,,0,True,direct
HT Wa 1025α,0,1,,0,True,direct
HT Wc 3001-latus,0,1,,0,True,direct
HT Wc 3016b,0,2,0,,False,direct
HT Wc 3019-latus,0,1,,0,True,direct
KH 15,0,3,0,,False,direct
KH 25,0,2,0,,False,direct
KH 31,0,2,0,,False,direct
KH 34,0,2,0,,False,direct
KH 43,0,2,0,,False,direct
KH 54,0,2,0,,False,direct
KH 55,0,2,0,,False,direct
KH 75,0,6,0;1,,False,direct
KH 82,0,4,0,,False,direct
KH 96,0,3,1,0,True,direct
KH Wa 1019,0,1,,0,True,direct
MA 10d,0,2,0,,False,direct
MA 4a,0,5,0,,False,direct
MA 6a,0,2,0,,False,direct
MA 6c,0,3,0,,False,direct
PH 8a,0,4,0,,False,direct
PH 8b,0,2,0,,False,direct
PH 9b,0,2,0,,False,direct
ZA 12a,0,3,0,,False,direct
ZA 12b,0,4,0,,False,direct
`KE Wc 2a,0,1,,0,True,direct
`KE Wc 2b,0,2,1,0,True,direct
