n,motif_a,motif_b,differing_slot_0based,count_a,count_b,docs_a,docs_b
3,AB008 AB060 AB008,AB008 AB060 AB065,2,2,2,2,2
3,AB081 AB056 AB055,AB081 AB056 AB006,2,8,2,7,2
3,AB081 AB002 AB031,AB081 AB002 AB008,2,3,2,3,2
3,AB081 AB002 AB031,AB081 AB002 AB067,2,3,2,3,2
3,AB081 AB002 AB031,AB081 AB002 AB081,2,3,2,3,2
3,AB081 AB002 AB031,AB081 AB002 A707,2,3,4,3,4
3,AB081 AB002 AB031,AB081 AB002 A303,2,3,2,3,2
3,AB081 AB002 AB008,AB081 AB002 AB067,2,2,2,2,2
3,AB081 AB002 AB008,AB081 AB002 AB081,2,2,2,2,2
3,AB081 AB002 AB008,AB081 AB002 A707,2,2,4,2,4
3,AB081 AB002 AB008,AB081 AB002 A303,2,2,2,2,2
3,AB081 AB002 AB067,AB081 AB002 AB081,2,2,2,2,2
3,AB081 AB002 AB067,AB081 AB002 A707,2,2,4,2,4
3,AB081 AB002 AB067,AB081 AB002 A303,2,2,2,2,2
3,AB081 AB002 AB081,AB081 AB002 A707,2,2,4,2,4
3,AB081 AB002 AB081,AB081 AB002 A303,2,2,2,2,2
3,AB081 AB002 A707,AB081 AB002 A303,2,4,2,4,2
3,AB002 AB031 AB076,AB041 AB031 AB076,0,2,3,2,3
3,AB031 AB076 A303,AB031 AB076 AB120,2,5,7,5,7
3,AB076 AB120 AB302,AB076 AB120 A608,2,3,2,3,2
3,AB076 AB120 AB302,AB076 AB120 AB030,2,3,2,3,2
3,AB076 AB120 A608,AB076 AB120 AB030,2,2,2,2,2
3,AB077 AB081 AB002,AB059 AB081 AB002,0,2,2,2,2
3,AB077 AB081 AB002,AB027 AB081 AB002,0,2,5,2,5
3,AB077 AB081 AB002,AB001 AB081 AB002,0,2,2,2,2
3,AB077 AB081 AB002,AB005 AB081 AB002,0,2,2,2,2
3,AB077 AB081 AB002,A704 AB081 AB002,0,2,2,2,2
3,AB077 AB081 AB002,AB100 AB081 AB002,0,2,2,2,2
3,AB077 AB081 AB002,AB026 AB081 AB002,0,2,2,2,2
3,AB059 AB081 AB002,AB027 AB081 AB002,0,2,5,2,5
3,AB059 AB081 AB002,AB001 AB081 AB002,0,2,2,2,2
3,AB059 AB081 AB002,AB005 AB081 AB002,0,2,2,2,2
3,AB059 AB081 AB002,A704 AB081 AB002,0,2,2,2,2
3,AB059 AB081 AB002,AB100 AB081 AB002,0,2,2,2,2
3,AB059 AB081 AB002,AB026 AB081 AB002,0,2,2,2,2
3,AB027 AB081 AB002,AB001 AB081 AB002,0,5,2,5,2
3,AB027 AB081 AB002,AB005 AB081 AB002,0,5,2,5,2
3,AB027 AB081 AB002,A704 AB081 AB002,0,5,2,5,2
3,AB027 AB081 AB002,AB100 AB081 AB002,0,5,2,5,2
3,AB027 AB081 AB002,AB026 AB081 AB002,0,5,2,5,2
3,AB001 AB081 AB002,AB005 AB081 AB002,0,2,2,2,2
3,AB001 AB081 AB002,A704 AB081 AB002,0,2,2,2,2
3,AB001 AB081 AB002,AB100 AB081 AB002,0,2,2,2,2
3,AB001 AB081 AB002,AB026 AB081 AB002,0,2,2,2,2
3,AB005 AB081 AB002,A704 AB081 AB002,0,2,2,2,2
3,AB005 AB081 AB002,AB100 AB081 AB002,0,2,2,2,2
3,AB005 AB081 AB002,AB026 AB081 AB002,0,2,2,2,2
3,A704 AB081 AB002,AB100 AB081 AB002,0,2,2,2,2
3,A704 AB081 AB002,AB026 AB081 AB002,0,2,2,2,2
3,AB100 AB081 AB002,AB026 AB081 AB002,0,2,2,2,2
3,AB077 AB081 AB002,AB077 AB081 AB003,2,2,3,2,3
3,AB001 AB081 AB009,AB001 AB081 AB002,2,3,2,2,2
3,AB027 AB059 AB006,AB008 AB059 AB006,0,4,2,4,2
3,AB010 A325 AB017,AB010 AB045 AB017,1,3,2,2,2
3,AB037 AB001 AB027,AB041 AB001 AB027,0,2,2,2,2
3,AB059 AB006 AB037,AB059 AB006 AB004,2,4,2,4,1
3,A301 A707 A704,AB002 A707 A704,0,2,3,2,2
3,A301 A707 A704,A304 A707 A704,0,2,2,2,2
3,A301 A707 A704,AB118 A707 A704,0,2,2,2,1
3,A301 A707 A704,A303 A707 A704,0,2,4,2,4
3,AB002 A707 A704,A304 A707 A704,0,3,2,2,2
3,AB002 A707 A704,AB118 A707 A704,0,3,2,2,1
3,AB002 A707 A704,A303 A707 A704,0,3,4,2,4
3,A304 A707 A704,AB118 A707 A704,0,2,2,2,1
3,A304 A707 A704,A303 A707 A704,0,2,4,2,4
3,AB118 A707 A704,A303 A707 A704,0,2,4,1,4
3,AB120 AB302 AB030,AB120 AB302 A707,2,2,2,2,2
3,AB302 AB030 AB131,A608 AB030 AB131,0,2,2,2,2
3,AB024 AB073 AB006,AB010 AB073 AB006,0,2,2,2,2
3,AB024 AB073 AB006,AB081 AB073 AB006,0,2,4,2,3
3,AB010 AB073 AB006,AB081 AB073 AB006,0,2,4,2,3
3,AB003 AB060 AB024,AB003 AB059 AB024,1,4,2,4,2
3,AB016 AB055 AB080,AB028 AB055 AB080,0,2,4,2,4
3,AB080 AB077 AB053,AB080 AB077 AB028,2,2,3,2,3
3,AB056 AB055 AB069,AB056 AB006 AB069,1,2,2,2,2
3,AB056 AB055 AB069,AB056 AB055 AB003,2,2,2,2,2
3,AB081 AB056 AB006,AB081 AB073 AB006,1,2,4,2,3
3,AB017 AB001 AB041,AB030 AB001 AB041,0,2,2,2,2
3,A324 AB007 AB060,AB079 AB007 AB060,0,3,2,3,2
3,A704 AB067 AB002,A706 AB067 AB002,0,3,2,1,2
3,A704 AB067 AB002,A704 AB081 AB002,1,3,2,1,2
3,AB067 AB002 A711,AB067 AB002 A707,2,2,2,1,1
3,AB067 AB002 A707,AB081 AB002 A707,0,2,4,1,4
3,A707 A704 AB001,A707 A704 A610,2,3,2,3,2
3,A707 A704 AB001,A707 A704 AB030,2,3,2,3,2
3,A707 A704 A610,A707 A704 AB030,2,2,2,2,2
3,AB077 AB081 AB003,AB006 AB081 AB003,0,3,2,3,2
3,AB076 AB120 AB030,AB076 A303 AB030,1,2,2,2,2
3,AB008 AB053 AB030,AB008 AB053 AB028,2,2,2,2,1
3,AB037 AB037 AB081,AB037 AB037 A319,2,2,2,2,2
3,AB026 AB081 AB002,AB026 AB081 AB030,2,2,3,2,3
3,AB054 AB051 AB030,AB054 AB007 AB030,1,2,2,2,2
3,AB077 AB026 AB081,AB031 AB026 AB081,0,2,2,2,2
3,AB031 AB026 AB007,AB031 AB026 AB081,2,2,2,2,2
3,AB003 AB059 AB024,AB003 AB059 AB001,2,2,2,2,2
3,AB008 AB051 AB031,AB008 AB051 AB017,2,2,2,2,2
4,AB002 AB031 AB076 A303,AB041 AB031 AB076 A303,0,2,2,2,2
4,AB031 AB076 AB120 AB302,AB031 AB076 AB120 AB030,3,3,2,3,2
4,AB081 AB056 AB055 AB069,AB081 AB056 AB006 AB069,2,2,2,2,2
4,AB081 AB056 AB055 AB069,AB081 AB056 AB055 AB003,3,2,2,2,2
4,AB017 AB001 AB041 AB118,AB030 AB001 AB041 AB118,0,2,2,2,2
4,AB031 AB076 AB120 AB030,AB031 AB076 A303 AB030,2,2,2,2,2
