relation,added_sign,base,expanded,base_count,expanded_count,union_documents
initial_addition,AB030,AB060,AB030 AB060,7,1,8
final_addition,AB060,AB030,AB030 AB060,1,1,2
initial_addition,AB031,AB059,AB031 AB059,11,1,12
final_addition,AB059,AB031,AB031 AB059,1,1,2
initial_addition,AB001,AB028,AB001 AB028,7,2,9
final_addition,AB028,AB001,AB001 AB028,2,2,4
initial_addition,AB028,AB016 AB118,AB028 AB016 AB118,1,2,3
final_addition,AB044,AB002,AB002 AB044,10,1,11
initial_addition,AB056,AB188,AB056 AB188,1,1,2
final_addition,AB188,AB056,AB056 AB188,2,1,3
final_addition,AB058,AB008 AB053,AB008 AB053 AB058,3,1,3
initial_addition,AB080,AB007,AB080 AB007,4,6,9
final_addition,AB007,AB080,AB080 AB007,4,6,9
initial_addition,AB051,AB053,AB051 AB053,2,1,3
final_addition,AB053,AB051,AB051 AB053,4,1,5
initial_addition,AB008,AB073,AB008 AB073,3,2,5
final_addition,AB073,AB008,AB008 AB073,14,2,15
initial_addition,AB003,AB059,AB003 AB059,11,1,12
final_addition,AB059,AB003,AB003 AB059,4,1,5
final_addition,A331,AB028,AB028 A331,7,1,8
initial_addition,AB057,AB060,AB057 AB060,7,1,8
final_addition,AB060,AB057,AB057 AB060,7,1,7
initial_addition,AB051,AB077,AB051 AB077,8,1,8
final_addition,AB077,AB051,AB051 AB077,4,1,5
initial_addition,AB041,AB051,AB041 AB051,4,1,4
final_addition,AB051,AB041,AB041 AB051,13,1,12
initial_addition,AB081,AB001,AB081 AB001,2,1,3
final_addition,AB001,AB081,AB081 AB001,10,1,11
final_addition,AB049,AB010,AB010 AB049,5,2,6
initial_addition,AB060,AB004,AB060 AB004,6,1,7
final_addition,AB004,AB060,AB060 AB004,7,1,8
initial_addition,AB061,AB037,AB061 AB037,4,1,4
final_addition,AB037,AB061,AB061 AB037,2,1,3
final_addition,AB045,AB060 AB053,AB060 AB053 AB045,1,1,2
final_addition,AB002,AB008 AB001,AB008 AB001 AB002,1,1,2
initial_addition,AB051,AB057,AB051 AB057,7,1,7
final_addition,AB057,AB051,AB051 AB057,4,1,5
initial_addition,AB006,AB067,AB006 AB067,7,1,8
final_addition,AB067,AB006,AB006 AB067,7,1,8
final_addition,AB131,AB081 AB060,AB081 AB060 AB131,1,1,2
initial_addition,AB027,AB037,AB027 AB037,4,1,3
final_addition,AB037,AB027,AB027 AB037,8,1,9
initial_addition,AB057,AB078,AB057 AB078,6,1,7
final_addition,AB078,AB057,AB057 AB078,7,1,7
final_addition,AB007,AB031 AB060,AB031 AB060 AB007,1,1,2
initial_addition,AB080,AB041 AB051,AB080 AB041 AB051,1,1,2
final_addition,AB051,AB080 AB041,AB080 AB041 AB051,1,1,2
initial_addition,AB008,AB003 AB060 AB024,AB008 AB003 AB060 AB024,2,2,4
initial_addition,AB007,AB041,AB007 AB041,13,1,12
final_addition,AB041,AB007,AB007 AB041,4,1,5
initial_addition,AB080,AB053,AB080 AB053,2,1,3
final_addition,AB053,AB080,AB080 AB053,4,1,5
initial_addition,AB057,AB041,AB057 AB041,13,1,11
final_addition,AB041,AB057,AB057 AB041,7,1,7
initial_addition,AB001,AB010 AB049,AB001 AB010 AB049,2,1,3
initial_addition,AB008,AB045,AB008 AB045,3,1,4
final_addition,AB045,AB008,AB008 AB045,14,1,14
initial_addition,AB050,AB045,AB050 AB045,3,1,4
final_addition,AB045,AB050,AB050 AB045,2,1,3
initial_addition,AB080,AB026,AB080 AB026,6,1,7
final_addition,AB026,AB080,AB080 AB026,4,1,5
initial_addition,AB058,AB027,AB058 AB027,8,1,9
final_addition,AB027,AB058,AB058 AB027,2,1,3
initial_addition,AB060,AB080 AB041,AB060 AB080 AB041,1,1,2
initial_addition,AB010,AB066,AB010 AB066,2,1,3
final_addition,AB066,AB010,AB010 AB066,5,1,6
initial_addition,AB070,AB026,AB070 AB026,6,1,7
final_addition,AB026,AB070,AB070 AB026,1,1,2
final_addition,A321,AB081,AB081 A321,10,1,11
initial_addition,AB030,AB073,AB030 AB073,3,1,4
final_addition,AB073,AB030,AB030 AB073,1,1,2
initial_addition,AB073,AB069,AB073 AB069,7,2,9
final_addition,AB069,AB073,AB073 AB069,3,2,4
initial_addition,AB057,AB027,AB057 AB027,8,1,9
final_addition,AB027,AB057,AB057 AB027,7,1,7
initial_addition,AB051,AB027 AB017,AB051 AB027 AB017,3,1,4
initial_addition,AB077,AB065,AB077 AB065,2,1,3
final_addition,AB065,AB077,AB077 AB065,8,1,9
initial_addition,AB002,AB041 AB060,AB002 AB041 AB060,1,1,2
final_addition,AB057,AB008 AB080,AB008 AB080 AB057,3,1,4
initial_addition,AB008,AB059,AB008 AB059,11,1,12
final_addition,AB059,AB008,AB008 AB059,14,1,14
initial_addition,AB026,AB031,AB026 AB031,1,1,2
final_addition,AB031,AB026,AB026 AB031,6,1,7
initial_addition,AB188,AB086,AB188 AB086,5,1,6
final_addition,AB086,AB188,AB188 AB086,1,1,2
initial_addition,AB081,AB073 AB006,AB081 AB073 AB006,1,1,2
initial_addition,AB077,AB081 AB003,AB077 AB081 AB003,5,3,8
final_addition,AB003,AB077 AB081,AB077 AB081 AB003,1,3,4
initial_addition,AB069,AB003,AB069 AB003,4,1,5
final_addition,AB003,AB069,AB069 AB003,7,1,8
final_addition,AB024,AB041 AB067,AB041 AB067 AB024,1,1,2
final_addition,A345,AB057,AB057 A345,7,1,7
final_addition,A312,AB023,AB023 A312,1,1,2
initial_addition,AB078,AB058 AB050,AB078 AB058 AB050,1,1,2
final_addition,AB009,AB051 AB027 AB017,AB051 AB027 AB017 AB009,1,3,4
initial_addition,AB010,AB037,AB010 AB037,4,1,4
final_addition,AB037,AB010,AB010 AB037,5,1,6
initial_addition,AB008,AB028,AB008 AB028,7,1,8
final_addition,AB028,AB008,AB008 AB028,14,1,14
initial_addition,AB003,AB057 AB027,AB003 AB057 AB027,1,4,5
final_addition,AB027,AB003 AB057,AB003 AB057 AB027,1,4,5
final_addition,AB079,AB081 AB003,AB081 AB003 AB079,5,1,6
initial_addition,AB009,AB041,AB009 AB041,13,1,12
final_addition,AB041,AB009,AB009 AB041,4,1,5
final_addition,AB067,AB008 AB003,AB008 AB003 AB067,2,1,3
initial_addition,AB055,AB027,AB055 AB027,8,1,9
final_addition,AB027,AB055,AB055 AB027,2,1,3
final_addition,AB078,AB003 AB059,AB003 AB059 AB078,1,1,2
final_addition,AB078,AB081 AB073 AB006,AB081 AB073 AB006 AB078,1,1,2
initial_addition,AB059,AB073,AB059 AB073,3,1,4
final_addition,AB073,AB059,AB059 AB073,11,1,11
initial_addition,AB081,AB039,AB081 AB039,2,1,3
final_addition,AB039,AB081,AB081 AB039,10,1,11
initial_addition,AB030,AB059,AB030 AB059,11,1,11
final_addition,AB059,AB030,AB030 AB059,1,1,2
initial_addition,AB077,AB024,AB077 AB024,5,1,6
final_addition,AB024,AB077,AB077 AB024,8,1,9
initial_addition,AB057,AB081,AB057 AB081,10,1,11
final_addition,AB081,AB057,AB057 AB081,7,1,7
initial_addition,AB026,AB007,AB026 AB007,4,1,5
final_addition,AB007,AB026,AB026 AB007,6,1,7
initial_addition,AB081,AB080 AB065,AB081 AB080 AB065,1,1,2
initial_addition,AB013,AB017,AB013 AB017,3,2,5
final_addition,AB017,AB013,AB013 AB017,2,2,4
initial_addition,AB004,AB069,AB004 AB069,7,3,10
final_addition,AB069,AB004,AB004 AB069,6,3,9
initial_addition,AB057,AB058,AB057 AB058,2,1,3
final_addition,AB058,AB057,AB057 AB058,7,1,7
initial_addition,AB038,AB077,AB038 AB077,8,1,9
initial_addition,AB081,AB003,AB081 AB003,4,5,9
final_addition,AB003,AB081,AB081 AB003,10,5,15
final_addition,AB038,AB073 AB001,AB073 AB001 AB038,1,1,2
initial_addition,AB118,AB073,AB118 AB073,3,1,4
initial_addition,AB041,AB050,AB041 AB050,2,1,3
final_addition,AB050,AB041,AB041 AB050,13,1,12
initial_addition,AB055,AB009,AB055 AB009,4,1,5
final_addition,AB009,AB055,AB055 AB009,2,1,3
initial_addition,AB069,AB080,AB069 AB080,4,1,5
final_addition,AB080,AB069,AB069 AB080,7,1,8
initial_addition,AB081,AB002,AB081 AB002,10,34,41
final_addition,AB002,AB081,AB081 AB002,10,34,39
initial_addition,A312,AB059,A312 AB059,11,1,12
initial_addition,AB073,AB067 AB031 AB024,AB073 AB067 AB031 AB024,1,1,2
initial_addition,AB056,AB030,AB056 AB030,1,2,3
final_addition,AB030,AB056,AB056 AB030,2,2,4
final_addition,AB057,AB003 AB009,AB003 AB009 AB057,2,3,5
initial_addition,AB027,AB002,AB027 AB002,10,1,11
final_addition,AB002,AB027,AB027 AB002,8,1,9
final_addition,AB118,AB008 AB041,AB008 AB041 AB118,1,1,2
initial_addition,AB037,AB031,AB037 AB031,1,1,2
final_addition,AB031,AB037,AB037 AB031,4,1,4
initial_addition,AB078,AB050,AB078 AB050,2,2,4
final_addition,AB050,AB078,AB078 AB050,6,2,8
initial_addition,AB051,AB060,AB051 AB060,7,1,8
final_addition,AB060,AB051,AB051 AB060,4,1,5
initial_addition,AB027,AB017,AB027 AB017,3,3,6
final_addition,AB017,AB027,AB027 AB017,8,3,11
initial_addition,AB059,AB059,AB059 AB059,11,1,12
final_addition,AB059,AB059,AB059 AB059,11,1,12
final_addition,AB037,AB053 AB026 AB080,AB053 AB026 AB080 AB037,1,1,2
initial_addition,AB050,AB131,AB050 AB131,1,2,3
final_addition,AB131,AB050,AB050 AB131,2,2,4
initial_addition,AB077,AB031 AB026,AB077 AB031 AB026,6,1,7
final_addition,AB026,AB077 AB031,AB077 AB031 AB026,1,1,2
initial_addition,AB028,AB081 AB039,AB028 AB081 AB039,1,1,2
initial_addition,AB040,AB057,AB040 AB057,7,1,7
final_addition,AB057,AB040,AB040 AB057,2,1,3
initial_addition,AB040,AB007 AB006,AB040 AB007 AB006,2,1,3
initial_addition,AB073,AB059,AB073 AB059,11,1,12
final_addition,AB059,AB073,AB073 AB059,3,1,4
initial_addition,AB059,AB010,AB059 AB010,5,1,6
final_addition,AB010,AB059,AB059 AB010,11,1,12
initial_addition,AB077,AB031,AB077 AB031,1,1,2
final_addition,AB031,AB077,AB077 AB031,8,1,9
final_addition,AB072,AB031,AB031 AB072,1,1,2
initial_addition,AB041,AB028 AB041,AB041 AB028 AB041,1,1,2
initial_addition,AB026,AB039,AB026 AB039,2,1,3
final_addition,AB039,AB026,AB026 AB039,6,1,7
initial_addition,AB008,AB067 AB002,AB008 AB067 AB002,16,1,13
final_addition,AB002,AB031 AB080,AB031 AB080 AB002,4,1,5
initial_addition,AB039,AB061,AB039 AB061,2,1,3
final_addition,AB061,AB039,AB039 AB061,2,1,3
final_addition,AB123,AB004,AB004 AB123,6,1,7
initial_addition,AB008,AB031 AB076,AB008 AB031 AB076,17,1,18
initial_addition,AB008,AB060 AB006 AB027,AB008 AB060 AB006 AB027,1,1,2
initial_addition,AB065,AB060,AB065 AB060,7,1,8
final_addition,AB060,AB065,AB065 AB060,2,1,3
initial_addition,AB026,AB076,AB026 AB076,1,1,2
final_addition,AB076,AB026,AB026 AB076,6,1,7
initial_addition,A358,AB030,A358 AB030,1,1,2
initial_addition,AB034,AB037 AB053,AB034 AB037 AB053,1,1,2
final_addition,AB006,AB008 AB059,AB008 AB059 AB006,1,1,2
final_addition,AB078,AB031 AB002,AB031 AB002 AB078,4,1,5
initial_addition,AB079,AB058,AB079 AB058,2,1,3
final_addition,AB058,AB079,AB079 AB058,3,1,4
initial_addition,AB056,AB001 AB081 AB009 AB024,AB056 AB001 AB081 AB009 AB024,1,1,1
initial_addition,AB028,A308,AB028 A308,1,1,2
final_addition,A308,AB028,AB028 A308,7,1,8
final_addition,AB038,AB002,AB002 AB038,10,1,11
final_addition,AB060,AB031 AB060,AB031 AB060 AB060,1,1,2
initial_addition,AB026,AB006,AB026 AB006,7,1,8
final_addition,AB006,AB026,AB026 AB006,6,1,7
initial_addition,AB031,AB024,AB031 AB024,5,1,6
final_addition,AB024,AB031,AB031 AB024,1,1,2
final_addition,AB023,AB081 AB060,AB081 AB060 AB023,1,1,2
initial_addition,AB080,AB041,AB080 AB041,13,1,12
final_addition,AB041,AB080,AB080 AB041,4,1,5
initial_addition,AB041,AB001 AB027,AB041 AB001 AB027,6,2,8
final_addition,AB038,AB057 AB041,AB057 AB041 AB038,1,1,2
initial_addition,AB041,AB026,AB041 AB026,6,1,7
final_addition,AB026,AB041,AB041 AB026,13,1,12
initial_addition,AB057,AB040,AB057 AB040,2,1,3
final_addition,AB040,AB057,AB057 AB040,7,1,7
initial_addition,AB077,AB037,AB077 AB037,4,1,4
final_addition,AB037,AB077,AB077 AB037,8,1,9
initial_addition,AB045,AB073,AB045 AB073,3,1,4
final_addition,AB073,AB045,AB045 AB073,3,1,4
initial_addition,AB008,A301,AB008 A301,2,1,3
final_addition,A301,AB008,AB008 A301,14,1,13
initial_addition,AB031,AB076,AB031 AB076,1,17,17
final_addition,AB076,AB031,AB031 AB076,1,17,18
final_addition,AB023,AB057 AB031,AB057 AB031 AB023,1,1,2
initial_addition,AB080,AB027,AB080 AB027,8,1,9
final_addition,AB027,AB080,AB080 AB027,4,1,5
initial_addition,AB008,AB065,AB008 AB065,2,2,4
final_addition,AB065,AB008,AB008 AB065,14,2,15
initial_addition,AB001,AB017,AB001 AB017,3,1,4
final_addition,AB017,AB001,AB001 AB017,2,1,3
initial_addition,A305,AB026,A305 AB026,6,1,7
initial_addition,AB028,AB026 AB057,AB028 AB026 AB057,1,1,2
initial_addition,AB077,AB007,AB077 AB007,4,2,6
final_addition,AB007,AB077,AB077 AB007,8,2,10
initial_addition,AB031,AB073 AB001 AB038,AB031 AB073 AB001 AB038,1,1,2
initial_addition,AB008,AB051,AB008 AB051,4,9,13
final_addition,AB051,AB008,AB008 AB051,14,9,22
initial_addition,AB031,AB002,AB031 AB002,10,4,14
final_addition,AB002,AB031,AB031 AB002,1,4,5
final_addition,A305,AB009,AB009 A305,4,1,5
initial_addition,AB001,AB067,AB001 AB067,7,1,8
final_addition,AB067,AB001,AB001 AB067,2,1,3
initial_addition,AB081,AB027,AB081 AB027,8,2,10
final_addition,AB027,AB081,AB081 AB027,10,2,11
initial_addition,AB081,AB030,AB081 AB030,1,2,3
final_addition,AB030,AB081,AB081 AB030,10,2,12
initial_addition,AB007,AB003 AB057,AB007 AB003 AB057,1,1,2
final_addition,AB056,AB057 AB067,AB057 AB067 AB056,1,1,2
final_addition,A329,AB100,AB100 A329,1,1,2
final_addition,AB010,AB007 AB006,AB007 AB006 AB010,2,5,6
initial_addition,AB026,AB080,AB026 AB080,4,1,5
final_addition,AB080,AB026,AB026 AB080,6,1,7
initial_addition,AB070,AB057,AB070 AB057,7,1,7
final_addition,AB057,AB070,AB070 AB057,1,1,2
initial_addition,AB041,AB100,AB041 AB100,1,1,2
final_addition,AB100,AB041,AB041 AB100,13,1,12
initial_addition,AB069,AB058,AB069 AB058,2,1,3
final_addition,AB058,AB069,AB069 AB058,7,1,8
initial_addition,AB081,AB077,AB081 AB077,8,1,9
final_addition,AB077,AB081,AB081 AB077,10,1,11
initial_addition,AB004,AB004,AB004 AB004,6,1,7
final_addition,AB004,AB004,AB004 AB004,6,1,7
initial_addition,AB028,AB051 AB037,AB028 AB051 AB037,1,1,2
initial_addition,AB067,AB001,AB067 AB001,2,1,3
final_addition,AB001,AB067,AB067 AB001,7,1,8
initial_addition,AB003,AB017,AB003 AB017,3,1,4
final_addition,AB017,AB003,AB003 AB017,4,1,5
initial_addition,AB067,AB037,AB067 AB037,4,1,4
final_addition,AB037,AB067,AB067 AB037,7,1,8
initial_addition,AB077,AB026,AB077 AB026,6,2,8
final_addition,AB026,AB077,AB077 AB026,8,2,10
final_addition,AB059,AB067 AB001,AB067 AB001 AB059,1,1,2
final_addition,AB057,A306 AB069,A306 AB069 AB057,4,1,5
final_addition,AB002,AB007 AB006,AB007 AB006 AB002,2,1,3
final_addition,A305,AB053,AB053 A305,2,1,3
initial_addition,AB008,AB077 AB026,AB008 AB077 AB026,2,3,5
initial_addition,AB041,AB006,AB041 AB006,7,1,8
final_addition,AB006,AB041,AB041 AB006,13,1,12
initial_addition,AB081,AB009,AB081 AB009,4,1,5
final_addition,AB009,AB081,AB081 AB009,10,1,11
final_addition,AB037,AB031 AB080,AB031 AB080 AB037,4,1,5
initial_addition,AB031,AB050,AB031 AB050,2,1,3
final_addition,AB050,AB031,AB031 AB050,1,1,2
final_addition,AB053,AB081 AB003,AB081 AB003 AB053,5,1,6
final_addition,AB021,AB057,AB057 AB021,7,2,8
initial_addition,AB058,AB051,AB058 AB051,4,1,5
final_addition,AB051,AB058,AB058 AB051,2,1,3
final_addition,A304,AB057,AB057 A304,7,1,7
initial_addition,AB059,AB037,AB059 AB037,4,2,5
final_addition,AB037,AB059,AB059 AB037,11,2,13
initial_addition,AB039,AB031,AB039 AB031,1,2,3
final_addition,AB031,AB039,AB039 AB031,2,2,4
final_addition,AB027,AB051 AB060,AB051 AB060 AB027,1,1,2
initial_addition,AB077,AB055 AB037,AB077 AB055 AB037,2,1,3
initial_addition,AB050,AB076,AB050 AB076,1,2,3
final_addition,AB076,AB050,AB050 AB076,2,2,4
final_addition,AB060,AB008 AB026,AB008 AB026 AB060,1,1,2
initial_addition,AB081,AB003 AB057,AB081 AB003 AB057,1,1,2
final_addition,AB057,AB081 AB003,AB081 AB003 AB057,5,1,6
initial_addition,AB007,AB045,AB007 AB045,3,1,4
final_addition,AB045,AB007,AB007 AB045,4,1,5
initial_addition,AB001,AB056,AB001 AB056,2,1,3
final_addition,AB056,AB001,AB001 AB056,2,1,3
final_addition,AB078,AB077 AB003,AB077 AB003 AB078,5,1,5
initial_addition,AB008,AB006,AB008 AB006,7,2,9
final_addition,AB006,AB008,AB008 AB006,14,2,15
initial_addition,AB076,AB051,AB076 AB051,4,1,5
final_addition,AB051,AB076,AB076 AB051,1,1,2
initial_addition,AB073,AB001,AB073 AB001,2,1,3
final_addition,AB001,AB073,AB073 AB001,3,1,4
initial_addition,AB054,AB057 AB039,AB054 AB057 AB039,1,1,2
initial_addition,AB039,AB055,AB039 AB055,2,1,3
final_addition,AB055,AB039,AB039 AB055,2,1,3
final_addition,A321,AB017,AB017 A321,3,1,4
initial_addition,AB029,AB076,AB029 AB076,1,1,2
final_addition,AB009,AB026 AB080 AB059,AB026 AB080 AB059 AB009,2,1,3
final_addition,AB026,AB007 AB045,AB007 AB045 AB026,1,2,3
initial_addition,AB038,AB073,AB038 AB073,3,1,4
initial_addition,AB073,AB037,AB073 AB037,4,1,4
final_addition,AB037,AB073,AB073 AB037,3,1,4
initial_addition,A306,AB069,A306 AB069,7,4,11
final_addition,AB069,A306,A306 AB069,1,4,5
initial_addition,AB041,AB067,AB041 AB067,7,1,8
final_addition,AB067,AB041,AB041 AB067,13,1,12
initial_addition,AB077,AB076,AB077 AB076,1,1,2
final_addition,AB076,AB077,AB077 AB076,8,1,9
initial_addition,AB077,AB003,AB077 AB003,4,5,9
final_addition,AB003,AB077,AB077 AB003,8,5,13
initial_addition,AB028,AB001,AB028 AB001,2,2,4
final_addition,AB001,AB028,AB028 AB001,7,2,9
initial_addition,AB006,AB073,AB006 AB073,3,1,4
final_addition,AB073,AB006,AB006 AB073,7,1,8
final_addition,AB037,AB001 AB081 AB009 AB024,AB001 AB081 AB009 AB024 AB037,1,1,2
initial_addition,AB050,AB070,AB050 AB070,1,1,2
final_addition,AB070,AB050,AB050 AB070,2,1,3
initial_addition,AB008,AB081 AB073 AB006,AB008 AB081 AB073 AB006,1,1,2
final_addition,AB027,AB008 AB059,AB008 AB059 AB027,1,1,2
initial_addition,AB077,AB028 AB077,AB077 AB028 AB077,2,1,3
initial_addition,AB028,AB037,AB028 AB037,4,2,5
final_addition,AB037,AB028,AB028 AB037,7,2,9
final_addition,AB017,AB008 AB051,AB008 AB051 AB017,9,2,11
initial_addition,AB077,AB006,AB077 AB006,7,2,9
final_addition,AB006,AB077,AB077 AB006,8,2,10
initial_addition,AB003,AB001,AB003 AB001,2,1,3
final_addition,AB001,AB003,AB003 AB001,4,1,5
initial_addition,AB026,AB030,AB026 AB030,1,1,2
final_addition,AB030,AB026,AB026 AB030,6,1,7
final_addition,AB011,AB031,AB031 AB011,1,1,2
final_addition,AB065,AB081 AB027,AB081 AB027 AB065,2,2,3
initial_addition,A322,AB053,A322 AB053,2,1,3
initial_addition,AB006,AB001 AB027,AB006 AB001 AB027,6,1,7
initial_addition,AB041,AB060,AB041 AB060,7,1,8
final_addition,AB060,AB041,AB041 AB060,13,1,12
initial_addition,AB026,AB057,AB026 AB057,7,1,7
final_addition,AB057,AB026,AB026 AB057,6,1,7
initial_addition,AB021,AB069,AB021 AB069,7,1,8
initial_addition,AB008,AB059 AB006 AB004,AB008 AB059 AB006 AB004,1,1,1
final_addition,AB004,AB008 AB059 AB006,AB008 AB059 AB006 AB004,1,1,2
initial_addition,AB040,AB057 AB058,AB040 AB057 AB058,1,1,2
final_addition,AB058,AB040 AB057,AB040 AB057 AB058,1,1,2
initial_addition,AB060,AB053,AB060 AB053,2,1,3
final_addition,AB053,AB060,AB060 AB053,7,1,8
initial_addition,AB077,AB067,AB077 AB067,7,2,8
final_addition,AB067,AB077,AB077 AB067,8,2,9
initial_addition,A320,AB006,A320 AB006,7,1,8
final_addition,AB006,A320,A320 AB006,1,1,2
initial_addition,AB031,AB053,AB031 AB053,2,1,3
final_addition,AB053,AB031,AB031 AB053,1,1,2
initial_addition,AB003,AB027,AB003 AB027,8,1,9
final_addition,AB027,AB003,AB003 AB027,4,1,5
initial_addition,AB031,AB026,AB031 AB026,6,6,12
final_addition,AB026,AB031,AB031 AB026,1,6,7
initial_addition,AB041,AB067 AB060,AB041 AB067 AB060,2,1,3
final_addition,AB060,AB041 AB067,AB041 AB067 AB060,1,1,2
initial_addition,AB059,AB039,AB059 AB039,2,1,3
final_addition,AB039,AB059,AB059 AB039,11,1,12
initial_addition,AB037,AB030 AB059,AB037 AB030 AB059,1,1,2
final_addition,AB059,AB037 AB030,AB037 AB030 AB059,1,1,2
initial_addition,AB077,AB080,AB077 AB080,4,1,5
final_addition,AB080,AB077,AB077 AB080,8,1,9
initial_addition,AB046,AB007,AB046 AB007,4,4,8
final_addition,AB007,AB046,AB046 AB007,2,4,6
initial_addition,AB010,AB058,AB010 AB058,2,1,3
final_addition,AB058,AB010,AB010 AB058,5,1,6
initial_addition,AB067,AB002,AB067 AB002,10,16,22
final_addition,AB002,AB067,AB067 AB002,7,16,19
final_addition,AB053,AB069 AB003,AB069 AB003 AB053,1,1,2
initial_addition,AB039,AB059 AB060,AB039 AB059 AB060,1,1,2
final_addition,AB009,AB007 AB067,AB007 AB067 AB009,1,2,3
initial_addition,AB045,AB055,AB045 AB055,2,1,3
final_addition,AB055,AB045,AB045 AB055,3,1,4
initial_addition,AB028,AB081 AB059,AB028 AB081 AB059,1,1,2
initial_addition,AB079,AB051,AB079 AB051,4,2,6
final_addition,AB051,AB079,AB079 AB051,3,2,5
initial_addition,AB008,AB001,AB008 AB001,2,1,3
final_addition,AB001,AB008,AB008 AB001,14,1,14
final_addition,A305,AB081,AB081 A305,10,1,11
final_addition,AB044,AB059,AB059 AB044,11,1,12
final_addition,AB037,AB057 AB081,AB057 AB081 AB037,1,1,2
final_addition,AB040,AB056 AB030,AB056 AB030 AB040,2,1,3
initial_addition,AB058,AB067,AB058 AB067,7,1,8
final_addition,AB067,AB058,AB058 AB067,2,1,3
initial_addition,AB059,AB003,AB059 AB003,4,1,5
final_addition,AB003,AB059,AB059 AB003,11,1,12
initial_addition,AB069,AB058 AB029,AB069 AB058 AB029,1,1,2
final_addition,AB029,AB069 AB058,AB069 AB058 AB029,1,1,2
initial_addition,AB008,AB056,AB008 AB056,2,1,3
final_addition,AB056,AB008,AB008 AB056,14,1,14
initial_addition,AB051,AB037,AB051 AB037,4,1,4
final_addition,AB037,AB051,AB051 AB037,4,1,5
initial_addition,AB058,AB050,AB058 AB050,2,1,3
final_addition,AB050,AB058,AB058 AB050,2,1,3
initial_addition,AB057,AB067,AB057 AB067,7,1,8
final_addition,AB067,AB057,AB057 AB067,7,1,7
initial_addition,AB003,AB057,AB003 AB057,7,1,7
final_addition,AB057,AB003,AB003 AB057,4,1,5
initial_addition,AB004,A301,AB004 A301,2,2,4
final_addition,A301,AB004,AB004 A301,6,2,8
initial_addition,AB003,AB009,AB003 AB009,4,2,6
final_addition,AB009,AB003,AB003 AB009,4,2,6
initial_addition,AB081,AB060,AB081 AB060,7,1,8
final_addition,AB060,AB081,AB081 AB060,10,1,11
final_addition,AB024,AB003 AB059,AB003 AB059 AB024,1,2,3
initial_addition,AB073,AB076,AB073 AB076,1,1,2
final_addition,AB076,AB073,AB073 AB076,3,1,4
final_addition,AB073,AB057 AB027,AB057 AB027 AB073,1,1,2
final_addition,AB058,AB081 AB030,AB081 AB030 AB058,2,4,6
final_addition,AB024,AB078 AB069,AB078 AB069 AB024,1,1,2
initial_addition,AB024,AB073 AB006,AB024 AB073 AB006,1,1,2
initial_addition,AB041,AB077,AB041 AB077,8,5,13
final_addition,AB077,AB041,AB041 AB077,13,5,16
initial_addition,AB057,AB031,AB057 AB031,1,1,2
final_addition,AB031,AB057,AB057 AB031,7,1,7
initial_addition,AB067,AB027 AB017,AB067 AB027 AB017,3,1,4
initial_addition,AB037,AB030,AB037 AB030,1,1,2
final_addition,AB030,AB037,AB037 AB030,4,1,4
initial_addition,AB045,AB007,AB045 AB007,4,1,5
final_addition,AB007,AB045,AB045 AB007,3,1,4
initial_addition,AB073,AB006,AB073 AB006,7,1,8
final_addition,AB006,AB073,AB073 AB006,3,1,4
initial_addition,A312,AB066,A312 AB066,2,1,3
initial_addition,AB037,AB053,AB037 AB053,2,1,3
final_addition,AB053,AB037,AB037 AB053,4,1,4
final_addition,AB188,AB058 AB029,AB058 AB029 AB188,1,1,2
initial_addition,AB028,AB076,AB028 AB076,1,8,9
final_addition,AB076,AB028,AB028 AB076,7,8,15
initial_addition,AB004,AB079,AB004 AB079,3,1,4
final_addition,AB079,AB004,AB004 AB079,6,1,7
initial_addition,AB051,AB065,AB051 AB065,2,1,3
final_addition,AB065,AB051,AB051 AB065,4,1,5
initial_addition,AB054,AB061 AB073,AB054 AB061 AB073,1,1,2
initial_addition,A301,AB006,A301 AB006,7,1,8
final_addition,AB006,A301,A301 AB006,2,1,3
final_addition,AB027,AB008 AB051,AB008 AB051 AB027,9,1,10
final_addition,A516,AB041,AB041 A516,13,1,12
initial_addition,AB078,AB077,AB078 AB077,8,1,9
final_addition,AB077,AB078,AB078 AB077,6,1,7
final_addition,AB029,AB058,AB058 AB029,2,1,3
initial_addition,A327,AB065,A327 AB065,2,1,3
initial_addition,AB008,AB053,AB008 AB053,2,3,4
final_addition,AB053,AB008,AB008 AB053,14,3,15
final_addition,AB024,AB003 AB060,AB003 AB060 AB024,2,2,4
initial_addition,AB008,AB026,AB008 AB026,6,1,7
final_addition,AB026,AB008,AB008 AB026,14,1,14
final_addition,AB003,AB008 AB053,AB008 AB053 AB003,3,1,3
final_addition,AB004,AB081 AB030,AB081 AB030 AB004,2,1,3
initial_addition,AB016,AB024,AB016 AB024,5,1,6
initial_addition,AB041,AB073 AB059,AB041 AB073 AB059,1,1,2
initial_addition,AB067,AB055,AB067 AB055,2,1,3
final_addition,AB055,AB067,AB067 AB055,7,1,8
initial_addition,AB057,AB037,AB057 AB037,4,1,4
final_addition,AB037,AB057,AB057 AB037,7,1,7
initial_addition,AB008,AB057,AB008 AB057,7,2,8
final_addition,AB057,AB008,AB008 AB057,14,2,15
initial_addition,AB028,AB059 AB057,AB028 AB059 AB057,1,1,2
initial_addition,AB008,AB009,AB008 AB009,4,3,7
final_addition,AB009,AB008,AB008 AB009,14,3,16
initial_addition,AB039,AB059 AB057,AB039 AB059 AB057,1,1,2
initial_addition,AB067,AB060,AB067 AB060,7,2,9
final_addition,AB060,AB067,AB067 AB060,7,2,9
final_addition,A321,AB080,AB080 A321,4,1,5
initial_addition,AB007,AB007,AB007 AB007,4,1,5
final_addition,AB007,AB007,AB007 AB007,4,1,5
initial_addition,AB055,AB040,AB055 AB040,2,1,3
final_addition,AB040,AB055,AB055 AB040,2,1,3
initial_addition,AB061,AB073,AB061 AB073,3,1,4
final_addition,AB073,AB061,AB061 AB073,2,1,3
initial_addition,AB080,AB065,AB080 AB065,2,1,3
final_addition,AB065,AB080,AB080 AB065,4,1,5
initial_addition,A312,AB004 AB004,A312 AB004 AB004,1,1,2
initial_addition,AB057,AB007,AB057 AB007,4,1,5
final_addition,AB007,AB057,AB057 AB007,7,1,7
final_addition,AB054,AB057,AB057 AB054,7,1,6
final_addition,AB059,AB026 AB080,AB026 AB080 AB059,1,2,3
final_addition,AB044,AB004,AB004 AB044,6,1,7
initial_addition,AB002,AB008,AB002 AB008,14,1,14
final_addition,AB008,AB002,AB002 AB008,10,1,11
initial_addition,AB059,AB060,AB059 AB060,7,1,8
final_addition,AB060,AB059,AB059 AB060,11,1,12
initial_addition,AB008,AB039,AB008 AB039,2,1,3
final_addition,AB039,AB008,AB008 AB039,14,1,14
initial_addition,AB080,AB079,AB080 AB079,3,1,4
final_addition,AB079,AB080,AB080 AB079,4,1,5
initial_addition,AB031,AB080,AB031 AB080,4,4,8
final_addition,AB080,AB031,AB031 AB080,1,4,5
final_addition,AB030,AB073 AB001,AB073 AB001 AB030,1,1,2
initial_addition,AB028,AB080,AB028 AB080,4,1,5
final_addition,AB080,AB028,AB028 AB080,7,1,8
initial_addition,AB001,AB060,AB001 AB060,7,1,8
final_addition,AB060,AB001,AB001 AB060,2,1,3
initial_addition,AB039,AB023,AB039 AB023,1,1,2
final_addition,AB023,AB039,AB039 AB023,2,1,3
final_addition,AB024,AB021 AB069,AB021 AB069 AB024,1,3,4
initial_addition,AB041,AB004,AB041 AB004,6,2,8
final_addition,AB004,AB041,AB041 AB004,13,2,13
final_addition,A310,AB067,AB067 A310,7,1,8
initial_addition,AB055,AB037,AB055 AB037,4,2,5
final_addition,AB037,AB055,AB055 AB037,2,2,4
initial_addition,AB008,AB003,AB008 AB003,4,2,6
final_addition,AB003,AB008,AB008 AB003,14,2,15
final_addition,AB028,AB080 AB053,AB080 AB053 AB028,1,1,2
final_addition,AB069,AB008 AB060,AB008 AB060 AB069,2,1,3
initial_addition,A318,A306,A318 A306,1,1,2
initial_addition,AB016,AB067,AB016 AB067,7,1,8
final_addition,AB031,AB016 AB118,AB016 AB118 AB031,1,1,2
initial_addition,AB077,AB081,AB077 AB081,10,1,10
final_addition,AB081,AB077,AB077 AB081,8,1,9
initial_addition,AB040,AB031,AB040 AB031,1,1,2
final_addition,AB031,AB040,AB040 AB031,2,1,3
initial_addition,A352,A306,A352 A306,1,1,2
initial_addition,AB031,AB060,AB031 AB060,7,1,8
final_addition,AB060,AB031,AB031 AB060,1,1,2
initial_addition,AB027,AB058,AB027 AB058,2,1,3
final_addition,AB058,AB027,AB027 AB058,8,1,9
initial_addition,AB081,AB059,AB081 AB059,11,1,12
final_addition,AB059,AB081,AB081 AB059,10,1,11
initial_addition,AB067,AB031 AB024,AB067 AB031 AB024,1,1,2
initial_addition,AB004,AB067,AB004 AB067,7,2,9
final_addition,AB067,AB004,AB004 AB067,6,2,8
final_addition,AB001,AB003 AB059,AB003 AB059 AB001,1,2,3
final_addition,AB002,AB067 AB001,AB067 AB001 AB002,1,2,3
initial_addition,AB023,AB026,AB023 AB026,6,2,7
final_addition,AB026,AB023,AB023 AB026,1,2,3
initial_addition,AB077,AB027 AB002,AB077 AB027 AB002,1,1,2
initial_addition,AB030,AB039,AB030 AB039,2,1,3
final_addition,AB039,AB030,AB030 AB039,1,1,2
initial_addition,AB039,A314,AB039 A314,1,1,2
final_addition,A314,AB039,AB039 A314,2,1,3
initial_addition,AB003,AB060,AB003 AB060,7,2,9
final_addition,AB060,AB003,AB003 AB060,4,2,6
final_addition,AB006,AB056 AB030,AB056 AB030 AB006,2,3,4
initial_addition,AB001,AB027,AB001 AB027,8,6,14
final_addition,AB027,AB001,AB001 AB027,2,6,8
initial_addition,AB057,AB039,AB057 AB039,2,1,3
final_addition,AB039,AB057,AB057 AB039,7,1,7
initial_addition,AB001,AB059 AB060,AB001 AB059 AB060,1,1,2
initial_addition,AB051,AB067,AB051 AB067,7,1,8
final_addition,AB067,AB051,AB051 AB067,4,1,5
initial_addition,AB041,AB069,AB041 AB069,7,2,9
final_addition,AB069,AB041,AB041 AB069,13,2,13
initial_addition,AB073,AB027,AB073 AB027,8,1,9
final_addition,AB027,AB073,AB073 AB027,3,1,4
initial_addition,AB058,AB003,AB058 AB003,4,1,5
final_addition,AB003,AB058,AB058 AB003,2,1,3
initial_addition,AB026,AB073,AB026 AB073,3,1,4
final_addition,AB073,AB026,AB026 AB073,6,1,7
initial_addition,AB001,AB077,AB001 AB077,8,5,13
final_addition,AB077,AB001,AB001 AB077,2,5,7
initial_addition,AB188,AB051,AB188 AB051,4,2,6
final_addition,AB051,AB188,AB188 AB051,1,2,3
initial_addition,AB028,AB041,AB028 AB041,13,1,12
final_addition,AB041,AB028,AB028 AB041,7,1,8
initial_addition,AB059,AB057,AB059 AB057,7,1,7
final_addition,AB057,AB059,AB059 AB057,11,1,12
initial_addition,AB008,AB080,AB008 AB080,4,3,7
final_addition,AB080,AB008,AB008 AB080,14,3,16
initial_addition,AB118,AB077,AB118 AB077,8,1,9
initial_addition,AB057,AB003,AB057 AB003,4,1,5
final_addition,AB003,AB057,AB057 AB003,7,1,7
initial_addition,AB010,AB065,AB010 AB065,2,1,3
final_addition,AB065,AB010,AB010 AB065,5,1,6
initial_addition,AB007,AB006,AB007 AB006,7,2,9
final_addition,AB006,AB007,AB007 AB006,4,2,6
initial_addition,AB080,AB017,AB080 AB017,3,1,4
final_addition,AB017,AB080,AB080 AB017,4,1,5
final_addition,AB047,AB028,AB028 AB047,7,1,8
initial_addition,AB073,AB077,AB073 AB077,8,1,9
final_addition,AB077,AB073,AB073 AB077,3,1,3
initial_addition,AB016,AB056,AB016 AB056,2,1,3
initial_addition,AB078,AB069,AB078 AB069,7,1,8
final_addition,AB069,AB078,AB078 AB069,6,1,7
initial_addition,AB078,AB081 AB027,AB078 AB081 AB027,2,1,3
initial_addition,AB077,AB046,AB077 AB046,2,1,3
final_addition,AB046,AB077,AB077 AB046,8,1,9
initial_addition,AB001,AB013,AB001 AB013,2,3,5
final_addition,AB013,AB001,AB001 AB013,2,3,5
final_addition,AB047,AB003,AB003 AB047,4,1,5
final_addition,A350,AB008 AB059,AB008 AB059 A350,1,1,2
initial_addition,AB081,AB026 AB080,AB081 AB026 AB080,1,1,2
final_addition,AB030,AB003 AB001,AB003 AB001 AB030,1,1,2
initial_addition,AB100,AB028,AB100 AB028,7,2,9
final_addition,AB028,AB100,AB100 AB028,1,2,3
initial_addition,AB028,AB077,AB028 AB077,8,2,10
final_addition,AB077,AB028,AB028 AB077,7,2,9
final_addition,AB081,AB001 AB027,AB001 AB027 AB081,6,1,7
final_addition,AB016,AB077,AB077 AB016,8,1,9
initial_addition,AB008,AB060,AB008 AB060,7,2,9
final_addition,AB060,AB008,AB008 AB060,14,2,15
initial_addition,AB041,AB004 AB069,AB041 AB004 AB069,3,1,4
final_addition,AB069,AB041 AB004,AB041 AB004 AB069,2,1,3
initial_addition,AB005,AB013,AB005 AB013,2,1,3
final_addition,AB013,AB005,AB005 AB013,1,1,2
initial_addition,AB008,AB073 AB059,AB008 AB073 AB059,1,1,2
final_addition,AB059,AB008 AB073,AB008 AB073 AB059,2,1,3
final_addition,AB026,AB003 AB001,AB003 AB001 AB026,1,1,2
initial_addition,AB004,AB055 AB027,AB004 AB055 AB027,1,1,2
initial_addition,AB003,AB073,AB003 AB073,3,1,4
final_addition,AB073,AB003,AB003 AB073,4,1,5
initial_addition,AB040,AB051,AB040 AB051,4,1,5
final_addition,AB051,AB040,AB040 AB051,2,1,3
initial_addition,AB028,AB057,AB028 AB057,7,1,7
final_addition,AB057,AB028,AB028 AB057,7,1,8
initial_addition,AB039,AB009,AB039 AB009,4,1,5
final_addition,AB009,AB039,AB039 AB009,2,1,3
initial_addition,AB028,AB009,AB028 AB009,4,2,5
final_addition,AB009,AB028,AB028 AB009,7,2,7
final_addition,A305,AB077,AB077 A305,8,1,9
final_addition,AB065,AB008 AB060,AB008 AB060 AB065,2,1,3
initial_addition,AB007,AB067,AB007 AB067,7,1,8
final_addition,AB067,AB007,AB007 AB067,4,1,5
initial_addition,AB027,AB069,AB027 AB069,7,1,8
final_addition,AB069,AB027,AB027 AB069,8,1,9
initial_addition,AB053,AB057,AB053 AB057,7,1,7
final_addition,AB057,AB053,AB053 AB057,2,1,3
final_addition,AB004,AB051 AB053,AB051 AB053 AB004,1,1,2
initial_addition,AB008,AB041 AB067 AB060,AB008 AB041 AB067 AB060,1,1,2
initial_addition,AB006,AB008 AB056,AB006 AB008 AB056,1,1,2
initial_addition,AB008,AB053 AB057,AB008 AB053 AB057,1,1,2
final_addition,AB057,AB008 AB053,AB008 AB053 AB057,3,1,3
initial_addition,AB028,AB067 AB060,AB028 AB067 AB060,2,1,3
initial_addition,AB028,AB045,AB028 AB045,3,1,4
final_addition,AB045,AB028,AB028 AB045,7,1,8
initial_addition,AB008,AB041,AB008 AB041,13,1,12
final_addition,AB041,AB008,AB008 AB041,14,1,14
initial_addition,AB053,AB026 AB080,AB053 AB026 AB080,1,1,2
final_addition,AB027,AB067 A310,AB067 A310 AB027,1,1,2
initial_addition,AB004,AB053,AB004 AB053,2,2,4
final_addition,AB053,AB004,AB004 AB053,6,2,8
initial_addition,AB078,AB037,AB078 AB037,4,1,4
final_addition,AB037,AB078,AB078 AB037,6,1,7
initial_addition,AB003,AB045,AB003 AB045,3,3,6
final_addition,AB045,AB003,AB003 AB045,4,3,6
